2026-09-09 12:20:35,041 [Worker-6: Loading available Gradle versions] INFO  o.e.b.c.i.u.g.PublishedGradleVersions - Gradle version information cache is not available. Remote download required.
2026-09-09 12:38:01,811 [Worker-1: Loading available Gradle versions] INFO  o.e.b.c.i.u.g.PublishedGradleVersions - Gradle version information cache is up-to-date. Trying to read.
2026-09-11 15:28:23,887 [Worker-2: Loading available Gradle versions] INFO  o.e.b.c.i.u.g.PublishedGradleVersions - Gradle version information cache is out-of-date. Trying to update.
2026-09-15 10:12:26,700 [Worker-5: Loading available Gradle versions] INFO  o.e.b.c.i.u.g.PublishedGradleVersions - Gradle version information cache is out-of-date. Trying to update.
2026-09-15 10:12:27,057 [Worker-5: Loading available Gradle versions] INFO  o.e.b.c.i.u.g.PublishedGradleVersions - Updating Gradle version information cache failed. Using outdated cache.
2026-09-16 11:24:16,171 [Worker-6: Loading available Gradle versions] INFO  o.e.b.c.i.u.g.PublishedGradleVersions - Gradle version information cache is out-of-date. Trying to update.
2026-09-16 11:24:16,553 [Worker-6: Loading available Gradle versions] INFO  o.e.b.c.i.u.g.PublishedGradleVersions - Updating Gradle version information cache failed. Using outdated cache.
2026-09-17 14:36:31,051 [Worker-2: Loading available Gradle versions] INFO  o.e.b.c.i.u.g.PublishedGradleVersions - Gradle version information cache is out-of-date. Trying to update.
2026-09-18 14:27:59,442 [Worker-7: Loading available Gradle versions] INFO  o.e.b.c.i.u.g.PublishedGradleVersions - Gradle version information cache is up-to-date. Trying to read.
2026-09-18 14:28:43,648 [Worker-7: Loading available Gradle versions] INFO  o.e.b.c.i.u.g.PublishedGradleVersions - Gradle version information cache is up-to-date. Trying to read.
2026-09-22 11:39:31,425 [Worker-1: Loading available Gradle versions] INFO  o.e.b.c.i.u.g.PublishedGradleVersions - Gradle version information cache is out-of-date. Trying to update.
2026-09-23 11:17:55,106 [Worker-7: Loading available Gradle versions] INFO  o.e.b.c.i.u.g.PublishedGradleVersions - Gradle version information cache is up-to-date. Trying to read.
2026-09-23 14:37:32,508 [Worker-4: Loading available Gradle versions] INFO  o.e.b.c.i.u.g.PublishedGradleVersions - Gradle version information cache is out-of-date. Trying to update.
2026-09-23 14:51:06,399 [Worker-51: Launching mavenrun-2147c179-0b3f-40e6-87a5-e26685dccb27] INFO  o.eclipse.m2e.core.internal.Bundles - getClasspathEntries(Bundle=org.eclipse.m2e.maven.runtime_3.9.1100.20250811-2018 [642])
2026-09-23 14:51:06,401 [Worker-51: Launching mavenrun-2147c179-0b3f-40e6-87a5-e26685dccb27] INFO  o.eclipse.m2e.core.internal.Bundles - 	Entry: C:\Program Files\eclipse\plugins\org.eclipse.m2e.maven.runtime_3.9.1100.20250811-2018
2026-09-23 14:51:06,401 [Worker-51: Launching mavenrun-2147c179-0b3f-40e6-87a5-e26685dccb27] INFO  o.eclipse.m2e.core.internal.Bundles - 	Entry: C:\Program Files\eclipse\plugins\org.eclipse.m2e.maven.runtime_3.9.1100.20250811-2018\jars\aopalliance-1.0.jar
2026-09-23 14:51:06,401 [Worker-51: Launching mavenrun-2147c179-0b3f-40e6-87a5-e26685dccb27] INFO  o.eclipse.m2e.core.internal.Bundles - 	Entry: C:\Program Files\eclipse\plugins\org.eclipse.m2e.maven.runtime_3.9.1100.20250811-2018\jars\asm-9.8.jar
2026-09-23 14:51:06,401 [Worker-51: Launching mavenrun-2147c179-0b3f-40e6-87a5-e26685dccb27] INFO  o.eclipse.m2e.core.internal.Bundles - 	Entry: C:\Program Files\eclipse\plugins\org.eclipse.m2e.maven.runtime_3.9.1100.20250811-2018\jars\error_prone_annotations-2.38.0.jar
2026-09-23 14:51:06,401 [Worker-51: Launching mavenrun-2147c179-0b3f-40e6-87a5-e26685dccb27] INFO  o.eclipse.m2e.core.internal.Bundles - 	Entry: C:\Program Files\eclipse\plugins\org.eclipse.m2e.maven.runtime_3.9.1100.20250811-2018\jars\gson-2.13.1.jar
2026-09-23 14:51:06,402 [Worker-51: Launching mavenrun-2147c179-0b3f-40e6-87a5-e26685dccb27] INFO  o.eclipse.m2e.core.internal.Bundles - 	Entry: C:\Program Files\eclipse\plugins\org.eclipse.m2e.maven.runtime_3.9.1100.20250811-2018\jars\guice-5.1.0-classes.jar
2026-09-23 14:51:06,402 [Worker-51: Launching mavenrun-2147c179-0b3f-40e6-87a5-e26685dccb27] INFO  o.eclipse.m2e.core.internal.Bundles - 	Entry: C:\Program Files\eclipse\plugins\org.eclipse.m2e.maven.runtime_3.9.1100.20250811-2018\jars\httpclient-4.5.14.jar
2026-09-23 14:51:06,402 [Worker-51: Launching mavenrun-2147c179-0b3f-40e6-87a5-e26685dccb27] INFO  o.eclipse.m2e.core.internal.Bundles - 	Entry: C:\Program Files\eclipse\plugins\org.eclipse.m2e.maven.runtime_3.9.1100.20250811-2018\jars\httpcore-4.4.16.jar
2026-09-23 14:51:06,402 [Worker-51: Launching mavenrun-2147c179-0b3f-40e6-87a5-e26685dccb27] INFO  o.eclipse.m2e.core.internal.Bundles - 	Entry: C:\Program Files\eclipse\plugins\org.eclipse.m2e.maven.runtime_3.9.1100.20250811-2018\jars\jansi-2.4.2.jar
2026-09-23 14:51:06,402 [Worker-51: Launching mavenrun-2147c179-0b3f-40e6-87a5-e26685dccb27] INFO  o.eclipse.m2e.core.internal.Bundles - 	Entry: C:\Program Files\eclipse\plugins\org.eclipse.m2e.maven.runtime_3.9.1100.20250811-2018\jars\jcl-over-slf4j-1.7.36.jar
2026-09-23 14:51:06,402 [Worker-51: Launching mavenrun-2147c179-0b3f-40e6-87a5-e26685dccb27] INFO  o.eclipse.m2e.core.internal.Bundles - 	Entry: C:\Program Files\eclipse\plugins\org.eclipse.m2e.maven.runtime_3.9.1100.20250811-2018\jars\maven-artifact-3.9.11.jar
2026-09-23 14:51:06,402 [Worker-51: Launching mavenrun-2147c179-0b3f-40e6-87a5-e26685dccb27] INFO  o.eclipse.m2e.core.internal.Bundles - 	Entry: C:\Program Files\eclipse\plugins\org.eclipse.m2e.maven.runtime_3.9.1100.20250811-2018\jars\maven-builder-support-3.9.11.jar
2026-09-23 14:51:06,402 [Worker-51: Launching mavenrun-2147c179-0b3f-40e6-87a5-e26685dccb27] INFO  o.eclipse.m2e.core.internal.Bundles - 	Entry: C:\Program Files\eclipse\plugins\org.eclipse.m2e.maven.runtime_3.9.1100.20250811-2018\jars\maven-compat-3.9.11.jar
2026-09-23 14:51:06,402 [Worker-51: Launching mavenrun-2147c179-0b3f-40e6-87a5-e26685dccb27] INFO  o.eclipse.m2e.core.internal.Bundles - 	Entry: C:\Program Files\eclipse\plugins\org.eclipse.m2e.maven.runtime_3.9.1100.20250811-2018\jars\maven-core-3.9.11.jar
2026-09-23 14:51:06,402 [Worker-51: Launching mavenrun-2147c179-0b3f-40e6-87a5-e26685dccb27] INFO  o.eclipse.m2e.core.internal.Bundles - 	Entry: C:\Program Files\eclipse\plugins\org.eclipse.m2e.maven.runtime_3.9.1100.20250811-2018\jars\maven-embedder-3.9.11.jar
2026-09-23 14:51:06,402 [Worker-51: Launching mavenrun-2147c179-0b3f-40e6-87a5-e26685dccb27] INFO  o.eclipse.m2e.core.internal.Bundles - 	Entry: C:\Program Files\eclipse\plugins\org.eclipse.m2e.maven.runtime_3.9.1100.20250811-2018\jars\maven-model-3.9.11.jar
2026-09-23 14:51:06,402 [Worker-51: Launching mavenrun-2147c179-0b3f-40e6-87a5-e26685dccb27] INFO  o.eclipse.m2e.core.internal.Bundles - 	Entry: C:\Program Files\eclipse\plugins\org.eclipse.m2e.maven.runtime_3.9.1100.20250811-2018\jars\maven-model-builder-3.9.11.jar
2026-09-23 14:51:06,402 [Worker-51: Launching mavenrun-2147c179-0b3f-40e6-87a5-e26685dccb27] INFO  o.eclipse.m2e.core.internal.Bundles - 	Entry: C:\Program Files\eclipse\plugins\org.eclipse.m2e.maven.runtime_3.9.1100.20250811-2018\jars\maven-plugin-api-3.9.11.jar
2026-09-23 14:51:06,402 [Worker-51: Launching mavenrun-2147c179-0b3f-40e6-87a5-e26685dccb27] INFO  o.eclipse.m2e.core.internal.Bundles - 	Entry: C:\Program Files\eclipse\plugins\org.eclipse.m2e.maven.runtime_3.9.1100.20250811-2018\jars\maven-repository-metadata-3.9.11.jar
2026-09-23 14:51:06,402 [Worker-51: Launching mavenrun-2147c179-0b3f-40e6-87a5-e26685dccb27] INFO  o.eclipse.m2e.core.internal.Bundles - 	Entry: C:\Program Files\eclipse\plugins\org.eclipse.m2e.maven.runtime_3.9.1100.20250811-2018\jars\maven-resolver-api-1.9.24.jar
2026-09-23 14:51:06,402 [Worker-51: Launching mavenrun-2147c179-0b3f-40e6-87a5-e26685dccb27] INFO  o.eclipse.m2e.core.internal.Bundles - 	Entry: C:\Program Files\eclipse\plugins\org.eclipse.m2e.maven.runtime_3.9.1100.20250811-2018\jars\maven-resolver-connector-basic-1.9.24.jar
2026-09-23 14:51:06,402 [Worker-51: Launching mavenrun-2147c179-0b3f-40e6-87a5-e26685dccb27] INFO  o.eclipse.m2e.core.internal.Bundles - 	Entry: C:\Program Files\eclipse\plugins\org.eclipse.m2e.maven.runtime_3.9.1100.20250811-2018\jars\maven-resolver-impl-1.9.24.jar
2026-09-23 14:51:06,403 [Worker-51: Launching mavenrun-2147c179-0b3f-40e6-87a5-e26685dccb27] INFO  o.eclipse.m2e.core.internal.Bundles - 	Entry: C:\Program Files\eclipse\plugins\org.eclipse.m2e.maven.runtime_3.9.1100.20250811-2018\jars\maven-resolver-named-locks-1.9.24.jar
2026-09-23 14:51:06,403 [Worker-51: Launching mavenrun-2147c179-0b3f-40e6-87a5-e26685dccb27] INFO  o.eclipse.m2e.core.internal.Bundles - 	Entry: C:\Program Files\eclipse\plugins\org.eclipse.m2e.maven.runtime_3.9.1100.20250811-2018\jars\maven-resolver-provider-3.9.11.jar
2026-09-23 14:51:06,403 [Worker-51: Launching mavenrun-2147c179-0b3f-40e6-87a5-e26685dccb27] INFO  o.eclipse.m2e.core.internal.Bundles - 	Entry: C:\Program Files\eclipse\plugins\org.eclipse.m2e.maven.runtime_3.9.1100.20250811-2018\jars\maven-resolver-spi-1.9.24.jar
2026-09-23 14:51:06,403 [Worker-51: Launching mavenrun-2147c179-0b3f-40e6-87a5-e26685dccb27] INFO  o.eclipse.m2e.core.internal.Bundles - 	Entry: C:\Program Files\eclipse\plugins\org.eclipse.m2e.maven.runtime_3.9.1100.20250811-2018\jars\maven-resolver-transport-file-1.9.24.jar
2026-09-23 14:51:06,403 [Worker-51: Launching mavenrun-2147c179-0b3f-40e6-87a5-e26685dccb27] INFO  o.eclipse.m2e.core.internal.Bundles - 	Entry: C:\Program Files\eclipse\plugins\org.eclipse.m2e.maven.runtime_3.9.1100.20250811-2018\jars\maven-resolver-transport-http-1.9.24.jar
2026-09-23 14:51:06,403 [Worker-51: Launching mavenrun-2147c179-0b3f-40e6-87a5-e26685dccb27] INFO  o.eclipse.m2e.core.internal.Bundles - 	Entry: C:\Program Files\eclipse\plugins\org.eclipse.m2e.maven.runtime_3.9.1100.20250811-2018\jars\maven-resolver-transport-wagon-1.9.24.jar
2026-09-23 14:51:06,403 [Worker-51: Launching mavenrun-2147c179-0b3f-40e6-87a5-e26685dccb27] INFO  o.eclipse.m2e.core.internal.Bundles - 	Entry: C:\Program Files\eclipse\plugins\org.eclipse.m2e.maven.runtime_3.9.1100.20250811-2018\jars\maven-resolver-util-1.9.24.jar
2026-09-23 14:51:06,403 [Worker-51: Launching mavenrun-2147c179-0b3f-40e6-87a5-e26685dccb27] INFO  o.eclipse.m2e.core.internal.Bundles - 	Entry: C:\Program Files\eclipse\plugins\org.eclipse.m2e.maven.runtime_3.9.1100.20250811-2018\jars\maven-settings-3.9.11.jar
2026-09-23 14:51:06,403 [Worker-51: Launching mavenrun-2147c179-0b3f-40e6-87a5-e26685dccb27] INFO  o.eclipse.m2e.core.internal.Bundles - 	Entry: C:\Program Files\eclipse\plugins\org.eclipse.m2e.maven.runtime_3.9.1100.20250811-2018\jars\maven-settings-builder-3.9.11.jar
2026-09-23 14:51:06,403 [Worker-51: Launching mavenrun-2147c179-0b3f-40e6-87a5-e26685dccb27] INFO  o.eclipse.m2e.core.internal.Bundles - 	Entry: C:\Program Files\eclipse\plugins\org.eclipse.m2e.maven.runtime_3.9.1100.20250811-2018\jars\maven-shared-utils-3.4.2.jar
2026-09-23 14:51:06,403 [Worker-51: Launching mavenrun-2147c179-0b3f-40e6-87a5-e26685dccb27] INFO  o.eclipse.m2e.core.internal.Bundles - 	Entry: C:\Program Files\eclipse\plugins\org.eclipse.m2e.maven.runtime_3.9.1100.20250811-2018\jars\org.eclipse.sisu.inject-0.9.0.M4.jar
2026-09-23 14:51:06,403 [Worker-51: Launching mavenrun-2147c179-0b3f-40e6-87a5-e26685dccb27] INFO  o.eclipse.m2e.core.internal.Bundles - 	Entry: C:\Program Files\eclipse\plugins\org.eclipse.m2e.maven.runtime_3.9.1100.20250811-2018\jars\org.eclipse.sisu.plexus-0.9.0.M4.jar
2026-09-23 14:51:06,403 [Worker-51: Launching mavenrun-2147c179-0b3f-40e6-87a5-e26685dccb27] INFO  o.eclipse.m2e.core.internal.Bundles - 	Entry: C:\Program Files\eclipse\plugins\org.eclipse.m2e.maven.runtime_3.9.1100.20250811-2018\jars\plexus-build-api-0.0.7.jar
2026-09-23 14:51:06,403 [Worker-51: Launching mavenrun-2147c179-0b3f-40e6-87a5-e26685dccb27] INFO  o.eclipse.m2e.core.internal.Bundles - 	Entry: C:\Program Files\eclipse\plugins\org.eclipse.m2e.maven.runtime_3.9.1100.20250811-2018\jars\plexus-build-api-1.2.0.jar
2026-09-23 14:51:06,403 [Worker-51: Launching mavenrun-2147c179-0b3f-40e6-87a5-e26685dccb27] INFO  o.eclipse.m2e.core.internal.Bundles - 	Entry: C:\Program Files\eclipse\plugins\org.eclipse.m2e.maven.runtime_3.9.1100.20250811-2018\jars\plexus-cipher-2.0.jar
2026-09-23 14:51:06,403 [Worker-51: Launching mavenrun-2147c179-0b3f-40e6-87a5-e26685dccb27] INFO  o.eclipse.m2e.core.internal.Bundles - 	Entry: C:\Program Files\eclipse\plugins\org.eclipse.m2e.maven.runtime_3.9.1100.20250811-2018\jars\plexus-classworlds-2.9.0.jar
2026-09-23 14:51:06,403 [Worker-51: Launching mavenrun-2147c179-0b3f-40e6-87a5-e26685dccb27] INFO  o.eclipse.m2e.core.internal.Bundles - 	Entry: C:\Program Files\eclipse\plugins\org.eclipse.m2e.maven.runtime_3.9.1100.20250811-2018\jars\plexus-component-annotations-2.2.0.jar
2026-09-23 14:51:06,404 [Worker-51: Launching mavenrun-2147c179-0b3f-40e6-87a5-e26685dccb27] INFO  o.eclipse.m2e.core.internal.Bundles - 	Entry: C:\Program Files\eclipse\plugins\org.eclipse.m2e.maven.runtime_3.9.1100.20250811-2018\jars\plexus-interpolation-1.28.jar
2026-09-23 14:51:06,404 [Worker-51: Launching mavenrun-2147c179-0b3f-40e6-87a5-e26685dccb27] INFO  o.eclipse.m2e.core.internal.Bundles - 	Entry: C:\Program Files\eclipse\plugins\org.eclipse.m2e.maven.runtime_3.9.1100.20250811-2018\jars\plexus-sec-dispatcher-2.0.jar
2026-09-23 14:51:06,404 [Worker-51: Launching mavenrun-2147c179-0b3f-40e6-87a5-e26685dccb27] INFO  o.eclipse.m2e.core.internal.Bundles - 	Entry: C:\Program Files\eclipse\plugins\org.eclipse.m2e.maven.runtime_3.9.1100.20250811-2018\jars\plexus-utils-3.6.0.jar
2026-09-23 14:51:06,404 [Worker-51: Launching mavenrun-2147c179-0b3f-40e6-87a5-e26685dccb27] INFO  o.eclipse.m2e.core.internal.Bundles - 	Entry: C:\Program Files\eclipse\plugins\org.eclipse.m2e.maven.runtime_3.9.1100.20250811-2018\jars\wagon-file-3.5.3.jar
2026-09-23 14:51:06,404 [Worker-51: Launching mavenrun-2147c179-0b3f-40e6-87a5-e26685dccb27] INFO  o.eclipse.m2e.core.internal.Bundles - 	Entry: C:\Program Files\eclipse\plugins\org.eclipse.m2e.maven.runtime_3.9.1100.20250811-2018\jars\wagon-http-3.5.3.jar
2026-09-23 14:51:06,404 [Worker-51: Launching mavenrun-2147c179-0b3f-40e6-87a5-e26685dccb27] INFO  o.eclipse.m2e.core.internal.Bundles - 	Entry: C:\Program Files\eclipse\plugins\org.eclipse.m2e.maven.runtime_3.9.1100.20250811-2018\jars\wagon-http-shared-3.5.3.jar
2026-09-23 14:51:06,404 [Worker-51: Launching mavenrun-2147c179-0b3f-40e6-87a5-e26685dccb27] INFO  o.eclipse.m2e.core.internal.Bundles - 	Entry: C:\Program Files\eclipse\plugins\org.eclipse.m2e.maven.runtime_3.9.1100.20250811-2018\jars\wagon-provider-api-3.5.3.jar
2026-09-23 14:51:06,405 [Worker-51: Launching mavenrun-2147c179-0b3f-40e6-87a5-e26685dccb27] INFO  o.eclipse.m2e.core.internal.Bundles - getClasspathEntries(Bundle=com.google.guava_33.4.8.jre [18])
2026-09-23 14:51:06,406 [Worker-51: Launching mavenrun-2147c179-0b3f-40e6-87a5-e26685dccb27] INFO  o.eclipse.m2e.core.internal.Bundles - 	Entry: C:\Program Files\eclipse\plugins\com.google.guava_33.4.8.jre.jar
2026-09-23 14:51:06,406 [Worker-51: Launching mavenrun-2147c179-0b3f-40e6-87a5-e26685dccb27] INFO  o.eclipse.m2e.core.internal.Bundles - getClasspathEntries(Bundle=slf4j.api_2.0.17 [1007])
2026-09-23 14:51:06,406 [Worker-51: Launching mavenrun-2147c179-0b3f-40e6-87a5-e26685dccb27] INFO  o.eclipse.m2e.core.internal.Bundles - 	Entry: C:\Program Files\eclipse\plugins\slf4j.api_2.0.17.jar
2026-09-23 14:51:06,406 [Worker-51: Launching mavenrun-2147c179-0b3f-40e6-87a5-e26685dccb27] INFO  o.eclipse.m2e.core.internal.Bundles - getClasspathEntries(Bundle=jakarta.inject.jakarta.inject-api_1.0.5 [35])
2026-09-23 14:51:06,406 [Worker-51: Launching mavenrun-2147c179-0b3f-40e6-87a5-e26685dccb27] INFO  o.eclipse.m2e.core.internal.Bundles - 	Entry: C:\Program Files\eclipse\plugins\jakarta.inject.jakarta.inject-api_1.0.5.jar
2026-09-23 14:51:06,406 [Worker-51: Launching mavenrun-2147c179-0b3f-40e6-87a5-e26685dccb27] INFO  o.eclipse.m2e.core.internal.Bundles - getClasspathEntries(Bundle=jakarta.annotation-api_1.3.5 [31])
2026-09-23 14:51:06,406 [Worker-51: Launching mavenrun-2147c179-0b3f-40e6-87a5-e26685dccb27] INFO  o.eclipse.m2e.core.internal.Bundles - 	Entry: C:\Program Files\eclipse\plugins\jakarta.annotation-api_1.3.5.jar
2026-09-23 14:51:06,406 [Worker-51: Launching mavenrun-2147c179-0b3f-40e6-87a5-e26685dccb27] INFO  o.eclipse.m2e.core.internal.Bundles - getClasspathEntries(Bundle=org.apache.commons.cli_1.10.0 [75])
2026-09-23 14:51:06,406 [Worker-51: Launching mavenrun-2147c179-0b3f-40e6-87a5-e26685dccb27] INFO  o.eclipse.m2e.core.internal.Bundles - 	Entry: C:\Program Files\eclipse\plugins\org.apache.commons.cli_1.10.0.jar
2026-09-23 14:51:06,406 [Worker-51: Launching mavenrun-2147c179-0b3f-40e6-87a5-e26685dccb27] INFO  o.eclipse.m2e.core.internal.Bundles - getClasspathEntries(Bundle=org.apache.commons.commons-codec_1.19.0 [77])
2026-09-23 14:51:06,406 [Worker-51: Launching mavenrun-2147c179-0b3f-40e6-87a5-e26685dccb27] INFO  o.eclipse.m2e.core.internal.Bundles - 	Entry: C:\Program Files\eclipse\plugins\org.apache.commons.commons-codec_1.19.0.jar
2026-09-23 14:51:06,406 [Worker-51: Launching mavenrun-2147c179-0b3f-40e6-87a5-e26685dccb27] INFO  o.eclipse.m2e.core.internal.Bundles - getClasspathEntries(Bundle=com.google.guava.failureaccess_1.0.3 [19])
2026-09-23 14:51:06,407 [Worker-51: Launching mavenrun-2147c179-0b3f-40e6-87a5-e26685dccb27] INFO  o.eclipse.m2e.core.internal.Bundles - 	Entry: C:\Program Files\eclipse\plugins\com.google.guava.failureaccess_1.0.3.jar
2026-09-23 14:51:06,410 [Worker-51: Launching mavenrun-2147c179-0b3f-40e6-87a5-e26685dccb27] INFO  o.e.m.i.launch.MavenLaunchDelegate - Run build in "C:\Users\STUDEN~1\AppData\Local\Temp\m2e-archetypeGenerator5849911107645193632":
2026-09-23 14:51:06,414 [Worker-51: Launching mavenrun-2147c179-0b3f-40e6-87a5-e26685dccb27] INFO  o.e.m.i.launch.MavenLaunchDelegate -  mvn  -DarchetypeGroupId=org.apache.maven.archetypes -DarchetypeArtifactId=maven-archetype-quickstart -DarchetypeVersion=1.1 -DgroupId=.com -DartifactId=maven-github-demo3 -Dversion=0.0.1-SNAPSHOT -Dpackage=com.maven_github_demo3 -DoutputDirectory=C:\Users\Student-A\eclipse-workspace -Dstyle.color=always -U archetype:generate
2026-09-23 14:51:54,268 [Worker-47: Creating maven-archetype-quickstart] INFO  o.e.m.c.i.p.ProjectConfigurationManager - Collecting project info '/pom.xml' C:\Users\Student-A\eclipse-workspace\maven-github-demo3\pom.xml
2026-09-23 14:51:54,645 [Worker-47: Creating maven-archetype-quickstart] INFO  o.e.m.c.i.e.AbstractTransferListenerAdapter - Downloading https://repo.maven.apache.org/maven2/org/apache/maven/plugins/maven-surefire-plugin/3.2.5/maven-surefire-plugin-3.2.5.jar
2026-09-23 14:51:54,666 [Worker-47: Creating maven-archetype-quickstart] INFO  o.e.m.c.i.e.AbstractTransferListenerAdapter - Downloaded https://repo.maven.apache.org/maven2/org/apache/maven/plugins/maven-surefire-plugin/3.2.5/maven-surefire-plugin-3.2.5.jar
2026-09-23 14:51:54,741 [Worker-47: Creating maven-archetype-quickstart] INFO  o.e.m.c.i.e.AbstractTransferListenerAdapter - Downloading https://repo.maven.apache.org/maven2/org/apache/maven/plugins/maven-jar-plugin/3.4.1/maven-jar-plugin-3.4.1.jar
2026-09-23 14:51:54,759 [Worker-47: Creating maven-archetype-quickstart] INFO  o.e.m.c.i.e.AbstractTransferListenerAdapter - Downloaded https://repo.maven.apache.org/maven2/org/apache/maven/plugins/maven-jar-plugin/3.4.1/maven-jar-plugin-3.4.1.jar
2026-09-23 14:51:55,338 [Worker-47: Creating maven-archetype-quickstart] INFO  o.e.m.c.i.l.LifecycleMappingFactory - Using org.eclipse.m2e.jdt.JarLifecycleMapping lifecycle mapping for MavenProject: .com:maven-github-demo3:0.0.1-SNAPSHOT @ C:\Users\Student-A\eclipse-workspace\maven-github-demo3\pom.xml.
2026-09-23 14:51:55,393 [Worker-47: Creating maven-archetype-quickstart] INFO  o.e.m.c.i.e.AbstractTransferListenerAdapter - Downloading https://repo.maven.apache.org/maven2/junit/junit/3.8.1/junit-3.8.1.pom
2026-09-23 14:51:55,403 [Worker-47: Creating maven-archetype-quickstart] INFO  o.e.m.c.i.e.AbstractTransferListenerAdapter - Downloaded https://repo.maven.apache.org/maven2/junit/junit/3.8.1/junit-3.8.1.pom
2026-09-23 14:51:55,453 [Worker-47: Creating maven-archetype-quickstart] INFO  o.e.m.c.i.e.AbstractTransferListenerAdapter - Downloading https://repo.maven.apache.org/maven2/junit/junit/3.8.1/junit-3.8.1.jar
2026-09-23 14:51:55,492 [Worker-47: Creating maven-archetype-quickstart] INFO  o.e.m.c.i.e.AbstractTransferListenerAdapter - Downloaded https://repo.maven.apache.org/maven2/junit/junit/3.8.1/junit-3.8.1.jar
2026-09-23 14:51:55,568 [Worker-47: Creating maven-archetype-quickstart] INFO  o.e.m.c.i.e.AbstractTransferListenerAdapter - Downloading https://repo.maven.apache.org/maven2/org/apache/maven/plugins/maven-surefire-plugin/3.2.5/maven-surefire-plugin-3.2.5.pom
2026-09-23 14:51:55,578 [Worker-47: Creating maven-archetype-quickstart] INFO  o.e.m.c.i.e.AbstractTransferListenerAdapter - Downloaded https://repo.maven.apache.org/maven2/org/apache/maven/plugins/maven-surefire-plugin/3.2.5/maven-surefire-plugin-3.2.5.pom
2026-09-23 14:51:55,631 [Worker-47: Creating maven-archetype-quickstart] INFO  o.e.m.c.i.e.AbstractTransferListenerAdapter - Downloading https://repo.maven.apache.org/maven2/org/apache/maven/surefire/surefire/3.2.5/surefire-3.2.5.pom
2026-09-23 14:51:55,645 [Worker-47: Creating maven-archetype-quickstart] INFO  o.e.m.c.i.e.AbstractTransferListenerAdapter - Downloaded https://repo.maven.apache.org/maven2/org/apache/maven/surefire/surefire/3.2.5/surefire-3.2.5.pom
2026-09-23 14:51:55,698 [Worker-47: Creating maven-archetype-quickstart] INFO  o.e.m.c.i.e.AbstractTransferListenerAdapter - Downloading https://repo.maven.apache.org/maven2/org/apache/maven/plugins/maven-jar-plugin/3.4.1/maven-jar-plugin-3.4.1.pom
2026-09-23 14:51:55,710 [Worker-47: Creating maven-archetype-quickstart] INFO  o.e.m.c.i.e.AbstractTransferListenerAdapter - Downloaded https://repo.maven.apache.org/maven2/org/apache/maven/plugins/maven-jar-plugin/3.4.1/maven-jar-plugin-3.4.1.pom
2026-09-23 14:51:56,261 [Worker-47: Creating maven-archetype-quickstart] INFO  o.e.m.j.i.AbstractJavaProjectConfigurator - Adding source folder /maven-github-demo3/src/main/java
2026-09-23 14:51:56,263 [Worker-47: Creating maven-archetype-quickstart] INFO  o.e.m.j.i.AbstractJavaProjectConfigurator - Adding resource folder /maven-github-demo3/src/main/resources
2026-09-23 14:51:56,268 [Worker-47: Creating maven-archetype-quickstart] INFO  o.e.m.j.i.AbstractJavaProjectConfigurator - Adding source folder /maven-github-demo3/src/test/java
2026-09-23 14:51:56,268 [Worker-47: Creating maven-archetype-quickstart] INFO  o.e.m.j.i.AbstractJavaProjectConfigurator - Adding resource folder /maven-github-demo3/src/test/resources
2026-09-23 14:51:56,319 [Worker-47: Creating maven-archetype-quickstart] WARN  o.apache.maven.project.MavenProject - Direct modification of compileSourceRoots through clear() is deprecated and will not work in Maven 4.0.0. Please use the add/remove methods instead. If you're using a plugin that causes this warning, please upgrade to the latest version and report an issue if the warning persists. To disable these warnings, set -Dmaven.project.sourceRoots.warningsDisabled=true on the command line, in the .mvn/maven.config file, or in project POM properties.
2026-09-23 14:51:56,320 [Worker-47: Creating maven-archetype-quickstart] WARN  o.apache.maven.project.MavenProject - Direct modification of compileSourceRoots through add() is deprecated and will not work in Maven 4.0.0. Please use the add/remove methods instead. If you're using a plugin that causes this warning, please upgrade to the latest version and report an issue if the warning persists. To disable these warnings, set -Dmaven.project.sourceRoots.warningsDisabled=true on the command line, in the .mvn/maven.config file, or in project POM properties.
2026-09-23 14:51:56,321 [Worker-47: Creating maven-archetype-quickstart] WARN  o.apache.maven.project.MavenProject - Direct modification of testCompileSourceRoots through clear() is deprecated and will not work in Maven 4.0.0. Please use the add/remove methods instead. If you're using a plugin that causes this warning, please upgrade to the latest version and report an issue if the warning persists. To disable these warnings, set -Dmaven.project.sourceRoots.warningsDisabled=true on the command line, in the .mvn/maven.config file, or in project POM properties.
2026-09-23 14:51:56,321 [Worker-47: Creating maven-archetype-quickstart] WARN  o.apache.maven.project.MavenProject - Direct modification of testCompileSourceRoots through add() is deprecated and will not work in Maven 4.0.0. Please use the add/remove methods instead. If you're using a plugin that causes this warning, please upgrade to the latest version and report an issue if the warning persists. To disable these warnings, set -Dmaven.project.sourceRoots.warningsDisabled=true on the command line, in the .mvn/maven.config file, or in project POM properties.
2026-09-23 14:51:56,339 [Worker-47: Creating maven-archetype-quickstart] INFO  o.e.m.c.i.p.ProjectConfigurationManager - Imported and configured 1 project(s) in 2 sec
2026-09-23 14:51:56,612 [Worker-58: Building] INFO  o.a.m.s.f.DefaultMavenResourcesFiltering - skip non existing resourceDirectory C:\Users\Student-A\eclipse-workspace\maven-github-demo3\src\main\resources
2026-09-23 14:51:56,614 [Worker-58: Building] INFO  o.a.m.s.f.DefaultMavenResourcesFiltering - skip non existing resourceDirectory C:\Users\Student-A\eclipse-workspace\maven-github-demo3\src\test\resources
2026-09-23 14:51:56,948 [Worker-58: Building] WARN  o.apache.maven.project.MavenProject - Direct modification of compileSourceRoots through clear() is deprecated and will not work in Maven 4.0.0. Please use the add/remove methods instead. If you're using a plugin that causes this warning, please upgrade to the latest version and report an issue if the warning persists. To disable these warnings, set -Dmaven.project.sourceRoots.warningsDisabled=true on the command line, in the .mvn/maven.config file, or in project POM properties.
2026-09-23 14:51:56,949 [Worker-58: Building] WARN  o.apache.maven.project.MavenProject - Direct modification of compileSourceRoots through add() is deprecated and will not work in Maven 4.0.0. Please use the add/remove methods instead. If you're using a plugin that causes this warning, please upgrade to the latest version and report an issue if the warning persists. To disable these warnings, set -Dmaven.project.sourceRoots.warningsDisabled=true on the command line, in the .mvn/maven.config file, or in project POM properties.
2026-09-23 14:51:56,950 [Worker-58: Building] WARN  o.apache.maven.project.MavenProject - Direct modification of testCompileSourceRoots through clear() is deprecated and will not work in Maven 4.0.0. Please use the add/remove methods instead. If you're using a plugin that causes this warning, please upgrade to the latest version and report an issue if the warning persists. To disable these warnings, set -Dmaven.project.sourceRoots.warningsDisabled=true on the command line, in the .mvn/maven.config file, or in project POM properties.
2026-09-23 14:51:56,950 [Worker-58: Building] WARN  o.apache.maven.project.MavenProject - Direct modification of testCompileSourceRoots through add() is deprecated and will not work in Maven 4.0.0. Please use the add/remove methods instead. If you're using a plugin that causes this warning, please upgrade to the latest version and report an issue if the warning persists. To disable these warnings, set -Dmaven.project.sourceRoots.warningsDisabled=true on the command line, in the .mvn/maven.config file, or in project POM properties.
2026-09-23 14:51:57,226 [Worker-56: Download sources and javadoc] INFO  o.e.m.c.i.e.AbstractTransferListenerAdapter - Downloading https://repo.maven.apache.org/maven2/junit/junit/3.8.1/junit-3.8.1-sources.jar
2026-09-23 14:51:57,249 [Worker-56: Download sources and javadoc] INFO  o.e.m.c.i.e.AbstractTransferListenerAdapter - Downloaded https://repo.maven.apache.org/maven2/junit/junit/3.8.1/junit-3.8.1-sources.jar
2026-09-23 14:51:57,254 [Worker-56: Download sources and javadoc] INFO  o.e.m.j.internal.DownloadSourcesJob - Downloaded sources for junit:junit:3.8.1
2026-09-23 15:05:37,559 [Worker-62: Building] INFO  o.a.m.s.f.DefaultMavenResourcesFiltering - skip non existing resourceDirectory C:\Users\Student-A\eclipse-workspace\maven-github-demo3\src\main\resources
2026-09-23 15:05:37,560 [Worker-62: Building] INFO  o.a.m.s.f.DefaultMavenResourcesFiltering - skip non existing resourceDirectory C:\Users\Student-A\eclipse-workspace\maven-github-demo3\src\test\resources
2026-09-23 15:05:37,561 [Worker-62: Building] WARN  o.apache.maven.project.MavenProject - Direct modification of compileSourceRoots through clear() is deprecated and will not work in Maven 4.0.0. Please use the add/remove methods instead. If you're using a plugin that causes this warning, please upgrade to the latest version and report an issue if the warning persists. To disable these warnings, set -Dmaven.project.sourceRoots.warningsDisabled=true on the command line, in the .mvn/maven.config file, or in project POM properties.
2026-09-23 15:05:37,562 [Worker-62: Building] WARN  o.apache.maven.project.MavenProject - Direct modification of compileSourceRoots through add() is deprecated and will not work in Maven 4.0.0. Please use the add/remove methods instead. If you're using a plugin that causes this warning, please upgrade to the latest version and report an issue if the warning persists. To disable these warnings, set -Dmaven.project.sourceRoots.warningsDisabled=true on the command line, in the .mvn/maven.config file, or in project POM properties.
2026-09-23 15:05:37,563 [Worker-62: Building] WARN  o.apache.maven.project.MavenProject - Direct modification of testCompileSourceRoots through clear() is deprecated and will not work in Maven 4.0.0. Please use the add/remove methods instead. If you're using a plugin that causes this warning, please upgrade to the latest version and report an issue if the warning persists. To disable these warnings, set -Dmaven.project.sourceRoots.warningsDisabled=true on the command line, in the .mvn/maven.config file, or in project POM properties.
2026-09-23 15:05:37,563 [Worker-62: Building] WARN  o.apache.maven.project.MavenProject - Direct modification of testCompileSourceRoots through add() is deprecated and will not work in Maven 4.0.0. Please use the add/remove methods instead. If you're using a plugin that causes this warning, please upgrade to the latest version and report an issue if the warning persists. To disable these warnings, set -Dmaven.project.sourceRoots.warningsDisabled=true on the command line, in the .mvn/maven.config file, or in project POM properties.
2026-09-23 15:19:32,894 [Worker-72: Building] INFO  o.a.m.s.f.DefaultMavenResourcesFiltering - skip non existing resourceDirectory C:\Users\Student-A\eclipse-workspace\maven-github-demo3\src\main\resources
2026-09-23 15:19:32,895 [Worker-72: Building] INFO  o.a.m.s.f.DefaultMavenResourcesFiltering - skip non existing resourceDirectory C:\Users\Student-A\eclipse-workspace\maven-github-demo3\src\test\resources
2026-09-23 15:19:32,895 [Worker-72: Building] WARN  o.apache.maven.project.MavenProject - Direct modification of compileSourceRoots through clear() is deprecated and will not work in Maven 4.0.0. Please use the add/remove methods instead. If you're using a plugin that causes this warning, please upgrade to the latest version and report an issue if the warning persists. To disable these warnings, set -Dmaven.project.sourceRoots.warningsDisabled=true on the command line, in the .mvn/maven.config file, or in project POM properties.
2026-09-23 15:19:32,896 [Worker-72: Building] WARN  o.apache.maven.project.MavenProject - Direct modification of compileSourceRoots through add() is deprecated and will not work in Maven 4.0.0. Please use the add/remove methods instead. If you're using a plugin that causes this warning, please upgrade to the latest version and report an issue if the warning persists. To disable these warnings, set -Dmaven.project.sourceRoots.warningsDisabled=true on the command line, in the .mvn/maven.config file, or in project POM properties.
2026-09-23 15:19:32,897 [Worker-72: Building] WARN  o.apache.maven.project.MavenProject - Direct modification of testCompileSourceRoots through clear() is deprecated and will not work in Maven 4.0.0. Please use the add/remove methods instead. If you're using a plugin that causes this warning, please upgrade to the latest version and report an issue if the warning persists. To disable these warnings, set -Dmaven.project.sourceRoots.warningsDisabled=true on the command line, in the .mvn/maven.config file, or in project POM properties.
2026-09-23 15:19:32,898 [Worker-72: Building] WARN  o.apache.maven.project.MavenProject - Direct modification of testCompileSourceRoots through add() is deprecated and will not work in Maven 4.0.0. Please use the add/remove methods instead. If you're using a plugin that causes this warning, please upgrade to the latest version and report an issue if the warning persists. To disable these warnings, set -Dmaven.project.sourceRoots.warningsDisabled=true on the command line, in the .mvn/maven.config file, or in project POM properties.
2026-09-23 15:25:45,944 [Worker-73: Building] INFO  o.a.m.s.f.DefaultMavenResourcesFiltering - skip non existing resourceDirectory C:\Users\Student-A\eclipse-workspace\maven-github-demo3\src\main\resources
2026-09-23 15:25:45,945 [Worker-73: Building] INFO  o.a.m.s.f.DefaultMavenResourcesFiltering - skip non existing resourceDirectory C:\Users\Student-A\eclipse-workspace\maven-github-demo3\src\test\resources
2026-09-23 15:25:45,946 [Worker-73: Building] WARN  o.apache.maven.project.MavenProject - Direct modification of compileSourceRoots through clear() is deprecated and will not work in Maven 4.0.0. Please use the add/remove methods instead. If you're using a plugin that causes this warning, please upgrade to the latest version and report an issue if the warning persists. To disable these warnings, set -Dmaven.project.sourceRoots.warningsDisabled=true on the command line, in the .mvn/maven.config file, or in project POM properties.
2026-09-23 15:25:45,946 [Worker-73: Building] WARN  o.apache.maven.project.MavenProject - Direct modification of compileSourceRoots through add() is deprecated and will not work in Maven 4.0.0. Please use the add/remove methods instead. If you're using a plugin that causes this warning, please upgrade to the latest version and report an issue if the warning persists. To disable these warnings, set -Dmaven.project.sourceRoots.warningsDisabled=true on the command line, in the .mvn/maven.config file, or in project POM properties.
2026-09-23 15:25:45,947 [Worker-73: Building] WARN  o.apache.maven.project.MavenProject - Direct modification of testCompileSourceRoots through clear() is deprecated and will not work in Maven 4.0.0. Please use the add/remove methods instead. If you're using a plugin that causes this warning, please upgrade to the latest version and report an issue if the warning persists. To disable these warnings, set -Dmaven.project.sourceRoots.warningsDisabled=true on the command line, in the .mvn/maven.config file, or in project POM properties.
2026-09-23 15:25:45,947 [Worker-73: Building] WARN  o.apache.maven.project.MavenProject - Direct modification of testCompileSourceRoots through add() is deprecated and will not work in Maven 4.0.0. Please use the add/remove methods instead. If you're using a plugin that causes this warning, please upgrade to the latest version and report an issue if the warning persists. To disable these warnings, set -Dmaven.project.sourceRoots.warningsDisabled=true on the command line, in the .mvn/maven.config file, or in project POM properties.
2026-09-23 15:26:21,435 [Worker-74: Building] INFO  o.a.m.s.f.DefaultMavenResourcesFiltering - skip non existing resourceDirectory C:\Users\Student-A\eclipse-workspace\maven-github-demo3\src\main\resources
2026-09-23 15:26:21,436 [Worker-74: Building] INFO  o.a.m.s.f.DefaultMavenResourcesFiltering - skip non existing resourceDirectory C:\Users\Student-A\eclipse-workspace\maven-github-demo3\src\test\resources
2026-09-23 15:26:21,436 [Worker-74: Building] WARN  o.apache.maven.project.MavenProject - Direct modification of compileSourceRoots through clear() is deprecated and will not work in Maven 4.0.0. Please use the add/remove methods instead. If you're using a plugin that causes this warning, please upgrade to the latest version and report an issue if the warning persists. To disable these warnings, set -Dmaven.project.sourceRoots.warningsDisabled=true on the command line, in the .mvn/maven.config file, or in project POM properties.
2026-09-23 15:26:21,437 [Worker-74: Building] WARN  o.apache.maven.project.MavenProject - Direct modification of compileSourceRoots through add() is deprecated and will not work in Maven 4.0.0. Please use the add/remove methods instead. If you're using a plugin that causes this warning, please upgrade to the latest version and report an issue if the warning persists. To disable these warnings, set -Dmaven.project.sourceRoots.warningsDisabled=true on the command line, in the .mvn/maven.config file, or in project POM properties.
2026-09-23 15:26:21,438 [Worker-74: Building] WARN  o.apache.maven.project.MavenProject - Direct modification of testCompileSourceRoots through clear() is deprecated and will not work in Maven 4.0.0. Please use the add/remove methods instead. If you're using a plugin that causes this warning, please upgrade to the latest version and report an issue if the warning persists. To disable these warnings, set -Dmaven.project.sourceRoots.warningsDisabled=true on the command line, in the .mvn/maven.config file, or in project POM properties.
2026-09-23 15:26:21,438 [Worker-74: Building] WARN  o.apache.maven.project.MavenProject - Direct modification of testCompileSourceRoots through add() is deprecated and will not work in Maven 4.0.0. Please use the add/remove methods instead. If you're using a plugin that causes this warning, please upgrade to the latest version and report an issue if the warning persists. To disable these warnings, set -Dmaven.project.sourceRoots.warningsDisabled=true on the command line, in the .mvn/maven.config file, or in project POM properties.
2026-09-23 15:27:12,475 [Worker-4: Loading available Gradle versions] INFO  o.e.b.c.i.u.g.PublishedGradleVersions - Gradle version information cache is up-to-date. Trying to read.
2026-09-23 15:29:17,324 [Worker-22: Launching mavenrun-239fcb77-122e-498b-915c-12cab9201b9f] INFO  o.eclipse.m2e.core.internal.Bundles - getClasspathEntries(Bundle=org.eclipse.m2e.maven.runtime_3.9.1100.20250811-2018 [642])
2026-09-23 15:29:17,327 [Worker-22: Launching mavenrun-239fcb77-122e-498b-915c-12cab9201b9f] INFO  o.eclipse.m2e.core.internal.Bundles - 	Entry: C:\Program Files\eclipse\plugins\org.eclipse.m2e.maven.runtime_3.9.1100.20250811-2018
2026-09-23 15:29:17,327 [Worker-22: Launching mavenrun-239fcb77-122e-498b-915c-12cab9201b9f] INFO  o.eclipse.m2e.core.internal.Bundles - 	Entry: C:\Program Files\eclipse\plugins\org.eclipse.m2e.maven.runtime_3.9.1100.20250811-2018\jars\aopalliance-1.0.jar
2026-09-23 15:29:17,327 [Worker-22: Launching mavenrun-239fcb77-122e-498b-915c-12cab9201b9f] INFO  o.eclipse.m2e.core.internal.Bundles - 	Entry: C:\Program Files\eclipse\plugins\org.eclipse.m2e.maven.runtime_3.9.1100.20250811-2018\jars\asm-9.8.jar
2026-09-23 15:29:17,327 [Worker-22: Launching mavenrun-239fcb77-122e-498b-915c-12cab9201b9f] INFO  o.eclipse.m2e.core.internal.Bundles - 	Entry: C:\Program Files\eclipse\plugins\org.eclipse.m2e.maven.runtime_3.9.1100.20250811-2018\jars\error_prone_annotations-2.38.0.jar
2026-09-23 15:29:17,327 [Worker-22: Launching mavenrun-239fcb77-122e-498b-915c-12cab9201b9f] INFO  o.eclipse.m2e.core.internal.Bundles - 	Entry: C:\Program Files\eclipse\plugins\org.eclipse.m2e.maven.runtime_3.9.1100.20250811-2018\jars\gson-2.13.1.jar
2026-09-23 15:29:17,327 [Worker-22: Launching mavenrun-239fcb77-122e-498b-915c-12cab9201b9f] INFO  o.eclipse.m2e.core.internal.Bundles - 	Entry: C:\Program Files\eclipse\plugins\org.eclipse.m2e.maven.runtime_3.9.1100.20250811-2018\jars\guice-5.1.0-classes.jar
2026-09-23 15:29:17,327 [Worker-22: Launching mavenrun-239fcb77-122e-498b-915c-12cab9201b9f] INFO  o.eclipse.m2e.core.internal.Bundles - 	Entry: C:\Program Files\eclipse\plugins\org.eclipse.m2e.maven.runtime_3.9.1100.20250811-2018\jars\httpclient-4.5.14.jar
2026-09-23 15:29:17,327 [Worker-22: Launching mavenrun-239fcb77-122e-498b-915c-12cab9201b9f] INFO  o.eclipse.m2e.core.internal.Bundles - 	Entry: C:\Program Files\eclipse\plugins\org.eclipse.m2e.maven.runtime_3.9.1100.20250811-2018\jars\httpcore-4.4.16.jar
2026-09-23 15:29:17,327 [Worker-22: Launching mavenrun-239fcb77-122e-498b-915c-12cab9201b9f] INFO  o.eclipse.m2e.core.internal.Bundles - 	Entry: C:\Program Files\eclipse\plugins\org.eclipse.m2e.maven.runtime_3.9.1100.20250811-2018\jars\jansi-2.4.2.jar
2026-09-23 15:29:17,328 [Worker-22: Launching mavenrun-239fcb77-122e-498b-915c-12cab9201b9f] INFO  o.eclipse.m2e.core.internal.Bundles - 	Entry: C:\Program Files\eclipse\plugins\org.eclipse.m2e.maven.runtime_3.9.1100.20250811-2018\jars\jcl-over-slf4j-1.7.36.jar
2026-09-23 15:29:17,328 [Worker-22: Launching mavenrun-239fcb77-122e-498b-915c-12cab9201b9f] INFO  o.eclipse.m2e.core.internal.Bundles - 	Entry: C:\Program Files\eclipse\plugins\org.eclipse.m2e.maven.runtime_3.9.1100.20250811-2018\jars\maven-artifact-3.9.11.jar
2026-09-23 15:29:17,328 [Worker-22: Launching mavenrun-239fcb77-122e-498b-915c-12cab9201b9f] INFO  o.eclipse.m2e.core.internal.Bundles - 	Entry: C:\Program Files\eclipse\plugins\org.eclipse.m2e.maven.runtime_3.9.1100.20250811-2018\jars\maven-builder-support-3.9.11.jar
2026-09-23 15:29:17,328 [Worker-22: Launching mavenrun-239fcb77-122e-498b-915c-12cab9201b9f] INFO  o.eclipse.m2e.core.internal.Bundles - 	Entry: C:\Program Files\eclipse\plugins\org.eclipse.m2e.maven.runtime_3.9.1100.20250811-2018\jars\maven-compat-3.9.11.jar
2026-09-23 15:29:17,328 [Worker-22: Launching mavenrun-239fcb77-122e-498b-915c-12cab9201b9f] INFO  o.eclipse.m2e.core.internal.Bundles - 	Entry: C:\Program Files\eclipse\plugins\org.eclipse.m2e.maven.runtime_3.9.1100.20250811-2018\jars\maven-core-3.9.11.jar
2026-09-23 15:29:17,328 [Worker-22: Launching mavenrun-239fcb77-122e-498b-915c-12cab9201b9f] INFO  o.eclipse.m2e.core.internal.Bundles - 	Entry: C:\Program Files\eclipse\plugins\org.eclipse.m2e.maven.runtime_3.9.1100.20250811-2018\jars\maven-embedder-3.9.11.jar
2026-09-23 15:29:17,328 [Worker-22: Launching mavenrun-239fcb77-122e-498b-915c-12cab9201b9f] INFO  o.eclipse.m2e.core.internal.Bundles - 	Entry: C:\Program Files\eclipse\plugins\org.eclipse.m2e.maven.runtime_3.9.1100.20250811-2018\jars\maven-model-3.9.11.jar
2026-09-23 15:29:17,328 [Worker-22: Launching mavenrun-239fcb77-122e-498b-915c-12cab9201b9f] INFO  o.eclipse.m2e.core.internal.Bundles - 	Entry: C:\Program Files\eclipse\plugins\org.eclipse.m2e.maven.runtime_3.9.1100.20250811-2018\jars\maven-model-builder-3.9.11.jar
2026-09-23 15:29:17,328 [Worker-22: Launching mavenrun-239fcb77-122e-498b-915c-12cab9201b9f] INFO  o.eclipse.m2e.core.internal.Bundles - 	Entry: C:\Program Files\eclipse\plugins\org.eclipse.m2e.maven.runtime_3.9.1100.20250811-2018\jars\maven-plugin-api-3.9.11.jar
2026-09-23 15:29:17,328 [Worker-22: Launching mavenrun-239fcb77-122e-498b-915c-12cab9201b9f] INFO  o.eclipse.m2e.core.internal.Bundles - 	Entry: C:\Program Files\eclipse\plugins\org.eclipse.m2e.maven.runtime_3.9.1100.20250811-2018\jars\maven-repository-metadata-3.9.11.jar
2026-09-23 15:29:17,328 [Worker-22: Launching mavenrun-239fcb77-122e-498b-915c-12cab9201b9f] INFO  o.eclipse.m2e.core.internal.Bundles - 	Entry: C:\Program Files\eclipse\plugins\org.eclipse.m2e.maven.runtime_3.9.1100.20250811-2018\jars\maven-resolver-api-1.9.24.jar
2026-09-23 15:29:17,328 [Worker-22: Launching mavenrun-239fcb77-122e-498b-915c-12cab9201b9f] INFO  o.eclipse.m2e.core.internal.Bundles - 	Entry: C:\Program Files\eclipse\plugins\org.eclipse.m2e.maven.runtime_3.9.1100.20250811-2018\jars\maven-resolver-connector-basic-1.9.24.jar
2026-09-23 15:29:17,328 [Worker-22: Launching mavenrun-239fcb77-122e-498b-915c-12cab9201b9f] INFO  o.eclipse.m2e.core.internal.Bundles - 	Entry: C:\Program Files\eclipse\plugins\org.eclipse.m2e.maven.runtime_3.9.1100.20250811-2018\jars\maven-resolver-impl-1.9.24.jar
2026-09-23 15:29:17,328 [Worker-22: Launching mavenrun-239fcb77-122e-498b-915c-12cab9201b9f] INFO  o.eclipse.m2e.core.internal.Bundles - 	Entry: C:\Program Files\eclipse\plugins\org.eclipse.m2e.maven.runtime_3.9.1100.20250811-2018\jars\maven-resolver-named-locks-1.9.24.jar
2026-09-23 15:29:17,328 [Worker-22: Launching mavenrun-239fcb77-122e-498b-915c-12cab9201b9f] INFO  o.eclipse.m2e.core.internal.Bundles - 	Entry: C:\Program Files\eclipse\plugins\org.eclipse.m2e.maven.runtime_3.9.1100.20250811-2018\jars\maven-resolver-provider-3.9.11.jar
2026-09-23 15:29:17,328 [Worker-22: Launching mavenrun-239fcb77-122e-498b-915c-12cab9201b9f] INFO  o.eclipse.m2e.core.internal.Bundles - 	Entry: C:\Program Files\eclipse\plugins\org.eclipse.m2e.maven.runtime_3.9.1100.20250811-2018\jars\maven-resolver-spi-1.9.24.jar
2026-09-23 15:29:17,329 [Worker-22: Launching mavenrun-239fcb77-122e-498b-915c-12cab9201b9f] INFO  o.eclipse.m2e.core.internal.Bundles - 	Entry: C:\Program Files\eclipse\plugins\org.eclipse.m2e.maven.runtime_3.9.1100.20250811-2018\jars\maven-resolver-transport-file-1.9.24.jar
2026-09-23 15:29:17,329 [Worker-22: Launching mavenrun-239fcb77-122e-498b-915c-12cab9201b9f] INFO  o.eclipse.m2e.core.internal.Bundles - 	Entry: C:\Program Files\eclipse\plugins\org.eclipse.m2e.maven.runtime_3.9.1100.20250811-2018\jars\maven-resolver-transport-http-1.9.24.jar
2026-09-23 15:29:17,329 [Worker-22: Launching mavenrun-239fcb77-122e-498b-915c-12cab9201b9f] INFO  o.eclipse.m2e.core.internal.Bundles - 	Entry: C:\Program Files\eclipse\plugins\org.eclipse.m2e.maven.runtime_3.9.1100.20250811-2018\jars\maven-resolver-transport-wagon-1.9.24.jar
2026-09-23 15:29:17,329 [Worker-22: Launching mavenrun-239fcb77-122e-498b-915c-12cab9201b9f] INFO  o.eclipse.m2e.core.internal.Bundles - 	Entry: C:\Program Files\eclipse\plugins\org.eclipse.m2e.maven.runtime_3.9.1100.20250811-2018\jars\maven-resolver-util-1.9.24.jar
2026-09-23 15:29:17,329 [Worker-22: Launching mavenrun-239fcb77-122e-498b-915c-12cab9201b9f] INFO  o.eclipse.m2e.core.internal.Bundles - 	Entry: C:\Program Files\eclipse\plugins\org.eclipse.m2e.maven.runtime_3.9.1100.20250811-2018\jars\maven-settings-3.9.11.jar
2026-09-23 15:29:17,329 [Worker-22: Launching mavenrun-239fcb77-122e-498b-915c-12cab9201b9f] INFO  o.eclipse.m2e.core.internal.Bundles - 	Entry: C:\Program Files\eclipse\plugins\org.eclipse.m2e.maven.runtime_3.9.1100.20250811-2018\jars\maven-settings-builder-3.9.11.jar
2026-09-23 15:29:17,329 [Worker-22: Launching mavenrun-239fcb77-122e-498b-915c-12cab9201b9f] INFO  o.eclipse.m2e.core.internal.Bundles - 	Entry: C:\Program Files\eclipse\plugins\org.eclipse.m2e.maven.runtime_3.9.1100.20250811-2018\jars\maven-shared-utils-3.4.2.jar
2026-09-23 15:29:17,329 [Worker-22: Launching mavenrun-239fcb77-122e-498b-915c-12cab9201b9f] INFO  o.eclipse.m2e.core.internal.Bundles - 	Entry: C:\Program Files\eclipse\plugins\org.eclipse.m2e.maven.runtime_3.9.1100.20250811-2018\jars\org.eclipse.sisu.inject-0.9.0.M4.jar
2026-09-23 15:29:17,329 [Worker-22: Launching mavenrun-239fcb77-122e-498b-915c-12cab9201b9f] INFO  o.eclipse.m2e.core.internal.Bundles - 	Entry: C:\Program Files\eclipse\plugins\org.eclipse.m2e.maven.runtime_3.9.1100.20250811-2018\jars\org.eclipse.sisu.plexus-0.9.0.M4.jar
2026-09-23 15:29:17,329 [Worker-22: Launching mavenrun-239fcb77-122e-498b-915c-12cab9201b9f] INFO  o.eclipse.m2e.core.internal.Bundles - 	Entry: C:\Program Files\eclipse\plugins\org.eclipse.m2e.maven.runtime_3.9.1100.20250811-2018\jars\plexus-build-api-0.0.7.jar
2026-09-23 15:29:17,329 [Worker-22: Launching mavenrun-239fcb77-122e-498b-915c-12cab9201b9f] INFO  o.eclipse.m2e.core.internal.Bundles - 	Entry: C:\Program Files\eclipse\plugins\org.eclipse.m2e.maven.runtime_3.9.1100.20250811-2018\jars\plexus-build-api-1.2.0.jar
2026-09-23 15:29:17,329 [Worker-22: Launching mavenrun-239fcb77-122e-498b-915c-12cab9201b9f] INFO  o.eclipse.m2e.core.internal.Bundles - 	Entry: C:\Program Files\eclipse\plugins\org.eclipse.m2e.maven.runtime_3.9.1100.20250811-2018\jars\plexus-cipher-2.0.jar
2026-09-23 15:29:17,329 [Worker-22: Launching mavenrun-239fcb77-122e-498b-915c-12cab9201b9f] INFO  o.eclipse.m2e.core.internal.Bundles - 	Entry: C:\Program Files\eclipse\plugins\org.eclipse.m2e.maven.runtime_3.9.1100.20250811-2018\jars\plexus-classworlds-2.9.0.jar
2026-09-23 15:29:17,329 [Worker-22: Launching mavenrun-239fcb77-122e-498b-915c-12cab9201b9f] INFO  o.eclipse.m2e.core.internal.Bundles - 	Entry: C:\Program Files\eclipse\plugins\org.eclipse.m2e.maven.runtime_3.9.1100.20250811-2018\jars\plexus-component-annotations-2.2.0.jar
2026-09-23 15:29:17,329 [Worker-22: Launching mavenrun-239fcb77-122e-498b-915c-12cab9201b9f] INFO  o.eclipse.m2e.core.internal.Bundles - 	Entry: C:\Program Files\eclipse\plugins\org.eclipse.m2e.maven.runtime_3.9.1100.20250811-2018\jars\plexus-interpolation-1.28.jar
2026-09-23 15:29:17,330 [Worker-22: Launching mavenrun-239fcb77-122e-498b-915c-12cab9201b9f] INFO  o.eclipse.m2e.core.internal.Bundles - 	Entry: C:\Program Files\eclipse\plugins\org.eclipse.m2e.maven.runtime_3.9.1100.20250811-2018\jars\plexus-sec-dispatcher-2.0.jar
2026-09-23 15:29:17,330 [Worker-22: Launching mavenrun-239fcb77-122e-498b-915c-12cab9201b9f] INFO  o.eclipse.m2e.core.internal.Bundles - 	Entry: C:\Program Files\eclipse\plugins\org.eclipse.m2e.maven.runtime_3.9.1100.20250811-2018\jars\plexus-utils-3.6.0.jar
2026-09-23 15:29:17,330 [Worker-22: Launching mavenrun-239fcb77-122e-498b-915c-12cab9201b9f] INFO  o.eclipse.m2e.core.internal.Bundles - 	Entry: C:\Program Files\eclipse\plugins\org.eclipse.m2e.maven.runtime_3.9.1100.20250811-2018\jars\wagon-file-3.5.3.jar
2026-09-23 15:29:17,330 [Worker-22: Launching mavenrun-239fcb77-122e-498b-915c-12cab9201b9f] INFO  o.eclipse.m2e.core.internal.Bundles - 	Entry: C:\Program Files\eclipse\plugins\org.eclipse.m2e.maven.runtime_3.9.1100.20250811-2018\jars\wagon-http-3.5.3.jar
2026-09-23 15:29:17,330 [Worker-22: Launching mavenrun-239fcb77-122e-498b-915c-12cab9201b9f] INFO  o.eclipse.m2e.core.internal.Bundles - 	Entry: C:\Program Files\eclipse\plugins\org.eclipse.m2e.maven.runtime_3.9.1100.20250811-2018\jars\wagon-http-shared-3.5.3.jar
2026-09-23 15:29:17,330 [Worker-22: Launching mavenrun-239fcb77-122e-498b-915c-12cab9201b9f] INFO  o.eclipse.m2e.core.internal.Bundles - 	Entry: C:\Program Files\eclipse\plugins\org.eclipse.m2e.maven.runtime_3.9.1100.20250811-2018\jars\wagon-provider-api-3.5.3.jar
2026-09-23 15:29:17,331 [Worker-22: Launching mavenrun-239fcb77-122e-498b-915c-12cab9201b9f] INFO  o.eclipse.m2e.core.internal.Bundles - getClasspathEntries(Bundle=com.google.guava_33.4.8.jre [18])
2026-09-23 15:29:17,331 [Worker-22: Launching mavenrun-239fcb77-122e-498b-915c-12cab9201b9f] INFO  o.eclipse.m2e.core.internal.Bundles - 	Entry: C:\Program Files\eclipse\plugins\com.google.guava_33.4.8.jre.jar
2026-09-23 15:29:17,332 [Worker-22: Launching mavenrun-239fcb77-122e-498b-915c-12cab9201b9f] INFO  o.eclipse.m2e.core.internal.Bundles - getClasspathEntries(Bundle=slf4j.api_2.0.17 [1007])
2026-09-23 15:29:17,332 [Worker-22: Launching mavenrun-239fcb77-122e-498b-915c-12cab9201b9f] INFO  o.eclipse.m2e.core.internal.Bundles - 	Entry: C:\Program Files\eclipse\plugins\slf4j.api_2.0.17.jar
2026-09-23 15:29:17,332 [Worker-22: Launching mavenrun-239fcb77-122e-498b-915c-12cab9201b9f] INFO  o.eclipse.m2e.core.internal.Bundles - getClasspathEntries(Bundle=jakarta.inject.jakarta.inject-api_1.0.5 [35])
2026-09-23 15:29:17,332 [Worker-22: Launching mavenrun-239fcb77-122e-498b-915c-12cab9201b9f] INFO  o.eclipse.m2e.core.internal.Bundles - 	Entry: C:\Program Files\eclipse\plugins\jakarta.inject.jakarta.inject-api_1.0.5.jar
2026-09-23 15:29:17,332 [Worker-22: Launching mavenrun-239fcb77-122e-498b-915c-12cab9201b9f] INFO  o.eclipse.m2e.core.internal.Bundles - getClasspathEntries(Bundle=jakarta.annotation-api_1.3.5 [31])
2026-09-23 15:29:17,332 [Worker-22: Launching mavenrun-239fcb77-122e-498b-915c-12cab9201b9f] INFO  o.eclipse.m2e.core.internal.Bundles - 	Entry: C:\Program Files\eclipse\plugins\jakarta.annotation-api_1.3.5.jar
2026-09-23 15:29:17,332 [Worker-22: Launching mavenrun-239fcb77-122e-498b-915c-12cab9201b9f] INFO  o.eclipse.m2e.core.internal.Bundles - getClasspathEntries(Bundle=org.apache.commons.cli_1.10.0 [75])
2026-09-23 15:29:17,332 [Worker-22: Launching mavenrun-239fcb77-122e-498b-915c-12cab9201b9f] INFO  o.eclipse.m2e.core.internal.Bundles - 	Entry: C:\Program Files\eclipse\plugins\org.apache.commons.cli_1.10.0.jar
2026-09-23 15:29:17,332 [Worker-22: Launching mavenrun-239fcb77-122e-498b-915c-12cab9201b9f] INFO  o.eclipse.m2e.core.internal.Bundles - getClasspathEntries(Bundle=org.apache.commons.commons-codec_1.19.0 [77])
2026-09-23 15:29:17,332 [Worker-22: Launching mavenrun-239fcb77-122e-498b-915c-12cab9201b9f] INFO  o.eclipse.m2e.core.internal.Bundles - 	Entry: C:\Program Files\eclipse\plugins\org.apache.commons.commons-codec_1.19.0.jar
2026-09-23 15:29:17,332 [Worker-22: Launching mavenrun-239fcb77-122e-498b-915c-12cab9201b9f] INFO  o.eclipse.m2e.core.internal.Bundles - getClasspathEntries(Bundle=com.google.guava.failureaccess_1.0.3 [19])
2026-09-23 15:29:17,332 [Worker-22: Launching mavenrun-239fcb77-122e-498b-915c-12cab9201b9f] INFO  o.eclipse.m2e.core.internal.Bundles - 	Entry: C:\Program Files\eclipse\plugins\com.google.guava.failureaccess_1.0.3.jar
2026-09-23 15:29:17,337 [Worker-22: Launching mavenrun-239fcb77-122e-498b-915c-12cab9201b9f] INFO  o.e.m.i.launch.MavenLaunchDelegate - Run build in "C:\Users\STUDEN~1\AppData\Local\Temp\m2e-archetypeGenerator10277090319916509854":
2026-09-23 15:29:17,341 [Worker-22: Launching mavenrun-239fcb77-122e-498b-915c-12cab9201b9f] INFO  o.e.m.i.launch.MavenLaunchDelegate -  mvn  -DjavaCompilerVersion=17 -DjunitVersion=5.11.0 -DarchetypeGroupId=org.apache.maven.archetypes -DarchetypeArtifactId=maven-archetype-quickstart -DarchetypeVersion=1.5 -DgroupId=com.example -DartifactId=maven-github-demo -Dversion=0.0.1-SNAPSHOT -Dpackage=com.example.maven_github_demo -DoutputDirectory=C:\Users\Student-A\eclipse-workspace -Dstyle.color=always -U archetype:generate
2026-09-23 15:29:24,757 [Worker-8: Creating maven-archetype-quickstart] INFO  o.e.m.c.i.p.ProjectConfigurationManager - Collecting project info '/pom.xml' C:\Users\Student-A\eclipse-workspace\maven-github-demo\pom.xml
2026-09-23 15:29:25,244 [Worker-8: Creating maven-archetype-quickstart] INFO  o.e.m.c.i.l.LifecycleMappingFactory - Using org.eclipse.m2e.jdt.JarLifecycleMapping lifecycle mapping for MavenProject: com.example:maven-github-demo:0.0.1-SNAPSHOT @ C:\Users\Student-A\eclipse-workspace\maven-github-demo\pom.xml.
2026-09-23 15:29:25,750 [Worker-8: Creating maven-archetype-quickstart] INFO  o.e.m.j.i.AbstractJavaProjectConfigurator - Adding source folder /maven-github-demo/src/main/java
2026-09-23 15:29:25,751 [Worker-8: Creating maven-archetype-quickstart] INFO  o.e.m.j.i.AbstractJavaProjectConfigurator - Adding resource folder /maven-github-demo/src/main/resources
2026-09-23 15:29:25,756 [Worker-8: Creating maven-archetype-quickstart] INFO  o.e.m.j.i.AbstractJavaProjectConfigurator - Adding source folder /maven-github-demo/src/test/java
2026-09-23 15:29:25,757 [Worker-8: Creating maven-archetype-quickstart] INFO  o.e.m.j.i.AbstractJavaProjectConfigurator - Adding resource folder /maven-github-demo/src/test/resources
2026-09-23 15:29:26,078 [Worker-8: Creating maven-archetype-quickstart] WARN  o.apache.maven.project.MavenProject - Direct modification of compileSourceRoots through clear() is deprecated and will not work in Maven 4.0.0. Please use the add/remove methods instead. If you're using a plugin that causes this warning, please upgrade to the latest version and report an issue if the warning persists. To disable these warnings, set -Dmaven.project.sourceRoots.warningsDisabled=true on the command line, in the .mvn/maven.config file, or in project POM properties.
2026-09-23 15:29:26,079 [Worker-8: Creating maven-archetype-quickstart] WARN  o.apache.maven.project.MavenProject - Direct modification of compileSourceRoots through add() is deprecated and will not work in Maven 4.0.0. Please use the add/remove methods instead. If you're using a plugin that causes this warning, please upgrade to the latest version and report an issue if the warning persists. To disable these warnings, set -Dmaven.project.sourceRoots.warningsDisabled=true on the command line, in the .mvn/maven.config file, or in project POM properties.
2026-09-23 15:29:26,080 [Worker-8: Creating maven-archetype-quickstart] WARN  o.apache.maven.project.MavenProject - Direct modification of testCompileSourceRoots through clear() is deprecated and will not work in Maven 4.0.0. Please use the add/remove methods instead. If you're using a plugin that causes this warning, please upgrade to the latest version and report an issue if the warning persists. To disable these warnings, set -Dmaven.project.sourceRoots.warningsDisabled=true on the command line, in the .mvn/maven.config file, or in project POM properties.
2026-09-23 15:29:26,081 [Worker-8: Creating maven-archetype-quickstart] WARN  o.apache.maven.project.MavenProject - Direct modification of testCompileSourceRoots through add() is deprecated and will not work in Maven 4.0.0. Please use the add/remove methods instead. If you're using a plugin that causes this warning, please upgrade to the latest version and report an issue if the warning persists. To disable these warnings, set -Dmaven.project.sourceRoots.warningsDisabled=true on the command line, in the .mvn/maven.config file, or in project POM properties.
2026-09-23 15:29:26,089 [Worker-8: Creating maven-archetype-quickstart] INFO  o.e.m.c.i.p.ProjectConfigurationManager - Imported and configured 1 project(s) in 1 sec
2026-09-23 15:29:26,885 [Worker-22: Building] INFO  o.a.m.s.f.DefaultMavenResourcesFiltering - skip non existing resourceDirectory C:\Users\Student-A\eclipse-workspace\maven-github-demo\src\main\resources
2026-09-23 15:29:26,889 [Worker-22: Building] INFO  o.a.m.s.f.DefaultMavenResourcesFiltering - skip non existing resourceDirectory C:\Users\Student-A\eclipse-workspace\maven-github-demo\src\test\resources
2026-09-23 15:29:27,225 [Worker-22: Building] WARN  o.apache.maven.project.MavenProject - Direct modification of compileSourceRoots through clear() is deprecated and will not work in Maven 4.0.0. Please use the add/remove methods instead. If you're using a plugin that causes this warning, please upgrade to the latest version and report an issue if the warning persists. To disable these warnings, set -Dmaven.project.sourceRoots.warningsDisabled=true on the command line, in the .mvn/maven.config file, or in project POM properties.
2026-09-23 15:29:27,226 [Worker-22: Building] WARN  o.apache.maven.project.MavenProject - Direct modification of compileSourceRoots through add() is deprecated and will not work in Maven 4.0.0. Please use the add/remove methods instead. If you're using a plugin that causes this warning, please upgrade to the latest version and report an issue if the warning persists. To disable these warnings, set -Dmaven.project.sourceRoots.warningsDisabled=true on the command line, in the .mvn/maven.config file, or in project POM properties.
2026-09-23 15:29:27,226 [Worker-22: Building] WARN  o.apache.maven.project.MavenProject - Direct modification of testCompileSourceRoots through clear() is deprecated and will not work in Maven 4.0.0. Please use the add/remove methods instead. If you're using a plugin that causes this warning, please upgrade to the latest version and report an issue if the warning persists. To disable these warnings, set -Dmaven.project.sourceRoots.warningsDisabled=true on the command line, in the .mvn/maven.config file, or in project POM properties.
2026-09-23 15:29:27,227 [Worker-22: Building] WARN  o.apache.maven.project.MavenProject - Direct modification of testCompileSourceRoots through add() is deprecated and will not work in Maven 4.0.0. Please use the add/remove methods instead. If you're using a plugin that causes this warning, please upgrade to the latest version and report an issue if the warning persists. To disable these warnings, set -Dmaven.project.sourceRoots.warningsDisabled=true on the command line, in the .mvn/maven.config file, or in project POM properties.
2026-09-23 15:31:29,790 [Worker-47: Building] INFO  o.a.m.s.f.DefaultMavenResourcesFiltering - skip non existing resourceDirectory C:\Users\Student-A\eclipse-workspace\maven-github-demo\src\main\resources
2026-09-23 15:31:29,792 [Worker-47: Building] INFO  o.a.m.s.f.DefaultMavenResourcesFiltering - skip non existing resourceDirectory C:\Users\Student-A\eclipse-workspace\maven-github-demo\src\test\resources
2026-09-23 15:31:29,794 [Worker-47: Building] WARN  o.apache.maven.project.MavenProject - Direct modification of compileSourceRoots through clear() is deprecated and will not work in Maven 4.0.0. Please use the add/remove methods instead. If you're using a plugin that causes this warning, please upgrade to the latest version and report an issue if the warning persists. To disable these warnings, set -Dmaven.project.sourceRoots.warningsDisabled=true on the command line, in the .mvn/maven.config file, or in project POM properties.
2026-09-23 15:31:29,795 [Worker-47: Building] WARN  o.apache.maven.project.MavenProject - Direct modification of compileSourceRoots through add() is deprecated and will not work in Maven 4.0.0. Please use the add/remove methods instead. If you're using a plugin that causes this warning, please upgrade to the latest version and report an issue if the warning persists. To disable these warnings, set -Dmaven.project.sourceRoots.warningsDisabled=true on the command line, in the .mvn/maven.config file, or in project POM properties.
2026-09-23 15:31:29,795 [Worker-47: Building] WARN  o.apache.maven.project.MavenProject - Direct modification of testCompileSourceRoots through clear() is deprecated and will not work in Maven 4.0.0. Please use the add/remove methods instead. If you're using a plugin that causes this warning, please upgrade to the latest version and report an issue if the warning persists. To disable these warnings, set -Dmaven.project.sourceRoots.warningsDisabled=true on the command line, in the .mvn/maven.config file, or in project POM properties.
2026-09-23 15:31:29,796 [Worker-47: Building] WARN  o.apache.maven.project.MavenProject - Direct modification of testCompileSourceRoots through add() is deprecated and will not work in Maven 4.0.0. Please use the add/remove methods instead. If you're using a plugin that causes this warning, please upgrade to the latest version and report an issue if the warning persists. To disable these warnings, set -Dmaven.project.sourceRoots.warningsDisabled=true on the command line, in the .mvn/maven.config file, or in project POM properties.
2026-09-23 15:32:44,960 [Worker-49: Launching App (1)] INFO  o.a.m.s.f.DefaultMavenResourcesFiltering - skip non existing resourceDirectory C:\Users\Student-A\eclipse-workspace\maven-github-demo\src\main\resources
2026-09-23 15:32:44,961 [Worker-49: Launching App (1)] INFO  o.a.m.s.f.DefaultMavenResourcesFiltering - skip non existing resourceDirectory C:\Users\Student-A\eclipse-workspace\maven-github-demo\src\test\resources
2026-09-23 15:32:44,961 [Worker-49: Launching App (1)] WARN  o.apache.maven.project.MavenProject - Direct modification of compileSourceRoots through clear() is deprecated and will not work in Maven 4.0.0. Please use the add/remove methods instead. If you're using a plugin that causes this warning, please upgrade to the latest version and report an issue if the warning persists. To disable these warnings, set -Dmaven.project.sourceRoots.warningsDisabled=true on the command line, in the .mvn/maven.config file, or in project POM properties.
2026-09-23 15:32:44,962 [Worker-49: Launching App (1)] WARN  o.apache.maven.project.MavenProject - Direct modification of compileSourceRoots through add() is deprecated and will not work in Maven 4.0.0. Please use the add/remove methods instead. If you're using a plugin that causes this warning, please upgrade to the latest version and report an issue if the warning persists. To disable these warnings, set -Dmaven.project.sourceRoots.warningsDisabled=true on the command line, in the .mvn/maven.config file, or in project POM properties.
2026-09-23 15:32:44,963 [Worker-49: Launching App (1)] WARN  o.apache.maven.project.MavenProject - Direct modification of testCompileSourceRoots through clear() is deprecated and will not work in Maven 4.0.0. Please use the add/remove methods instead. If you're using a plugin that causes this warning, please upgrade to the latest version and report an issue if the warning persists. To disable these warnings, set -Dmaven.project.sourceRoots.warningsDisabled=true on the command line, in the .mvn/maven.config file, or in project POM properties.
2026-09-23 15:32:44,964 [Worker-49: Launching App (1)] WARN  o.apache.maven.project.MavenProject - Direct modification of testCompileSourceRoots through add() is deprecated and will not work in Maven 4.0.0. Please use the add/remove methods instead. If you're using a plugin that causes this warning, please upgrade to the latest version and report an issue if the warning persists. To disable these warnings, set -Dmaven.project.sourceRoots.warningsDisabled=true on the command line, in the .mvn/maven.config file, or in project POM properties.
2026-09-23 15:33:01,324 [main] INFO  o.e.m2e.actions.ExecutePomAction - Creating new launch configuration
2026-09-23 15:33:06,699 [Worker-48: Launching maven-github-demo] INFO  o.eclipse.m2e.core.internal.Bundles - getClasspathEntries(Bundle=org.eclipse.m2e.maven.runtime_3.9.1100.20250811-2018 [642])
2026-09-23 15:33:06,699 [Worker-48: Launching maven-github-demo] INFO  o.eclipse.m2e.core.internal.Bundles - 	Entry: C:\Program Files\eclipse\plugins\org.eclipse.m2e.maven.runtime_3.9.1100.20250811-2018
2026-09-23 15:33:06,700 [Worker-48: Launching maven-github-demo] INFO  o.eclipse.m2e.core.internal.Bundles - 	Entry: C:\Program Files\eclipse\plugins\org.eclipse.m2e.maven.runtime_3.9.1100.20250811-2018\jars\aopalliance-1.0.jar
2026-09-23 15:33:06,700 [Worker-48: Launching maven-github-demo] INFO  o.eclipse.m2e.core.internal.Bundles - 	Entry: C:\Program Files\eclipse\plugins\org.eclipse.m2e.maven.runtime_3.9.1100.20250811-2018\jars\asm-9.8.jar
2026-09-23 15:33:06,700 [Worker-48: Launching maven-github-demo] INFO  o.eclipse.m2e.core.internal.Bundles - 	Entry: C:\Program Files\eclipse\plugins\org.eclipse.m2e.maven.runtime_3.9.1100.20250811-2018\jars\error_prone_annotations-2.38.0.jar
2026-09-23 15:33:06,700 [Worker-48: Launching maven-github-demo] INFO  o.eclipse.m2e.core.internal.Bundles - 	Entry: C:\Program Files\eclipse\plugins\org.eclipse.m2e.maven.runtime_3.9.1100.20250811-2018\jars\gson-2.13.1.jar
2026-09-23 15:33:06,700 [Worker-48: Launching maven-github-demo] INFO  o.eclipse.m2e.core.internal.Bundles - 	Entry: C:\Program Files\eclipse\plugins\org.eclipse.m2e.maven.runtime_3.9.1100.20250811-2018\jars\guice-5.1.0-classes.jar
2026-09-23 15:33:06,700 [Worker-48: Launching maven-github-demo] INFO  o.eclipse.m2e.core.internal.Bundles - 	Entry: C:\Program Files\eclipse\plugins\org.eclipse.m2e.maven.runtime_3.9.1100.20250811-2018\jars\httpclient-4.5.14.jar
2026-09-23 15:33:06,700 [Worker-48: Launching maven-github-demo] INFO  o.eclipse.m2e.core.internal.Bundles - 	Entry: C:\Program Files\eclipse\plugins\org.eclipse.m2e.maven.runtime_3.9.1100.20250811-2018\jars\httpcore-4.4.16.jar
2026-09-23 15:33:06,700 [Worker-48: Launching maven-github-demo] INFO  o.eclipse.m2e.core.internal.Bundles - 	Entry: C:\Program Files\eclipse\plugins\org.eclipse.m2e.maven.runtime_3.9.1100.20250811-2018\jars\jansi-2.4.2.jar
2026-09-23 15:33:06,700 [Worker-48: Launching maven-github-demo] INFO  o.eclipse.m2e.core.internal.Bundles - 	Entry: C:\Program Files\eclipse\plugins\org.eclipse.m2e.maven.runtime_3.9.1100.20250811-2018\jars\jcl-over-slf4j-1.7.36.jar
2026-09-23 15:33:06,700 [Worker-48: Launching maven-github-demo] INFO  o.eclipse.m2e.core.internal.Bundles - 	Entry: C:\Program Files\eclipse\plugins\org.eclipse.m2e.maven.runtime_3.9.1100.20250811-2018\jars\maven-artifact-3.9.11.jar
2026-09-23 15:33:06,700 [Worker-48: Launching maven-github-demo] INFO  o.eclipse.m2e.core.internal.Bundles - 	Entry: C:\Program Files\eclipse\plugins\org.eclipse.m2e.maven.runtime_3.9.1100.20250811-2018\jars\maven-builder-support-3.9.11.jar
2026-09-23 15:33:06,700 [Worker-48: Launching maven-github-demo] INFO  o.eclipse.m2e.core.internal.Bundles - 	Entry: C:\Program Files\eclipse\plugins\org.eclipse.m2e.maven.runtime_3.9.1100.20250811-2018\jars\maven-compat-3.9.11.jar
2026-09-23 15:33:06,700 [Worker-48: Launching maven-github-demo] INFO  o.eclipse.m2e.core.internal.Bundles - 	Entry: C:\Program Files\eclipse\plugins\org.eclipse.m2e.maven.runtime_3.9.1100.20250811-2018\jars\maven-core-3.9.11.jar
2026-09-23 15:33:06,700 [Worker-48: Launching maven-github-demo] INFO  o.eclipse.m2e.core.internal.Bundles - 	Entry: C:\Program Files\eclipse\plugins\org.eclipse.m2e.maven.runtime_3.9.1100.20250811-2018\jars\maven-embedder-3.9.11.jar
2026-09-23 15:33:06,700 [Worker-48: Launching maven-github-demo] INFO  o.eclipse.m2e.core.internal.Bundles - 	Entry: C:\Program Files\eclipse\plugins\org.eclipse.m2e.maven.runtime_3.9.1100.20250811-2018\jars\maven-model-3.9.11.jar
2026-09-23 15:33:06,700 [Worker-48: Launching maven-github-demo] INFO  o.eclipse.m2e.core.internal.Bundles - 	Entry: C:\Program Files\eclipse\plugins\org.eclipse.m2e.maven.runtime_3.9.1100.20250811-2018\jars\maven-model-builder-3.9.11.jar
2026-09-23 15:33:06,700 [Worker-48: Launching maven-github-demo] INFO  o.eclipse.m2e.core.internal.Bundles - 	Entry: C:\Program Files\eclipse\plugins\org.eclipse.m2e.maven.runtime_3.9.1100.20250811-2018\jars\maven-plugin-api-3.9.11.jar
2026-09-23 15:33:06,701 [Worker-48: Launching maven-github-demo] INFO  o.eclipse.m2e.core.internal.Bundles - 	Entry: C:\Program Files\eclipse\plugins\org.eclipse.m2e.maven.runtime_3.9.1100.20250811-2018\jars\maven-repository-metadata-3.9.11.jar
2026-09-23 15:33:06,701 [Worker-48: Launching maven-github-demo] INFO  o.eclipse.m2e.core.internal.Bundles - 	Entry: C:\Program Files\eclipse\plugins\org.eclipse.m2e.maven.runtime_3.9.1100.20250811-2018\jars\maven-resolver-api-1.9.24.jar
2026-09-23 15:33:06,701 [Worker-48: Launching maven-github-demo] INFO  o.eclipse.m2e.core.internal.Bundles - 	Entry: C:\Program Files\eclipse\plugins\org.eclipse.m2e.maven.runtime_3.9.1100.20250811-2018\jars\maven-resolver-connector-basic-1.9.24.jar
2026-09-23 15:33:06,701 [Worker-48: Launching maven-github-demo] INFO  o.eclipse.m2e.core.internal.Bundles - 	Entry: C:\Program Files\eclipse\plugins\org.eclipse.m2e.maven.runtime_3.9.1100.20250811-2018\jars\maven-resolver-impl-1.9.24.jar
2026-09-23 15:33:06,701 [Worker-48: Launching maven-github-demo] INFO  o.eclipse.m2e.core.internal.Bundles - 	Entry: C:\Program Files\eclipse\plugins\org.eclipse.m2e.maven.runtime_3.9.1100.20250811-2018\jars\maven-resolver-named-locks-1.9.24.jar
2026-09-23 15:33:06,701 [Worker-48: Launching maven-github-demo] INFO  o.eclipse.m2e.core.internal.Bundles - 	Entry: C:\Program Files\eclipse\plugins\org.eclipse.m2e.maven.runtime_3.9.1100.20250811-2018\jars\maven-resolver-provider-3.9.11.jar
2026-09-23 15:33:06,701 [Worker-48: Launching maven-github-demo] INFO  o.eclipse.m2e.core.internal.Bundles - 	Entry: C:\Program Files\eclipse\plugins\org.eclipse.m2e.maven.runtime_3.9.1100.20250811-2018\jars\maven-resolver-spi-1.9.24.jar
2026-09-23 15:33:06,701 [Worker-48: Launching maven-github-demo] INFO  o.eclipse.m2e.core.internal.Bundles - 	Entry: C:\Program Files\eclipse\plugins\org.eclipse.m2e.maven.runtime_3.9.1100.20250811-2018\jars\maven-resolver-transport-file-1.9.24.jar
2026-09-23 15:33:06,701 [Worker-48: Launching maven-github-demo] INFO  o.eclipse.m2e.core.internal.Bundles - 	Entry: C:\Program Files\eclipse\plugins\org.eclipse.m2e.maven.runtime_3.9.1100.20250811-2018\jars\maven-resolver-transport-http-1.9.24.jar
2026-09-23 15:33:06,701 [Worker-48: Launching maven-github-demo] INFO  o.eclipse.m2e.core.internal.Bundles - 	Entry: C:\Program Files\eclipse\plugins\org.eclipse.m2e.maven.runtime_3.9.1100.20250811-2018\jars\maven-resolver-transport-wagon-1.9.24.jar
2026-09-23 15:33:06,701 [Worker-48: Launching maven-github-demo] INFO  o.eclipse.m2e.core.internal.Bundles - 	Entry: C:\Program Files\eclipse\plugins\org.eclipse.m2e.maven.runtime_3.9.1100.20250811-2018\jars\maven-resolver-util-1.9.24.jar
2026-09-23 15:33:06,701 [Worker-48: Launching maven-github-demo] INFO  o.eclipse.m2e.core.internal.Bundles - 	Entry: C:\Program Files\eclipse\plugins\org.eclipse.m2e.maven.runtime_3.9.1100.20250811-2018\jars\maven-settings-3.9.11.jar
2026-09-23 15:33:06,701 [Worker-48: Launching maven-github-demo] INFO  o.eclipse.m2e.core.internal.Bundles - 	Entry: C:\Program Files\eclipse\plugins\org.eclipse.m2e.maven.runtime_3.9.1100.20250811-2018\jars\maven-settings-builder-3.9.11.jar
2026-09-23 15:33:06,701 [Worker-48: Launching maven-github-demo] INFO  o.eclipse.m2e.core.internal.Bundles - 	Entry: C:\Program Files\eclipse\plugins\org.eclipse.m2e.maven.runtime_3.9.1100.20250811-2018\jars\maven-shared-utils-3.4.2.jar
2026-09-23 15:33:06,701 [Worker-48: Launching maven-github-demo] INFO  o.eclipse.m2e.core.internal.Bundles - 	Entry: C:\Program Files\eclipse\plugins\org.eclipse.m2e.maven.runtime_3.9.1100.20250811-2018\jars\org.eclipse.sisu.inject-0.9.0.M4.jar
2026-09-23 15:33:06,701 [Worker-48: Launching maven-github-demo] INFO  o.eclipse.m2e.core.internal.Bundles - 	Entry: C:\Program Files\eclipse\plugins\org.eclipse.m2e.maven.runtime_3.9.1100.20250811-2018\jars\org.eclipse.sisu.plexus-0.9.0.M4.jar
2026-09-23 15:33:06,701 [Worker-48: Launching maven-github-demo] INFO  o.eclipse.m2e.core.internal.Bundles - 	Entry: C:\Program Files\eclipse\plugins\org.eclipse.m2e.maven.runtime_3.9.1100.20250811-2018\jars\plexus-build-api-0.0.7.jar
2026-09-23 15:33:06,701 [Worker-48: Launching maven-github-demo] INFO  o.eclipse.m2e.core.internal.Bundles - 	Entry: C:\Program Files\eclipse\plugins\org.eclipse.m2e.maven.runtime_3.9.1100.20250811-2018\jars\plexus-build-api-1.2.0.jar
2026-09-23 15:33:06,702 [Worker-48: Launching maven-github-demo] INFO  o.eclipse.m2e.core.internal.Bundles - 	Entry: C:\Program Files\eclipse\plugins\org.eclipse.m2e.maven.runtime_3.9.1100.20250811-2018\jars\plexus-cipher-2.0.jar
2026-09-23 15:33:06,702 [Worker-48: Launching maven-github-demo] INFO  o.eclipse.m2e.core.internal.Bundles - 	Entry: C:\Program Files\eclipse\plugins\org.eclipse.m2e.maven.runtime_3.9.1100.20250811-2018\jars\plexus-classworlds-2.9.0.jar
2026-09-23 15:33:06,702 [Worker-48: Launching maven-github-demo] INFO  o.eclipse.m2e.core.internal.Bundles - 	Entry: C:\Program Files\eclipse\plugins\org.eclipse.m2e.maven.runtime_3.9.1100.20250811-2018\jars\plexus-component-annotations-2.2.0.jar
2026-09-23 15:33:06,702 [Worker-48: Launching maven-github-demo] INFO  o.eclipse.m2e.core.internal.Bundles - 	Entry: C:\Program Files\eclipse\plugins\org.eclipse.m2e.maven.runtime_3.9.1100.20250811-2018\jars\plexus-interpolation-1.28.jar
2026-09-23 15:33:06,702 [Worker-48: Launching maven-github-demo] INFO  o.eclipse.m2e.core.internal.Bundles - 	Entry: C:\Program Files\eclipse\plugins\org.eclipse.m2e.maven.runtime_3.9.1100.20250811-2018\jars\plexus-sec-dispatcher-2.0.jar
2026-09-23 15:33:06,702 [Worker-48: Launching maven-github-demo] INFO  o.eclipse.m2e.core.internal.Bundles - 	Entry: C:\Program Files\eclipse\plugins\org.eclipse.m2e.maven.runtime_3.9.1100.20250811-2018\jars\plexus-utils-3.6.0.jar
2026-09-23 15:33:06,702 [Worker-48: Launching maven-github-demo] INFO  o.eclipse.m2e.core.internal.Bundles - 	Entry: C:\Program Files\eclipse\plugins\org.eclipse.m2e.maven.runtime_3.9.1100.20250811-2018\jars\wagon-file-3.5.3.jar
2026-09-23 15:33:06,702 [Worker-48: Launching maven-github-demo] INFO  o.eclipse.m2e.core.internal.Bundles - 	Entry: C:\Program Files\eclipse\plugins\org.eclipse.m2e.maven.runtime_3.9.1100.20250811-2018\jars\wagon-http-3.5.3.jar
2026-09-23 15:33:06,702 [Worker-48: Launching maven-github-demo] INFO  o.eclipse.m2e.core.internal.Bundles - 	Entry: C:\Program Files\eclipse\plugins\org.eclipse.m2e.maven.runtime_3.9.1100.20250811-2018\jars\wagon-http-shared-3.5.3.jar
2026-09-23 15:33:06,702 [Worker-48: Launching maven-github-demo] INFO  o.eclipse.m2e.core.internal.Bundles - 	Entry: C:\Program Files\eclipse\plugins\org.eclipse.m2e.maven.runtime_3.9.1100.20250811-2018\jars\wagon-provider-api-3.5.3.jar
2026-09-23 15:33:06,702 [Worker-48: Launching maven-github-demo] INFO  o.eclipse.m2e.core.internal.Bundles - getClasspathEntries(Bundle=com.google.guava_33.4.8.jre [18])
2026-09-23 15:33:06,702 [Worker-48: Launching maven-github-demo] INFO  o.eclipse.m2e.core.internal.Bundles - 	Entry: C:\Program Files\eclipse\plugins\com.google.guava_33.4.8.jre.jar
2026-09-23 15:33:06,702 [Worker-48: Launching maven-github-demo] INFO  o.eclipse.m2e.core.internal.Bundles - getClasspathEntries(Bundle=slf4j.api_2.0.17 [1007])
2026-09-23 15:33:06,702 [Worker-48: Launching maven-github-demo] INFO  o.eclipse.m2e.core.internal.Bundles - 	Entry: C:\Program Files\eclipse\plugins\slf4j.api_2.0.17.jar
2026-09-23 15:33:06,702 [Worker-48: Launching maven-github-demo] INFO  o.eclipse.m2e.core.internal.Bundles - getClasspathEntries(Bundle=jakarta.inject.jakarta.inject-api_1.0.5 [35])
2026-09-23 15:33:06,703 [Worker-48: Launching maven-github-demo] INFO  o.eclipse.m2e.core.internal.Bundles - 	Entry: C:\Program Files\eclipse\plugins\jakarta.inject.jakarta.inject-api_1.0.5.jar
2026-09-23 15:33:06,703 [Worker-48: Launching maven-github-demo] INFO  o.eclipse.m2e.core.internal.Bundles - getClasspathEntries(Bundle=jakarta.annotation-api_1.3.5 [31])
2026-09-23 15:33:06,703 [Worker-48: Launching maven-github-demo] INFO  o.eclipse.m2e.core.internal.Bundles - 	Entry: C:\Program Files\eclipse\plugins\jakarta.annotation-api_1.3.5.jar
2026-09-23 15:33:06,703 [Worker-48: Launching maven-github-demo] INFO  o.eclipse.m2e.core.internal.Bundles - getClasspathEntries(Bundle=org.apache.commons.cli_1.10.0 [75])
2026-09-23 15:33:06,703 [Worker-48: Launching maven-github-demo] INFO  o.eclipse.m2e.core.internal.Bundles - 	Entry: C:\Program Files\eclipse\plugins\org.apache.commons.cli_1.10.0.jar
2026-09-23 15:33:06,703 [Worker-48: Launching maven-github-demo] INFO  o.eclipse.m2e.core.internal.Bundles - getClasspathEntries(Bundle=org.apache.commons.commons-codec_1.19.0 [77])
2026-09-23 15:33:06,703 [Worker-48: Launching maven-github-demo] INFO  o.eclipse.m2e.core.internal.Bundles - 	Entry: C:\Program Files\eclipse\plugins\org.apache.commons.commons-codec_1.19.0.jar
2026-09-23 15:33:06,703 [Worker-48: Launching maven-github-demo] INFO  o.eclipse.m2e.core.internal.Bundles - getClasspathEntries(Bundle=com.google.guava.failureaccess_1.0.3 [19])
2026-09-23 15:33:06,703 [Worker-48: Launching maven-github-demo] INFO  o.eclipse.m2e.core.internal.Bundles - 	Entry: C:\Program Files\eclipse\plugins\com.google.guava.failureaccess_1.0.3.jar
2026-09-23 15:33:06,705 [Worker-48: Launching maven-github-demo] INFO  o.e.m.i.launch.MavenLaunchDelegate - Run build in "C:\Users\Student-A\eclipse-workspace\maven-github-demo":
2026-09-23 15:33:06,705 [Worker-48: Launching maven-github-demo] INFO  o.e.m.i.launch.MavenLaunchDelegate -  mvn  -B -Dstyle.color=always clean
2026-09-23 15:33:13,095 [main] INFO  o.e.m2e.actions.ExecutePomAction - Creating new launch configuration
2026-09-23 15:33:28,662 [Worker-22: Launching maven-github-demo (1)] INFO  o.eclipse.m2e.core.internal.Bundles - getClasspathEntries(Bundle=org.eclipse.m2e.maven.runtime_3.9.1100.20250811-2018 [642])
2026-09-23 15:33:28,662 [Worker-22: Launching maven-github-demo (1)] INFO  o.eclipse.m2e.core.internal.Bundles - 	Entry: C:\Program Files\eclipse\plugins\org.eclipse.m2e.maven.runtime_3.9.1100.20250811-2018
2026-09-23 15:33:28,662 [Worker-22: Launching maven-github-demo (1)] INFO  o.eclipse.m2e.core.internal.Bundles - 	Entry: C:\Program Files\eclipse\plugins\org.eclipse.m2e.maven.runtime_3.9.1100.20250811-2018\jars\aopalliance-1.0.jar
2026-09-23 15:33:28,662 [Worker-22: Launching maven-github-demo (1)] INFO  o.eclipse.m2e.core.internal.Bundles - 	Entry: C:\Program Files\eclipse\plugins\org.eclipse.m2e.maven.runtime_3.9.1100.20250811-2018\jars\asm-9.8.jar
2026-09-23 15:33:28,662 [Worker-22: Launching maven-github-demo (1)] INFO  o.eclipse.m2e.core.internal.Bundles - 	Entry: C:\Program Files\eclipse\plugins\org.eclipse.m2e.maven.runtime_3.9.1100.20250811-2018\jars\error_prone_annotations-2.38.0.jar
2026-09-23 15:33:28,662 [Worker-22: Launching maven-github-demo (1)] INFO  o.eclipse.m2e.core.internal.Bundles - 	Entry: C:\Program Files\eclipse\plugins\org.eclipse.m2e.maven.runtime_3.9.1100.20250811-2018\jars\gson-2.13.1.jar
2026-09-23 15:33:28,662 [Worker-22: Launching maven-github-demo (1)] INFO  o.eclipse.m2e.core.internal.Bundles - 	Entry: C:\Program Files\eclipse\plugins\org.eclipse.m2e.maven.runtime_3.9.1100.20250811-2018\jars\guice-5.1.0-classes.jar
2026-09-23 15:33:28,662 [Worker-22: Launching maven-github-demo (1)] INFO  o.eclipse.m2e.core.internal.Bundles - 	Entry: C:\Program Files\eclipse\plugins\org.eclipse.m2e.maven.runtime_3.9.1100.20250811-2018\jars\httpclient-4.5.14.jar
2026-09-23 15:33:28,663 [Worker-22: Launching maven-github-demo (1)] INFO  o.eclipse.m2e.core.internal.Bundles - 	Entry: C:\Program Files\eclipse\plugins\org.eclipse.m2e.maven.runtime_3.9.1100.20250811-2018\jars\httpcore-4.4.16.jar
2026-09-23 15:33:28,663 [Worker-22: Launching maven-github-demo (1)] INFO  o.eclipse.m2e.core.internal.Bundles - 	Entry: C:\Program Files\eclipse\plugins\org.eclipse.m2e.maven.runtime_3.9.1100.20250811-2018\jars\jansi-2.4.2.jar
2026-09-23 15:33:28,663 [Worker-22: Launching maven-github-demo (1)] INFO  o.eclipse.m2e.core.internal.Bundles - 	Entry: C:\Program Files\eclipse\plugins\org.eclipse.m2e.maven.runtime_3.9.1100.20250811-2018\jars\jcl-over-slf4j-1.7.36.jar
2026-09-23 15:33:28,663 [Worker-22: Launching maven-github-demo (1)] INFO  o.eclipse.m2e.core.internal.Bundles - 	Entry: C:\Program Files\eclipse\plugins\org.eclipse.m2e.maven.runtime_3.9.1100.20250811-2018\jars\maven-artifact-3.9.11.jar
2026-09-23 15:33:28,663 [Worker-22: Launching maven-github-demo (1)] INFO  o.eclipse.m2e.core.internal.Bundles - 	Entry: C:\Program Files\eclipse\plugins\org.eclipse.m2e.maven.runtime_3.9.1100.20250811-2018\jars\maven-builder-support-3.9.11.jar
2026-09-23 15:33:28,663 [Worker-22: Launching maven-github-demo (1)] INFO  o.eclipse.m2e.core.internal.Bundles - 	Entry: C:\Program Files\eclipse\plugins\org.eclipse.m2e.maven.runtime_3.9.1100.20250811-2018\jars\maven-compat-3.9.11.jar
2026-09-23 15:33:28,663 [Worker-22: Launching maven-github-demo (1)] INFO  o.eclipse.m2e.core.internal.Bundles - 	Entry: C:\Program Files\eclipse\plugins\org.eclipse.m2e.maven.runtime_3.9.1100.20250811-2018\jars\maven-core-3.9.11.jar
2026-09-23 15:33:28,663 [Worker-22: Launching maven-github-demo (1)] INFO  o.eclipse.m2e.core.internal.Bundles - 	Entry: C:\Program Files\eclipse\plugins\org.eclipse.m2e.maven.runtime_3.9.1100.20250811-2018\jars\maven-embedder-3.9.11.jar
2026-09-23 15:33:28,663 [Worker-22: Launching maven-github-demo (1)] INFO  o.eclipse.m2e.core.internal.Bundles - 	Entry: C:\Program Files\eclipse\plugins\org.eclipse.m2e.maven.runtime_3.9.1100.20250811-2018\jars\maven-model-3.9.11.jar
2026-09-23 15:33:28,663 [Worker-22: Launching maven-github-demo (1)] INFO  o.eclipse.m2e.core.internal.Bundles - 	Entry: C:\Program Files\eclipse\plugins\org.eclipse.m2e.maven.runtime_3.9.1100.20250811-2018\jars\maven-model-builder-3.9.11.jar
2026-09-23 15:33:28,663 [Worker-22: Launching maven-github-demo (1)] INFO  o.eclipse.m2e.core.internal.Bundles - 	Entry: C:\Program Files\eclipse\plugins\org.eclipse.m2e.maven.runtime_3.9.1100.20250811-2018\jars\maven-plugin-api-3.9.11.jar
2026-09-23 15:33:28,663 [Worker-22: Launching maven-github-demo (1)] INFO  o.eclipse.m2e.core.internal.Bundles - 	Entry: C:\Program Files\eclipse\plugins\org.eclipse.m2e.maven.runtime_3.9.1100.20250811-2018\jars\maven-repository-metadata-3.9.11.jar
2026-09-23 15:33:28,663 [Worker-22: Launching maven-github-demo (1)] INFO  o.eclipse.m2e.core.internal.Bundles - 	Entry: C:\Program Files\eclipse\plugins\org.eclipse.m2e.maven.runtime_3.9.1100.20250811-2018\jars\maven-resolver-api-1.9.24.jar
2026-09-23 15:33:28,663 [Worker-22: Launching maven-github-demo (1)] INFO  o.eclipse.m2e.core.internal.Bundles - 	Entry: C:\Program Files\eclipse\plugins\org.eclipse.m2e.maven.runtime_3.9.1100.20250811-2018\jars\maven-resolver-connector-basic-1.9.24.jar
2026-09-23 15:33:28,663 [Worker-22: Launching maven-github-demo (1)] INFO  o.eclipse.m2e.core.internal.Bundles - 	Entry: C:\Program Files\eclipse\plugins\org.eclipse.m2e.maven.runtime_3.9.1100.20250811-2018\jars\maven-resolver-impl-1.9.24.jar
2026-09-23 15:33:28,663 [Worker-22: Launching maven-github-demo (1)] INFO  o.eclipse.m2e.core.internal.Bundles - 	Entry: C:\Program Files\eclipse\plugins\org.eclipse.m2e.maven.runtime_3.9.1100.20250811-2018\jars\maven-resolver-named-locks-1.9.24.jar
2026-09-23 15:33:28,663 [Worker-22: Launching maven-github-demo (1)] INFO  o.eclipse.m2e.core.internal.Bundles - 	Entry: C:\Program Files\eclipse\plugins\org.eclipse.m2e.maven.runtime_3.9.1100.20250811-2018\jars\maven-resolver-provider-3.9.11.jar
2026-09-23 15:33:28,663 [Worker-22: Launching maven-github-demo (1)] INFO  o.eclipse.m2e.core.internal.Bundles - 	Entry: C:\Program Files\eclipse\plugins\org.eclipse.m2e.maven.runtime_3.9.1100.20250811-2018\jars\maven-resolver-spi-1.9.24.jar
2026-09-23 15:33:28,664 [Worker-22: Launching maven-github-demo (1)] INFO  o.eclipse.m2e.core.internal.Bundles - 	Entry: C:\Program Files\eclipse\plugins\org.eclipse.m2e.maven.runtime_3.9.1100.20250811-2018\jars\maven-resolver-transport-file-1.9.24.jar
2026-09-23 15:33:28,664 [Worker-22: Launching maven-github-demo (1)] INFO  o.eclipse.m2e.core.internal.Bundles - 	Entry: C:\Program Files\eclipse\plugins\org.eclipse.m2e.maven.runtime_3.9.1100.20250811-2018\jars\maven-resolver-transport-http-1.9.24.jar
2026-09-23 15:33:28,664 [Worker-22: Launching maven-github-demo (1)] INFO  o.eclipse.m2e.core.internal.Bundles - 	Entry: C:\Program Files\eclipse\plugins\org.eclipse.m2e.maven.runtime_3.9.1100.20250811-2018\jars\maven-resolver-transport-wagon-1.9.24.jar
2026-09-23 15:33:28,664 [Worker-22: Launching maven-github-demo (1)] INFO  o.eclipse.m2e.core.internal.Bundles - 	Entry: C:\Program Files\eclipse\plugins\org.eclipse.m2e.maven.runtime_3.9.1100.20250811-2018\jars\maven-resolver-util-1.9.24.jar
2026-09-23 15:33:28,664 [Worker-22: Launching maven-github-demo (1)] INFO  o.eclipse.m2e.core.internal.Bundles - 	Entry: C:\Program Files\eclipse\plugins\org.eclipse.m2e.maven.runtime_3.9.1100.20250811-2018\jars\maven-settings-3.9.11.jar
2026-09-23 15:33:28,664 [Worker-22: Launching maven-github-demo (1)] INFO  o.eclipse.m2e.core.internal.Bundles - 	Entry: C:\Program Files\eclipse\plugins\org.eclipse.m2e.maven.runtime_3.9.1100.20250811-2018\jars\maven-settings-builder-3.9.11.jar
2026-09-23 15:33:28,664 [Worker-22: Launching maven-github-demo (1)] INFO  o.eclipse.m2e.core.internal.Bundles - 	Entry: C:\Program Files\eclipse\plugins\org.eclipse.m2e.maven.runtime_3.9.1100.20250811-2018\jars\maven-shared-utils-3.4.2.jar
2026-09-23 15:33:28,664 [Worker-22: Launching maven-github-demo (1)] INFO  o.eclipse.m2e.core.internal.Bundles - 	Entry: C:\Program Files\eclipse\plugins\org.eclipse.m2e.maven.runtime_3.9.1100.20250811-2018\jars\org.eclipse.sisu.inject-0.9.0.M4.jar
2026-09-23 15:33:28,664 [Worker-22: Launching maven-github-demo (1)] INFO  o.eclipse.m2e.core.internal.Bundles - 	Entry: C:\Program Files\eclipse\plugins\org.eclipse.m2e.maven.runtime_3.9.1100.20250811-2018\jars\org.eclipse.sisu.plexus-0.9.0.M4.jar
2026-09-23 15:33:28,664 [Worker-22: Launching maven-github-demo (1)] INFO  o.eclipse.m2e.core.internal.Bundles - 	Entry: C:\Program Files\eclipse\plugins\org.eclipse.m2e.maven.runtime_3.9.1100.20250811-2018\jars\plexus-build-api-0.0.7.jar
2026-09-23 15:33:28,664 [Worker-22: Launching maven-github-demo (1)] INFO  o.eclipse.m2e.core.internal.Bundles - 	Entry: C:\Program Files\eclipse\plugins\org.eclipse.m2e.maven.runtime_3.9.1100.20250811-2018\jars\plexus-build-api-1.2.0.jar
2026-09-23 15:33:28,664 [Worker-22: Launching maven-github-demo (1)] INFO  o.eclipse.m2e.core.internal.Bundles - 	Entry: C:\Program Files\eclipse\plugins\org.eclipse.m2e.maven.runtime_3.9.1100.20250811-2018\jars\plexus-cipher-2.0.jar
2026-09-23 15:33:28,664 [Worker-22: Launching maven-github-demo (1)] INFO  o.eclipse.m2e.core.internal.Bundles - 	Entry: C:\Program Files\eclipse\plugins\org.eclipse.m2e.maven.runtime_3.9.1100.20250811-2018\jars\plexus-classworlds-2.9.0.jar
2026-09-23 15:33:28,664 [Worker-22: Launching maven-github-demo (1)] INFO  o.eclipse.m2e.core.internal.Bundles - 	Entry: C:\Program Files\eclipse\plugins\org.eclipse.m2e.maven.runtime_3.9.1100.20250811-2018\jars\plexus-component-annotations-2.2.0.jar
2026-09-23 15:33:28,664 [Worker-22: Launching maven-github-demo (1)] INFO  o.eclipse.m2e.core.internal.Bundles - 	Entry: C:\Program Files\eclipse\plugins\org.eclipse.m2e.maven.runtime_3.9.1100.20250811-2018\jars\plexus-interpolation-1.28.jar
2026-09-23 15:33:28,664 [Worker-22: Launching maven-github-demo (1)] INFO  o.eclipse.m2e.core.internal.Bundles - 	Entry: C:\Program Files\eclipse\plugins\org.eclipse.m2e.maven.runtime_3.9.1100.20250811-2018\jars\plexus-sec-dispatcher-2.0.jar
2026-09-23 15:33:28,664 [Worker-22: Launching maven-github-demo (1)] INFO  o.eclipse.m2e.core.internal.Bundles - 	Entry: C:\Program Files\eclipse\plugins\org.eclipse.m2e.maven.runtime_3.9.1100.20250811-2018\jars\plexus-utils-3.6.0.jar
2026-09-23 15:33:28,664 [Worker-22: Launching maven-github-demo (1)] INFO  o.eclipse.m2e.core.internal.Bundles - 	Entry: C:\Program Files\eclipse\plugins\org.eclipse.m2e.maven.runtime_3.9.1100.20250811-2018\jars\wagon-file-3.5.3.jar
2026-09-23 15:33:28,665 [Worker-22: Launching maven-github-demo (1)] INFO  o.eclipse.m2e.core.internal.Bundles - 	Entry: C:\Program Files\eclipse\plugins\org.eclipse.m2e.maven.runtime_3.9.1100.20250811-2018\jars\wagon-http-3.5.3.jar
2026-09-23 15:33:28,665 [Worker-22: Launching maven-github-demo (1)] INFO  o.eclipse.m2e.core.internal.Bundles - 	Entry: C:\Program Files\eclipse\plugins\org.eclipse.m2e.maven.runtime_3.9.1100.20250811-2018\jars\wagon-http-shared-3.5.3.jar
2026-09-23 15:33:28,665 [Worker-22: Launching maven-github-demo (1)] INFO  o.eclipse.m2e.core.internal.Bundles - 	Entry: C:\Program Files\eclipse\plugins\org.eclipse.m2e.maven.runtime_3.9.1100.20250811-2018\jars\wagon-provider-api-3.5.3.jar
2026-09-23 15:33:28,665 [Worker-22: Launching maven-github-demo (1)] INFO  o.eclipse.m2e.core.internal.Bundles - getClasspathEntries(Bundle=com.google.guava_33.4.8.jre [18])
2026-09-23 15:33:28,665 [Worker-22: Launching maven-github-demo (1)] INFO  o.eclipse.m2e.core.internal.Bundles - 	Entry: C:\Program Files\eclipse\plugins\com.google.guava_33.4.8.jre.jar
2026-09-23 15:33:28,665 [Worker-22: Launching maven-github-demo (1)] INFO  o.eclipse.m2e.core.internal.Bundles - getClasspathEntries(Bundle=slf4j.api_2.0.17 [1007])
2026-09-23 15:33:28,665 [Worker-22: Launching maven-github-demo (1)] INFO  o.eclipse.m2e.core.internal.Bundles - 	Entry: C:\Program Files\eclipse\plugins\slf4j.api_2.0.17.jar
2026-09-23 15:33:28,665 [Worker-22: Launching maven-github-demo (1)] INFO  o.eclipse.m2e.core.internal.Bundles - getClasspathEntries(Bundle=jakarta.inject.jakarta.inject-api_1.0.5 [35])
2026-09-23 15:33:28,665 [Worker-22: Launching maven-github-demo (1)] INFO  o.eclipse.m2e.core.internal.Bundles - 	Entry: C:\Program Files\eclipse\plugins\jakarta.inject.jakarta.inject-api_1.0.5.jar
2026-09-23 15:33:28,665 [Worker-22: Launching maven-github-demo (1)] INFO  o.eclipse.m2e.core.internal.Bundles - getClasspathEntries(Bundle=jakarta.annotation-api_1.3.5 [31])
2026-09-23 15:33:28,665 [Worker-22: Launching maven-github-demo (1)] INFO  o.eclipse.m2e.core.internal.Bundles - 	Entry: C:\Program Files\eclipse\plugins\jakarta.annotation-api_1.3.5.jar
2026-09-23 15:33:28,665 [Worker-22: Launching maven-github-demo (1)] INFO  o.eclipse.m2e.core.internal.Bundles - getClasspathEntries(Bundle=org.apache.commons.cli_1.10.0 [75])
2026-09-23 15:33:28,665 [Worker-22: Launching maven-github-demo (1)] INFO  o.eclipse.m2e.core.internal.Bundles - 	Entry: C:\Program Files\eclipse\plugins\org.apache.commons.cli_1.10.0.jar
2026-09-23 15:33:28,665 [Worker-22: Launching maven-github-demo (1)] INFO  o.eclipse.m2e.core.internal.Bundles - getClasspathEntries(Bundle=org.apache.commons.commons-codec_1.19.0 [77])
2026-09-23 15:33:28,666 [Worker-22: Launching maven-github-demo (1)] INFO  o.eclipse.m2e.core.internal.Bundles - 	Entry: C:\Program Files\eclipse\plugins\org.apache.commons.commons-codec_1.19.0.jar
2026-09-23 15:33:28,666 [Worker-22: Launching maven-github-demo (1)] INFO  o.eclipse.m2e.core.internal.Bundles - getClasspathEntries(Bundle=com.google.guava.failureaccess_1.0.3 [19])
2026-09-23 15:33:28,666 [Worker-22: Launching maven-github-demo (1)] INFO  o.eclipse.m2e.core.internal.Bundles - 	Entry: C:\Program Files\eclipse\plugins\com.google.guava.failureaccess_1.0.3.jar
2026-09-23 15:33:28,667 [Worker-22: Launching maven-github-demo (1)] INFO  o.e.m.i.launch.MavenLaunchDelegate - Run build in "C:\Users\Student-A\eclipse-workspace\maven-github-demo":
2026-09-23 15:33:28,667 [Worker-22: Launching maven-github-demo (1)] INFO  o.e.m.i.launch.MavenLaunchDelegate -  mvn  -B -Dstyle.color=always test
2026-09-23 15:33:41,228 [main] INFO  o.e.m2e.actions.ExecutePomAction - Creating new launch configuration
2026-09-23 15:33:48,746 [Worker-22: Launching maven-github-demo (2)] INFO  o.eclipse.m2e.core.internal.Bundles - getClasspathEntries(Bundle=org.eclipse.m2e.maven.runtime_3.9.1100.20250811-2018 [642])
2026-09-23 15:33:48,746 [Worker-22: Launching maven-github-demo (2)] INFO  o.eclipse.m2e.core.internal.Bundles - 	Entry: C:\Program Files\eclipse\plugins\org.eclipse.m2e.maven.runtime_3.9.1100.20250811-2018
2026-09-23 15:33:48,747 [Worker-22: Launching maven-github-demo (2)] INFO  o.eclipse.m2e.core.internal.Bundles - 	Entry: C:\Program Files\eclipse\plugins\org.eclipse.m2e.maven.runtime_3.9.1100.20250811-2018\jars\aopalliance-1.0.jar
2026-09-23 15:33:48,747 [Worker-22: Launching maven-github-demo (2)] INFO  o.eclipse.m2e.core.internal.Bundles - 	Entry: C:\Program Files\eclipse\plugins\org.eclipse.m2e.maven.runtime_3.9.1100.20250811-2018\jars\asm-9.8.jar
2026-09-23 15:33:48,747 [Worker-22: Launching maven-github-demo (2)] INFO  o.eclipse.m2e.core.internal.Bundles - 	Entry: C:\Program Files\eclipse\plugins\org.eclipse.m2e.maven.runtime_3.9.1100.20250811-2018\jars\error_prone_annotations-2.38.0.jar
2026-09-23 15:33:48,747 [Worker-22: Launching maven-github-demo (2)] INFO  o.eclipse.m2e.core.internal.Bundles - 	Entry: C:\Program Files\eclipse\plugins\org.eclipse.m2e.maven.runtime_3.9.1100.20250811-2018\jars\gson-2.13.1.jar
2026-09-23 15:33:48,747 [Worker-22: Launching maven-github-demo (2)] INFO  o.eclipse.m2e.core.internal.Bundles - 	Entry: C:\Program Files\eclipse\plugins\org.eclipse.m2e.maven.runtime_3.9.1100.20250811-2018\jars\guice-5.1.0-classes.jar
2026-09-23 15:33:48,747 [Worker-22: Launching maven-github-demo (2)] INFO  o.eclipse.m2e.core.internal.Bundles - 	Entry: C:\Program Files\eclipse\plugins\org.eclipse.m2e.maven.runtime_3.9.1100.20250811-2018\jars\httpclient-4.5.14.jar
2026-09-23 15:33:48,747 [Worker-22: Launching maven-github-demo (2)] INFO  o.eclipse.m2e.core.internal.Bundles - 	Entry: C:\Program Files\eclipse\plugins\org.eclipse.m2e.maven.runtime_3.9.1100.20250811-2018\jars\httpcore-4.4.16.jar
2026-09-23 15:33:48,747 [Worker-22: Launching maven-github-demo (2)] INFO  o.eclipse.m2e.core.internal.Bundles - 	Entry: C:\Program Files\eclipse\plugins\org.eclipse.m2e.maven.runtime_3.9.1100.20250811-2018\jars\jansi-2.4.2.jar
2026-09-23 15:33:48,747 [Worker-22: Launching maven-github-demo (2)] INFO  o.eclipse.m2e.core.internal.Bundles - 	Entry: C:\Program Files\eclipse\plugins\org.eclipse.m2e.maven.runtime_3.9.1100.20250811-2018\jars\jcl-over-slf4j-1.7.36.jar
2026-09-23 15:33:48,747 [Worker-22: Launching maven-github-demo (2)] INFO  o.eclipse.m2e.core.internal.Bundles - 	Entry: C:\Program Files\eclipse\plugins\org.eclipse.m2e.maven.runtime_3.9.1100.20250811-2018\jars\maven-artifact-3.9.11.jar
2026-09-23 15:33:48,747 [Worker-22: Launching maven-github-demo (2)] INFO  o.eclipse.m2e.core.internal.Bundles - 	Entry: C:\Program Files\eclipse\plugins\org.eclipse.m2e.maven.runtime_3.9.1100.20250811-2018\jars\maven-builder-support-3.9.11.jar
2026-09-23 15:33:48,747 [Worker-22: Launching maven-github-demo (2)] INFO  o.eclipse.m2e.core.internal.Bundles - 	Entry: C:\Program Files\eclipse\plugins\org.eclipse.m2e.maven.runtime_3.9.1100.20250811-2018\jars\maven-compat-3.9.11.jar
2026-09-23 15:33:48,747 [Worker-22: Launching maven-github-demo (2)] INFO  o.eclipse.m2e.core.internal.Bundles - 	Entry: C:\Program Files\eclipse\plugins\org.eclipse.m2e.maven.runtime_3.9.1100.20250811-2018\jars\maven-core-3.9.11.jar
2026-09-23 15:33:48,747 [Worker-22: Launching maven-github-demo (2)] INFO  o.eclipse.m2e.core.internal.Bundles - 	Entry: C:\Program Files\eclipse\plugins\org.eclipse.m2e.maven.runtime_3.9.1100.20250811-2018\jars\maven-embedder-3.9.11.jar
2026-09-23 15:33:48,747 [Worker-22: Launching maven-github-demo (2)] INFO  o.eclipse.m2e.core.internal.Bundles - 	Entry: C:\Program Files\eclipse\plugins\org.eclipse.m2e.maven.runtime_3.9.1100.20250811-2018\jars\maven-model-3.9.11.jar
2026-09-23 15:33:48,747 [Worker-22: Launching maven-github-demo (2)] INFO  o.eclipse.m2e.core.internal.Bundles - 	Entry: C:\Program Files\eclipse\plugins\org.eclipse.m2e.maven.runtime_3.9.1100.20250811-2018\jars\maven-model-builder-3.9.11.jar
2026-09-23 15:33:48,747 [Worker-22: Launching maven-github-demo (2)] INFO  o.eclipse.m2e.core.internal.Bundles - 	Entry: C:\Program Files\eclipse\plugins\org.eclipse.m2e.maven.runtime_3.9.1100.20250811-2018\jars\maven-plugin-api-3.9.11.jar
2026-09-23 15:33:48,748 [Worker-22: Launching maven-github-demo (2)] INFO  o.eclipse.m2e.core.internal.Bundles - 	Entry: C:\Program Files\eclipse\plugins\org.eclipse.m2e.maven.runtime_3.9.1100.20250811-2018\jars\maven-repository-metadata-3.9.11.jar
2026-09-23 15:33:48,748 [Worker-22: Launching maven-github-demo (2)] INFO  o.eclipse.m2e.core.internal.Bundles - 	Entry: C:\Program Files\eclipse\plugins\org.eclipse.m2e.maven.runtime_3.9.1100.20250811-2018\jars\maven-resolver-api-1.9.24.jar
2026-09-23 15:33:48,748 [Worker-22: Launching maven-github-demo (2)] INFO  o.eclipse.m2e.core.internal.Bundles - 	Entry: C:\Program Files\eclipse\plugins\org.eclipse.m2e.maven.runtime_3.9.1100.20250811-2018\jars\maven-resolver-connector-basic-1.9.24.jar
2026-09-23 15:33:48,748 [Worker-22: Launching maven-github-demo (2)] INFO  o.eclipse.m2e.core.internal.Bundles - 	Entry: C:\Program Files\eclipse\plugins\org.eclipse.m2e.maven.runtime_3.9.1100.20250811-2018\jars\maven-resolver-impl-1.9.24.jar
2026-09-23 15:33:48,748 [Worker-22: Launching maven-github-demo (2)] INFO  o.eclipse.m2e.core.internal.Bundles - 	Entry: C:\Program Files\eclipse\plugins\org.eclipse.m2e.maven.runtime_3.9.1100.20250811-2018\jars\maven-resolver-named-locks-1.9.24.jar
2026-09-23 15:33:48,748 [Worker-22: Launching maven-github-demo (2)] INFO  o.eclipse.m2e.core.internal.Bundles - 	Entry: C:\Program Files\eclipse\plugins\org.eclipse.m2e.maven.runtime_3.9.1100.20250811-2018\jars\maven-resolver-provider-3.9.11.jar
2026-09-23 15:33:48,748 [Worker-22: Launching maven-github-demo (2)] INFO  o.eclipse.m2e.core.internal.Bundles - 	Entry: C:\Program Files\eclipse\plugins\org.eclipse.m2e.maven.runtime_3.9.1100.20250811-2018\jars\maven-resolver-spi-1.9.24.jar
2026-09-23 15:33:48,748 [Worker-22: Launching maven-github-demo (2)] INFO  o.eclipse.m2e.core.internal.Bundles - 	Entry: C:\Program Files\eclipse\plugins\org.eclipse.m2e.maven.runtime_3.9.1100.20250811-2018\jars\maven-resolver-transport-file-1.9.24.jar
2026-09-23 15:33:48,748 [Worker-22: Launching maven-github-demo (2)] INFO  o.eclipse.m2e.core.internal.Bundles - 	Entry: C:\Program Files\eclipse\plugins\org.eclipse.m2e.maven.runtime_3.9.1100.20250811-2018\jars\maven-resolver-transport-http-1.9.24.jar
2026-09-23 15:33:48,748 [Worker-22: Launching maven-github-demo (2)] INFO  o.eclipse.m2e.core.internal.Bundles - 	Entry: C:\Program Files\eclipse\plugins\org.eclipse.m2e.maven.runtime_3.9.1100.20250811-2018\jars\maven-resolver-transport-wagon-1.9.24.jar
2026-09-23 15:33:48,748 [Worker-22: Launching maven-github-demo (2)] INFO  o.eclipse.m2e.core.internal.Bundles - 	Entry: C:\Program Files\eclipse\plugins\org.eclipse.m2e.maven.runtime_3.9.1100.20250811-2018\jars\maven-resolver-util-1.9.24.jar
2026-09-23 15:33:48,748 [Worker-22: Launching maven-github-demo (2)] INFO  o.eclipse.m2e.core.internal.Bundles - 	Entry: C:\Program Files\eclipse\plugins\org.eclipse.m2e.maven.runtime_3.9.1100.20250811-2018\jars\maven-settings-3.9.11.jar
2026-09-23 15:33:48,748 [Worker-22: Launching maven-github-demo (2)] INFO  o.eclipse.m2e.core.internal.Bundles - 	Entry: C:\Program Files\eclipse\plugins\org.eclipse.m2e.maven.runtime_3.9.1100.20250811-2018\jars\maven-settings-builder-3.9.11.jar
2026-09-23 15:33:48,748 [Worker-22: Launching maven-github-demo (2)] INFO  o.eclipse.m2e.core.internal.Bundles - 	Entry: C:\Program Files\eclipse\plugins\org.eclipse.m2e.maven.runtime_3.9.1100.20250811-2018\jars\maven-shared-utils-3.4.2.jar
2026-09-23 15:33:48,748 [Worker-22: Launching maven-github-demo (2)] INFO  o.eclipse.m2e.core.internal.Bundles - 	Entry: C:\Program Files\eclipse\plugins\org.eclipse.m2e.maven.runtime_3.9.1100.20250811-2018\jars\org.eclipse.sisu.inject-0.9.0.M4.jar
2026-09-23 15:33:48,748 [Worker-22: Launching maven-github-demo (2)] INFO  o.eclipse.m2e.core.internal.Bundles - 	Entry: C:\Program Files\eclipse\plugins\org.eclipse.m2e.maven.runtime_3.9.1100.20250811-2018\jars\org.eclipse.sisu.plexus-0.9.0.M4.jar
2026-09-23 15:33:48,748 [Worker-22: Launching maven-github-demo (2)] INFO  o.eclipse.m2e.core.internal.Bundles - 	Entry: C:\Program Files\eclipse\plugins\org.eclipse.m2e.maven.runtime_3.9.1100.20250811-2018\jars\plexus-build-api-0.0.7.jar
2026-09-23 15:33:48,748 [Worker-22: Launching maven-github-demo (2)] INFO  o.eclipse.m2e.core.internal.Bundles - 	Entry: C:\Program Files\eclipse\plugins\org.eclipse.m2e.maven.runtime_3.9.1100.20250811-2018\jars\plexus-build-api-1.2.0.jar
2026-09-23 15:33:48,748 [Worker-22: Launching maven-github-demo (2)] INFO  o.eclipse.m2e.core.internal.Bundles - 	Entry: C:\Program Files\eclipse\plugins\org.eclipse.m2e.maven.runtime_3.9.1100.20250811-2018\jars\plexus-cipher-2.0.jar
2026-09-23 15:33:48,749 [Worker-22: Launching maven-github-demo (2)] INFO  o.eclipse.m2e.core.internal.Bundles - 	Entry: C:\Program Files\eclipse\plugins\org.eclipse.m2e.maven.runtime_3.9.1100.20250811-2018\jars\plexus-classworlds-2.9.0.jar
2026-09-23 15:33:48,749 [Worker-22: Launching maven-github-demo (2)] INFO  o.eclipse.m2e.core.internal.Bundles - 	Entry: C:\Program Files\eclipse\plugins\org.eclipse.m2e.maven.runtime_3.9.1100.20250811-2018\jars\plexus-component-annotations-2.2.0.jar
2026-09-23 15:33:48,749 [Worker-22: Launching maven-github-demo (2)] INFO  o.eclipse.m2e.core.internal.Bundles - 	Entry: C:\Program Files\eclipse\plugins\org.eclipse.m2e.maven.runtime_3.9.1100.20250811-2018\jars\plexus-interpolation-1.28.jar
2026-09-23 15:33:48,749 [Worker-22: Launching maven-github-demo (2)] INFO  o.eclipse.m2e.core.internal.Bundles - 	Entry: C:\Program Files\eclipse\plugins\org.eclipse.m2e.maven.runtime_3.9.1100.20250811-2018\jars\plexus-sec-dispatcher-2.0.jar
2026-09-23 15:33:48,749 [Worker-22: Launching maven-github-demo (2)] INFO  o.eclipse.m2e.core.internal.Bundles - 	Entry: C:\Program Files\eclipse\plugins\org.eclipse.m2e.maven.runtime_3.9.1100.20250811-2018\jars\plexus-utils-3.6.0.jar
2026-09-23 15:33:48,749 [Worker-22: Launching maven-github-demo (2)] INFO  o.eclipse.m2e.core.internal.Bundles - 	Entry: C:\Program Files\eclipse\plugins\org.eclipse.m2e.maven.runtime_3.9.1100.20250811-2018\jars\wagon-file-3.5.3.jar
2026-09-23 15:33:48,749 [Worker-22: Launching maven-github-demo (2)] INFO  o.eclipse.m2e.core.internal.Bundles - 	Entry: C:\Program Files\eclipse\plugins\org.eclipse.m2e.maven.runtime_3.9.1100.20250811-2018\jars\wagon-http-3.5.3.jar
2026-09-23 15:33:48,749 [Worker-22: Launching maven-github-demo (2)] INFO  o.eclipse.m2e.core.internal.Bundles - 	Entry: C:\Program Files\eclipse\plugins\org.eclipse.m2e.maven.runtime_3.9.1100.20250811-2018\jars\wagon-http-shared-3.5.3.jar
2026-09-23 15:33:48,749 [Worker-22: Launching maven-github-demo (2)] INFO  o.eclipse.m2e.core.internal.Bundles - 	Entry: C:\Program Files\eclipse\plugins\org.eclipse.m2e.maven.runtime_3.9.1100.20250811-2018\jars\wagon-provider-api-3.5.3.jar
2026-09-23 15:33:48,749 [Worker-22: Launching maven-github-demo (2)] INFO  o.eclipse.m2e.core.internal.Bundles - getClasspathEntries(Bundle=com.google.guava_33.4.8.jre [18])
2026-09-23 15:33:48,749 [Worker-22: Launching maven-github-demo (2)] INFO  o.eclipse.m2e.core.internal.Bundles - 	Entry: C:\Program Files\eclipse\plugins\com.google.guava_33.4.8.jre.jar
2026-09-23 15:33:48,749 [Worker-22: Launching maven-github-demo (2)] INFO  o.eclipse.m2e.core.internal.Bundles - getClasspathEntries(Bundle=slf4j.api_2.0.17 [1007])
2026-09-23 15:33:48,749 [Worker-22: Launching maven-github-demo (2)] INFO  o.eclipse.m2e.core.internal.Bundles - 	Entry: C:\Program Files\eclipse\plugins\slf4j.api_2.0.17.jar
2026-09-23 15:33:48,749 [Worker-22: Launching maven-github-demo (2)] INFO  o.eclipse.m2e.core.internal.Bundles - getClasspathEntries(Bundle=jakarta.inject.jakarta.inject-api_1.0.5 [35])
2026-09-23 15:33:48,749 [Worker-22: Launching maven-github-demo (2)] INFO  o.eclipse.m2e.core.internal.Bundles - 	Entry: C:\Program Files\eclipse\plugins\jakarta.inject.jakarta.inject-api_1.0.5.jar
2026-09-23 15:33:48,749 [Worker-22: Launching maven-github-demo (2)] INFO  o.eclipse.m2e.core.internal.Bundles - getClasspathEntries(Bundle=jakarta.annotation-api_1.3.5 [31])
2026-09-23 15:33:48,750 [Worker-22: Launching maven-github-demo (2)] INFO  o.eclipse.m2e.core.internal.Bundles - 	Entry: C:\Program Files\eclipse\plugins\jakarta.annotation-api_1.3.5.jar
2026-09-23 15:33:48,750 [Worker-22: Launching maven-github-demo (2)] INFO  o.eclipse.m2e.core.internal.Bundles - getClasspathEntries(Bundle=org.apache.commons.cli_1.10.0 [75])
2026-09-23 15:33:48,750 [Worker-22: Launching maven-github-demo (2)] INFO  o.eclipse.m2e.core.internal.Bundles - 	Entry: C:\Program Files\eclipse\plugins\org.apache.commons.cli_1.10.0.jar
2026-09-23 15:33:48,750 [Worker-22: Launching maven-github-demo (2)] INFO  o.eclipse.m2e.core.internal.Bundles - getClasspathEntries(Bundle=org.apache.commons.commons-codec_1.19.0 [77])
2026-09-23 15:33:48,750 [Worker-22: Launching maven-github-demo (2)] INFO  o.eclipse.m2e.core.internal.Bundles - 	Entry: C:\Program Files\eclipse\plugins\org.apache.commons.commons-codec_1.19.0.jar
2026-09-23 15:33:48,750 [Worker-22: Launching maven-github-demo (2)] INFO  o.eclipse.m2e.core.internal.Bundles - getClasspathEntries(Bundle=com.google.guava.failureaccess_1.0.3 [19])
2026-09-23 15:33:48,750 [Worker-22: Launching maven-github-demo (2)] INFO  o.eclipse.m2e.core.internal.Bundles - 	Entry: C:\Program Files\eclipse\plugins\com.google.guava.failureaccess_1.0.3.jar
2026-09-23 15:33:48,752 [Worker-22: Launching maven-github-demo (2)] INFO  o.e.m.i.launch.MavenLaunchDelegate - Run build in "C:\Users\Student-A\eclipse-workspace\maven-github-demo":
2026-09-23 15:33:48,752 [Worker-22: Launching maven-github-demo (2)] INFO  o.e.m.i.launch.MavenLaunchDelegate -  mvn  -B -Dstyle.color=always clean package
2026-09-23 15:33:53,953 [Worker-22: Building] INFO  o.a.m.s.f.DefaultMavenResourcesFiltering - skip non existing resourceDirectory C:\Users\Student-A\eclipse-workspace\maven-github-demo\src\main\resources
2026-09-23 15:33:53,955 [Worker-22: Building] INFO  o.a.m.s.f.DefaultMavenResourcesFiltering - skip non existing resourceDirectory C:\Users\Student-A\eclipse-workspace\maven-github-demo\src\test\resources
2026-09-23 15:33:53,967 [Worker-22: Building] WARN  o.apache.maven.project.MavenProject - Direct modification of compileSourceRoots through clear() is deprecated and will not work in Maven 4.0.0. Please use the add/remove methods instead. If you're using a plugin that causes this warning, please upgrade to the latest version and report an issue if the warning persists. To disable these warnings, set -Dmaven.project.sourceRoots.warningsDisabled=true on the command line, in the .mvn/maven.config file, or in project POM properties.
2026-09-23 15:33:53,968 [Worker-22: Building] WARN  o.apache.maven.project.MavenProject - Direct modification of compileSourceRoots through add() is deprecated and will not work in Maven 4.0.0. Please use the add/remove methods instead. If you're using a plugin that causes this warning, please upgrade to the latest version and report an issue if the warning persists. To disable these warnings, set -Dmaven.project.sourceRoots.warningsDisabled=true on the command line, in the .mvn/maven.config file, or in project POM properties.
2026-09-23 15:33:53,968 [Worker-22: Building] WARN  o.apache.maven.project.MavenProject - Direct modification of testCompileSourceRoots through clear() is deprecated and will not work in Maven 4.0.0. Please use the add/remove methods instead. If you're using a plugin that causes this warning, please upgrade to the latest version and report an issue if the warning persists. To disable these warnings, set -Dmaven.project.sourceRoots.warningsDisabled=true on the command line, in the .mvn/maven.config file, or in project POM properties.
2026-09-23 15:33:53,968 [Worker-22: Building] WARN  o.apache.maven.project.MavenProject - Direct modification of testCompileSourceRoots through add() is deprecated and will not work in Maven 4.0.0. Please use the add/remove methods instead. If you're using a plugin that causes this warning, please upgrade to the latest version and report an issue if the warning persists. To disable these warnings, set -Dmaven.project.sourceRoots.warningsDisabled=true on the command line, in the .mvn/maven.config file, or in project POM properties.
2026-09-23 15:43:59,245 [Worker-8: Building] INFO  o.a.m.s.f.DefaultMavenResourcesFiltering - skip non existing resourceDirectory C:\Users\Student-A\eclipse-workspace\maven-github-demo\src\main\resources
2026-09-23 15:43:59,246 [Worker-8: Building] INFO  o.a.m.s.f.DefaultMavenResourcesFiltering - skip non existing resourceDirectory C:\Users\Student-A\eclipse-workspace\maven-github-demo\src\test\resources
2026-09-23 15:43:59,246 [Worker-8: Building] WARN  o.apache.maven.project.MavenProject - Direct modification of compileSourceRoots through clear() is deprecated and will not work in Maven 4.0.0. Please use the add/remove methods instead. If you're using a plugin that causes this warning, please upgrade to the latest version and report an issue if the warning persists. To disable these warnings, set -Dmaven.project.sourceRoots.warningsDisabled=true on the command line, in the .mvn/maven.config file, or in project POM properties.
2026-09-23 15:43:59,247 [Worker-8: Building] WARN  o.apache.maven.project.MavenProject - Direct modification of compileSourceRoots through add() is deprecated and will not work in Maven 4.0.0. Please use the add/remove methods instead. If you're using a plugin that causes this warning, please upgrade to the latest version and report an issue if the warning persists. To disable these warnings, set -Dmaven.project.sourceRoots.warningsDisabled=true on the command line, in the .mvn/maven.config file, or in project POM properties.
2026-09-23 15:43:59,248 [Worker-8: Building] WARN  o.apache.maven.project.MavenProject - Direct modification of testCompileSourceRoots through clear() is deprecated and will not work in Maven 4.0.0. Please use the add/remove methods instead. If you're using a plugin that causes this warning, please upgrade to the latest version and report an issue if the warning persists. To disable these warnings, set -Dmaven.project.sourceRoots.warningsDisabled=true on the command line, in the .mvn/maven.config file, or in project POM properties.
2026-09-23 15:43:59,248 [Worker-8: Building] WARN  o.apache.maven.project.MavenProject - Direct modification of testCompileSourceRoots through add() is deprecated and will not work in Maven 4.0.0. Please use the add/remove methods instead. If you're using a plugin that causes this warning, please upgrade to the latest version and report an issue if the warning persists. To disable these warnings, set -Dmaven.project.sourceRoots.warningsDisabled=true on the command line, in the .mvn/maven.config file, or in project POM properties.
2026-09-23 15:58:22,660 [Worker-57: Building] INFO  o.a.m.s.f.DefaultMavenResourcesFiltering - skip non existing resourceDirectory C:\Users\Student-A\eclipse-workspace\maven-github-demo\src\main\resources
2026-09-23 15:58:22,662 [Worker-57: Building] INFO  o.a.m.s.f.DefaultMavenResourcesFiltering - skip non existing resourceDirectory C:\Users\Student-A\eclipse-workspace\maven-github-demo\src\test\resources
2026-09-23 15:58:22,662 [Worker-57: Building] WARN  o.apache.maven.project.MavenProject - Direct modification of compileSourceRoots through clear() is deprecated and will not work in Maven 4.0.0. Please use the add/remove methods instead. If you're using a plugin that causes this warning, please upgrade to the latest version and report an issue if the warning persists. To disable these warnings, set -Dmaven.project.sourceRoots.warningsDisabled=true on the command line, in the .mvn/maven.config file, or in project POM properties.
2026-09-23 15:58:22,663 [Worker-57: Building] WARN  o.apache.maven.project.MavenProject - Direct modification of compileSourceRoots through add() is deprecated and will not work in Maven 4.0.0. Please use the add/remove methods instead. If you're using a plugin that causes this warning, please upgrade to the latest version and report an issue if the warning persists. To disable these warnings, set -Dmaven.project.sourceRoots.warningsDisabled=true on the command line, in the .mvn/maven.config file, or in project POM properties.
2026-09-23 15:58:22,663 [Worker-57: Building] WARN  o.apache.maven.project.MavenProject - Direct modification of testCompileSourceRoots through clear() is deprecated and will not work in Maven 4.0.0. Please use the add/remove methods instead. If you're using a plugin that causes this warning, please upgrade to the latest version and report an issue if the warning persists. To disable these warnings, set -Dmaven.project.sourceRoots.warningsDisabled=true on the command line, in the .mvn/maven.config file, or in project POM properties.
2026-09-23 15:58:22,663 [Worker-57: Building] WARN  o.apache.maven.project.MavenProject - Direct modification of testCompileSourceRoots through add() is deprecated and will not work in Maven 4.0.0. Please use the add/remove methods instead. If you're using a plugin that causes this warning, please upgrade to the latest version and report an issue if the warning persists. To disable these warnings, set -Dmaven.project.sourceRoots.warningsDisabled=true on the command line, in the .mvn/maven.config file, or in project POM properties.
2026-09-23 16:02:30,156 [Worker-59: Building] INFO  o.a.m.s.f.DefaultMavenResourcesFiltering - skip non existing resourceDirectory C:\Users\Student-A\eclipse-workspace\maven-github-demo\src\main\resources
2026-09-23 16:02:30,157 [Worker-59: Building] INFO  o.a.m.s.f.DefaultMavenResourcesFiltering - skip non existing resourceDirectory C:\Users\Student-A\eclipse-workspace\maven-github-demo\src\test\resources
2026-09-23 16:02:30,157 [Worker-59: Building] WARN  o.apache.maven.project.MavenProject - Direct modification of compileSourceRoots through clear() is deprecated and will not work in Maven 4.0.0. Please use the add/remove methods instead. If you're using a plugin that causes this warning, please upgrade to the latest version and report an issue if the warning persists. To disable these warnings, set -Dmaven.project.sourceRoots.warningsDisabled=true on the command line, in the .mvn/maven.config file, or in project POM properties.
2026-09-23 16:02:30,158 [Worker-59: Building] WARN  o.apache.maven.project.MavenProject - Direct modification of compileSourceRoots through add() is deprecated and will not work in Maven 4.0.0. Please use the add/remove methods instead. If you're using a plugin that causes this warning, please upgrade to the latest version and report an issue if the warning persists. To disable these warnings, set -Dmaven.project.sourceRoots.warningsDisabled=true on the command line, in the .mvn/maven.config file, or in project POM properties.
2026-09-23 16:02:30,159 [Worker-59: Building] WARN  o.apache.maven.project.MavenProject - Direct modification of testCompileSourceRoots through clear() is deprecated and will not work in Maven 4.0.0. Please use the add/remove methods instead. If you're using a plugin that causes this warning, please upgrade to the latest version and report an issue if the warning persists. To disable these warnings, set -Dmaven.project.sourceRoots.warningsDisabled=true on the command line, in the .mvn/maven.config file, or in project POM properties.
2026-09-23 16:02:30,159 [Worker-59: Building] WARN  o.apache.maven.project.MavenProject - Direct modification of testCompileSourceRoots through add() is deprecated and will not work in Maven 4.0.0. Please use the add/remove methods instead. If you're using a plugin that causes this warning, please upgrade to the latest version and report an issue if the warning persists. To disable these warnings, set -Dmaven.project.sourceRoots.warningsDisabled=true on the command line, in the .mvn/maven.config file, or in project POM properties.
2026-09-23 16:12:06,138 [Worker-62: Building] INFO  o.a.m.s.f.DefaultMavenResourcesFiltering - skip non existing resourceDirectory C:\Users\Student-A\eclipse-workspace\maven-github-demo\src\main\resources
2026-09-23 16:12:06,139 [Worker-62: Building] INFO  o.a.m.s.f.DefaultMavenResourcesFiltering - skip non existing resourceDirectory C:\Users\Student-A\eclipse-workspace\maven-github-demo\src\test\resources
2026-09-23 16:12:06,139 [Worker-62: Building] WARN  o.apache.maven.project.MavenProject - Direct modification of compileSourceRoots through clear() is deprecated and will not work in Maven 4.0.0. Please use the add/remove methods instead. If you're using a plugin that causes this warning, please upgrade to the latest version and report an issue if the warning persists. To disable these warnings, set -Dmaven.project.sourceRoots.warningsDisabled=true on the command line, in the .mvn/maven.config file, or in project POM properties.
2026-09-23 16:12:06,140 [Worker-62: Building] WARN  o.apache.maven.project.MavenProject - Direct modification of compileSourceRoots through add() is deprecated and will not work in Maven 4.0.0. Please use the add/remove methods instead. If you're using a plugin that causes this warning, please upgrade to the latest version and report an issue if the warning persists. To disable these warnings, set -Dmaven.project.sourceRoots.warningsDisabled=true on the command line, in the .mvn/maven.config file, or in project POM properties.
2026-09-23 16:12:06,141 [Worker-62: Building] WARN  o.apache.maven.project.MavenProject - Direct modification of testCompileSourceRoots through clear() is deprecated and will not work in Maven 4.0.0. Please use the add/remove methods instead. If you're using a plugin that causes this warning, please upgrade to the latest version and report an issue if the warning persists. To disable these warnings, set -Dmaven.project.sourceRoots.warningsDisabled=true on the command line, in the .mvn/maven.config file, or in project POM properties.
2026-09-23 16:12:06,142 [Worker-62: Building] WARN  o.apache.maven.project.MavenProject - Direct modification of testCompileSourceRoots through add() is deprecated and will not work in Maven 4.0.0. Please use the add/remove methods instead. If you're using a plugin that causes this warning, please upgrade to the latest version and report an issue if the warning persists. To disable these warnings, set -Dmaven.project.sourceRoots.warningsDisabled=true on the command line, in the .mvn/maven.config file, or in project POM properties.
2026-09-24 09:20:18,272 [Worker-4: Loading available Gradle versions] INFO  o.e.b.c.i.u.g.PublishedGradleVersions - Gradle version information cache is up-to-date. Trying to read.
2026-09-24 09:32:40,304 [Worker-47: Launching mavenrun-ddab0307-9b33-4ce8-8e0d-517981ff4b34] INFO  o.eclipse.m2e.core.internal.Bundles - getClasspathEntries(Bundle=org.eclipse.m2e.maven.runtime_3.9.1100.20250811-2018 [642])
2026-09-24 09:32:40,306 [Worker-47: Launching mavenrun-ddab0307-9b33-4ce8-8e0d-517981ff4b34] INFO  o.eclipse.m2e.core.internal.Bundles - 	Entry: C:\Program Files\eclipse\plugins\org.eclipse.m2e.maven.runtime_3.9.1100.20250811-2018
2026-09-24 09:32:40,306 [Worker-47: Launching mavenrun-ddab0307-9b33-4ce8-8e0d-517981ff4b34] INFO  o.eclipse.m2e.core.internal.Bundles - 	Entry: C:\Program Files\eclipse\plugins\org.eclipse.m2e.maven.runtime_3.9.1100.20250811-2018\jars\aopalliance-1.0.jar
2026-09-24 09:32:40,306 [Worker-47: Launching mavenrun-ddab0307-9b33-4ce8-8e0d-517981ff4b34] INFO  o.eclipse.m2e.core.internal.Bundles - 	Entry: C:\Program Files\eclipse\plugins\org.eclipse.m2e.maven.runtime_3.9.1100.20250811-2018\jars\asm-9.8.jar
2026-09-24 09:32:40,306 [Worker-47: Launching mavenrun-ddab0307-9b33-4ce8-8e0d-517981ff4b34] INFO  o.eclipse.m2e.core.internal.Bundles - 	Entry: C:\Program Files\eclipse\plugins\org.eclipse.m2e.maven.runtime_3.9.1100.20250811-2018\jars\error_prone_annotations-2.38.0.jar
2026-09-24 09:32:40,306 [Worker-47: Launching mavenrun-ddab0307-9b33-4ce8-8e0d-517981ff4b34] INFO  o.eclipse.m2e.core.internal.Bundles - 	Entry: C:\Program Files\eclipse\plugins\org.eclipse.m2e.maven.runtime_3.9.1100.20250811-2018\jars\gson-2.13.1.jar
2026-09-24 09:32:40,306 [Worker-47: Launching mavenrun-ddab0307-9b33-4ce8-8e0d-517981ff4b34] INFO  o.eclipse.m2e.core.internal.Bundles - 	Entry: C:\Program Files\eclipse\plugins\org.eclipse.m2e.maven.runtime_3.9.1100.20250811-2018\jars\guice-5.1.0-classes.jar
2026-09-24 09:32:40,306 [Worker-47: Launching mavenrun-ddab0307-9b33-4ce8-8e0d-517981ff4b34] INFO  o.eclipse.m2e.core.internal.Bundles - 	Entry: C:\Program Files\eclipse\plugins\org.eclipse.m2e.maven.runtime_3.9.1100.20250811-2018\jars\httpclient-4.5.14.jar
2026-09-24 09:32:40,306 [Worker-47: Launching mavenrun-ddab0307-9b33-4ce8-8e0d-517981ff4b34] INFO  o.eclipse.m2e.core.internal.Bundles - 	Entry: C:\Program Files\eclipse\plugins\org.eclipse.m2e.maven.runtime_3.9.1100.20250811-2018\jars\httpcore-4.4.16.jar
2026-09-24 09:32:40,306 [Worker-47: Launching mavenrun-ddab0307-9b33-4ce8-8e0d-517981ff4b34] INFO  o.eclipse.m2e.core.internal.Bundles - 	Entry: C:\Program Files\eclipse\plugins\org.eclipse.m2e.maven.runtime_3.9.1100.20250811-2018\jars\jansi-2.4.2.jar
2026-09-24 09:32:40,306 [Worker-47: Launching mavenrun-ddab0307-9b33-4ce8-8e0d-517981ff4b34] INFO  o.eclipse.m2e.core.internal.Bundles - 	Entry: C:\Program Files\eclipse\plugins\org.eclipse.m2e.maven.runtime_3.9.1100.20250811-2018\jars\jcl-over-slf4j-1.7.36.jar
2026-09-24 09:32:40,306 [Worker-47: Launching mavenrun-ddab0307-9b33-4ce8-8e0d-517981ff4b34] INFO  o.eclipse.m2e.core.internal.Bundles - 	Entry: C:\Program Files\eclipse\plugins\org.eclipse.m2e.maven.runtime_3.9.1100.20250811-2018\jars\maven-artifact-3.9.11.jar
2026-09-24 09:32:40,306 [Worker-47: Launching mavenrun-ddab0307-9b33-4ce8-8e0d-517981ff4b34] INFO  o.eclipse.m2e.core.internal.Bundles - 	Entry: C:\Program Files\eclipse\plugins\org.eclipse.m2e.maven.runtime_3.9.1100.20250811-2018\jars\maven-builder-support-3.9.11.jar
2026-09-24 09:32:40,307 [Worker-47: Launching mavenrun-ddab0307-9b33-4ce8-8e0d-517981ff4b34] INFO  o.eclipse.m2e.core.internal.Bundles - 	Entry: C:\Program Files\eclipse\plugins\org.eclipse.m2e.maven.runtime_3.9.1100.20250811-2018\jars\maven-compat-3.9.11.jar
2026-09-24 09:32:40,307 [Worker-47: Launching mavenrun-ddab0307-9b33-4ce8-8e0d-517981ff4b34] INFO  o.eclipse.m2e.core.internal.Bundles - 	Entry: C:\Program Files\eclipse\plugins\org.eclipse.m2e.maven.runtime_3.9.1100.20250811-2018\jars\maven-core-3.9.11.jar
2026-09-24 09:32:40,307 [Worker-47: Launching mavenrun-ddab0307-9b33-4ce8-8e0d-517981ff4b34] INFO  o.eclipse.m2e.core.internal.Bundles - 	Entry: C:\Program Files\eclipse\plugins\org.eclipse.m2e.maven.runtime_3.9.1100.20250811-2018\jars\maven-embedder-3.9.11.jar
2026-09-24 09:32:40,307 [Worker-47: Launching mavenrun-ddab0307-9b33-4ce8-8e0d-517981ff4b34] INFO  o.eclipse.m2e.core.internal.Bundles - 	Entry: C:\Program Files\eclipse\plugins\org.eclipse.m2e.maven.runtime_3.9.1100.20250811-2018\jars\maven-model-3.9.11.jar
2026-09-24 09:32:40,307 [Worker-47: Launching mavenrun-ddab0307-9b33-4ce8-8e0d-517981ff4b34] INFO  o.eclipse.m2e.core.internal.Bundles - 	Entry: C:\Program Files\eclipse\plugins\org.eclipse.m2e.maven.runtime_3.9.1100.20250811-2018\jars\maven-model-builder-3.9.11.jar
2026-09-24 09:32:40,307 [Worker-47: Launching mavenrun-ddab0307-9b33-4ce8-8e0d-517981ff4b34] INFO  o.eclipse.m2e.core.internal.Bundles - 	Entry: C:\Program Files\eclipse\plugins\org.eclipse.m2e.maven.runtime_3.9.1100.20250811-2018\jars\maven-plugin-api-3.9.11.jar
2026-09-24 09:32:40,307 [Worker-47: Launching mavenrun-ddab0307-9b33-4ce8-8e0d-517981ff4b34] INFO  o.eclipse.m2e.core.internal.Bundles - 	Entry: C:\Program Files\eclipse\plugins\org.eclipse.m2e.maven.runtime_3.9.1100.20250811-2018\jars\maven-repository-metadata-3.9.11.jar
2026-09-24 09:32:40,307 [Worker-47: Launching mavenrun-ddab0307-9b33-4ce8-8e0d-517981ff4b34] INFO  o.eclipse.m2e.core.internal.Bundles - 	Entry: C:\Program Files\eclipse\plugins\org.eclipse.m2e.maven.runtime_3.9.1100.20250811-2018\jars\maven-resolver-api-1.9.24.jar
2026-09-24 09:32:40,307 [Worker-47: Launching mavenrun-ddab0307-9b33-4ce8-8e0d-517981ff4b34] INFO  o.eclipse.m2e.core.internal.Bundles - 	Entry: C:\Program Files\eclipse\plugins\org.eclipse.m2e.maven.runtime_3.9.1100.20250811-2018\jars\maven-resolver-connector-basic-1.9.24.jar
2026-09-24 09:32:40,307 [Worker-47: Launching mavenrun-ddab0307-9b33-4ce8-8e0d-517981ff4b34] INFO  o.eclipse.m2e.core.internal.Bundles - 	Entry: C:\Program Files\eclipse\plugins\org.eclipse.m2e.maven.runtime_3.9.1100.20250811-2018\jars\maven-resolver-impl-1.9.24.jar
2026-09-24 09:32:40,307 [Worker-47: Launching mavenrun-ddab0307-9b33-4ce8-8e0d-517981ff4b34] INFO  o.eclipse.m2e.core.internal.Bundles - 	Entry: C:\Program Files\eclipse\plugins\org.eclipse.m2e.maven.runtime_3.9.1100.20250811-2018\jars\maven-resolver-named-locks-1.9.24.jar
2026-09-24 09:32:40,307 [Worker-47: Launching mavenrun-ddab0307-9b33-4ce8-8e0d-517981ff4b34] INFO  o.eclipse.m2e.core.internal.Bundles - 	Entry: C:\Program Files\eclipse\plugins\org.eclipse.m2e.maven.runtime_3.9.1100.20250811-2018\jars\maven-resolver-provider-3.9.11.jar
2026-09-24 09:32:40,307 [Worker-47: Launching mavenrun-ddab0307-9b33-4ce8-8e0d-517981ff4b34] INFO  o.eclipse.m2e.core.internal.Bundles - 	Entry: C:\Program Files\eclipse\plugins\org.eclipse.m2e.maven.runtime_3.9.1100.20250811-2018\jars\maven-resolver-spi-1.9.24.jar
2026-09-24 09:32:40,307 [Worker-47: Launching mavenrun-ddab0307-9b33-4ce8-8e0d-517981ff4b34] INFO  o.eclipse.m2e.core.internal.Bundles - 	Entry: C:\Program Files\eclipse\plugins\org.eclipse.m2e.maven.runtime_3.9.1100.20250811-2018\jars\maven-resolver-transport-file-1.9.24.jar
2026-09-24 09:32:40,307 [Worker-47: Launching mavenrun-ddab0307-9b33-4ce8-8e0d-517981ff4b34] INFO  o.eclipse.m2e.core.internal.Bundles - 	Entry: C:\Program Files\eclipse\plugins\org.eclipse.m2e.maven.runtime_3.9.1100.20250811-2018\jars\maven-resolver-transport-http-1.9.24.jar
2026-09-24 09:32:40,307 [Worker-47: Launching mavenrun-ddab0307-9b33-4ce8-8e0d-517981ff4b34] INFO  o.eclipse.m2e.core.internal.Bundles - 	Entry: C:\Program Files\eclipse\plugins\org.eclipse.m2e.maven.runtime_3.9.1100.20250811-2018\jars\maven-resolver-transport-wagon-1.9.24.jar
2026-09-24 09:32:40,308 [Worker-47: Launching mavenrun-ddab0307-9b33-4ce8-8e0d-517981ff4b34] INFO  o.eclipse.m2e.core.internal.Bundles - 	Entry: C:\Program Files\eclipse\plugins\org.eclipse.m2e.maven.runtime_3.9.1100.20250811-2018\jars\maven-resolver-util-1.9.24.jar
2026-09-24 09:32:40,308 [Worker-47: Launching mavenrun-ddab0307-9b33-4ce8-8e0d-517981ff4b34] INFO  o.eclipse.m2e.core.internal.Bundles - 	Entry: C:\Program Files\eclipse\plugins\org.eclipse.m2e.maven.runtime_3.9.1100.20250811-2018\jars\maven-settings-3.9.11.jar
2026-09-24 09:32:40,308 [Worker-47: Launching mavenrun-ddab0307-9b33-4ce8-8e0d-517981ff4b34] INFO  o.eclipse.m2e.core.internal.Bundles - 	Entry: C:\Program Files\eclipse\plugins\org.eclipse.m2e.maven.runtime_3.9.1100.20250811-2018\jars\maven-settings-builder-3.9.11.jar
2026-09-24 09:32:40,308 [Worker-47: Launching mavenrun-ddab0307-9b33-4ce8-8e0d-517981ff4b34] INFO  o.eclipse.m2e.core.internal.Bundles - 	Entry: C:\Program Files\eclipse\plugins\org.eclipse.m2e.maven.runtime_3.9.1100.20250811-2018\jars\maven-shared-utils-3.4.2.jar
2026-09-24 09:32:40,308 [Worker-47: Launching mavenrun-ddab0307-9b33-4ce8-8e0d-517981ff4b34] INFO  o.eclipse.m2e.core.internal.Bundles - 	Entry: C:\Program Files\eclipse\plugins\org.eclipse.m2e.maven.runtime_3.9.1100.20250811-2018\jars\org.eclipse.sisu.inject-0.9.0.M4.jar
2026-09-24 09:32:40,308 [Worker-47: Launching mavenrun-ddab0307-9b33-4ce8-8e0d-517981ff4b34] INFO  o.eclipse.m2e.core.internal.Bundles - 	Entry: C:\Program Files\eclipse\plugins\org.eclipse.m2e.maven.runtime_3.9.1100.20250811-2018\jars\org.eclipse.sisu.plexus-0.9.0.M4.jar
2026-09-24 09:32:40,308 [Worker-47: Launching mavenrun-ddab0307-9b33-4ce8-8e0d-517981ff4b34] INFO  o.eclipse.m2e.core.internal.Bundles - 	Entry: C:\Program Files\eclipse\plugins\org.eclipse.m2e.maven.runtime_3.9.1100.20250811-2018\jars\plexus-build-api-0.0.7.jar
2026-09-24 09:32:40,308 [Worker-47: Launching mavenrun-ddab0307-9b33-4ce8-8e0d-517981ff4b34] INFO  o.eclipse.m2e.core.internal.Bundles - 	Entry: C:\Program Files\eclipse\plugins\org.eclipse.m2e.maven.runtime_3.9.1100.20250811-2018\jars\plexus-build-api-1.2.0.jar
2026-09-24 09:32:40,308 [Worker-47: Launching mavenrun-ddab0307-9b33-4ce8-8e0d-517981ff4b34] INFO  o.eclipse.m2e.core.internal.Bundles - 	Entry: C:\Program Files\eclipse\plugins\org.eclipse.m2e.maven.runtime_3.9.1100.20250811-2018\jars\plexus-cipher-2.0.jar
2026-09-24 09:32:40,308 [Worker-47: Launching mavenrun-ddab0307-9b33-4ce8-8e0d-517981ff4b34] INFO  o.eclipse.m2e.core.internal.Bundles - 	Entry: C:\Program Files\eclipse\plugins\org.eclipse.m2e.maven.runtime_3.9.1100.20250811-2018\jars\plexus-classworlds-2.9.0.jar
2026-09-24 09:32:40,308 [Worker-47: Launching mavenrun-ddab0307-9b33-4ce8-8e0d-517981ff4b34] INFO  o.eclipse.m2e.core.internal.Bundles - 	Entry: C:\Program Files\eclipse\plugins\org.eclipse.m2e.maven.runtime_3.9.1100.20250811-2018\jars\plexus-component-annotations-2.2.0.jar
2026-09-24 09:32:40,308 [Worker-47: Launching mavenrun-ddab0307-9b33-4ce8-8e0d-517981ff4b34] INFO  o.eclipse.m2e.core.internal.Bundles - 	Entry: C:\Program Files\eclipse\plugins\org.eclipse.m2e.maven.runtime_3.9.1100.20250811-2018\jars\plexus-interpolation-1.28.jar
2026-09-24 09:32:40,308 [Worker-47: Launching mavenrun-ddab0307-9b33-4ce8-8e0d-517981ff4b34] INFO  o.eclipse.m2e.core.internal.Bundles - 	Entry: C:\Program Files\eclipse\plugins\org.eclipse.m2e.maven.runtime_3.9.1100.20250811-2018\jars\plexus-sec-dispatcher-2.0.jar
2026-09-24 09:32:40,309 [Worker-47: Launching mavenrun-ddab0307-9b33-4ce8-8e0d-517981ff4b34] INFO  o.eclipse.m2e.core.internal.Bundles - 	Entry: C:\Program Files\eclipse\plugins\org.eclipse.m2e.maven.runtime_3.9.1100.20250811-2018\jars\plexus-utils-3.6.0.jar
2026-09-24 09:32:40,309 [Worker-47: Launching mavenrun-ddab0307-9b33-4ce8-8e0d-517981ff4b34] INFO  o.eclipse.m2e.core.internal.Bundles - 	Entry: C:\Program Files\eclipse\plugins\org.eclipse.m2e.maven.runtime_3.9.1100.20250811-2018\jars\wagon-file-3.5.3.jar
2026-09-24 09:32:40,309 [Worker-47: Launching mavenrun-ddab0307-9b33-4ce8-8e0d-517981ff4b34] INFO  o.eclipse.m2e.core.internal.Bundles - 	Entry: C:\Program Files\eclipse\plugins\org.eclipse.m2e.maven.runtime_3.9.1100.20250811-2018\jars\wagon-http-3.5.3.jar
2026-09-24 09:32:40,309 [Worker-47: Launching mavenrun-ddab0307-9b33-4ce8-8e0d-517981ff4b34] INFO  o.eclipse.m2e.core.internal.Bundles - 	Entry: C:\Program Files\eclipse\plugins\org.eclipse.m2e.maven.runtime_3.9.1100.20250811-2018\jars\wagon-http-shared-3.5.3.jar
2026-09-24 09:32:40,309 [Worker-47: Launching mavenrun-ddab0307-9b33-4ce8-8e0d-517981ff4b34] INFO  o.eclipse.m2e.core.internal.Bundles - 	Entry: C:\Program Files\eclipse\plugins\org.eclipse.m2e.maven.runtime_3.9.1100.20250811-2018\jars\wagon-provider-api-3.5.3.jar
2026-09-24 09:32:40,309 [Worker-47: Launching mavenrun-ddab0307-9b33-4ce8-8e0d-517981ff4b34] INFO  o.eclipse.m2e.core.internal.Bundles - getClasspathEntries(Bundle=com.google.guava_33.4.8.jre [18])
2026-09-24 09:32:40,310 [Worker-47: Launching mavenrun-ddab0307-9b33-4ce8-8e0d-517981ff4b34] INFO  o.eclipse.m2e.core.internal.Bundles - 	Entry: C:\Program Files\eclipse\plugins\com.google.guava_33.4.8.jre.jar
2026-09-24 09:32:40,310 [Worker-47: Launching mavenrun-ddab0307-9b33-4ce8-8e0d-517981ff4b34] INFO  o.eclipse.m2e.core.internal.Bundles - getClasspathEntries(Bundle=slf4j.api_2.0.17 [1007])
2026-09-24 09:32:40,310 [Worker-47: Launching mavenrun-ddab0307-9b33-4ce8-8e0d-517981ff4b34] INFO  o.eclipse.m2e.core.internal.Bundles - 	Entry: C:\Program Files\eclipse\plugins\slf4j.api_2.0.17.jar
2026-09-24 09:32:40,310 [Worker-47: Launching mavenrun-ddab0307-9b33-4ce8-8e0d-517981ff4b34] INFO  o.eclipse.m2e.core.internal.Bundles - getClasspathEntries(Bundle=jakarta.inject.jakarta.inject-api_1.0.5 [35])
2026-09-24 09:32:40,310 [Worker-47: Launching mavenrun-ddab0307-9b33-4ce8-8e0d-517981ff4b34] INFO  o.eclipse.m2e.core.internal.Bundles - 	Entry: C:\Program Files\eclipse\plugins\jakarta.inject.jakarta.inject-api_1.0.5.jar
2026-09-24 09:32:40,310 [Worker-47: Launching mavenrun-ddab0307-9b33-4ce8-8e0d-517981ff4b34] INFO  o.eclipse.m2e.core.internal.Bundles - getClasspathEntries(Bundle=jakarta.annotation-api_1.3.5 [31])
2026-09-24 09:32:40,310 [Worker-47: Launching mavenrun-ddab0307-9b33-4ce8-8e0d-517981ff4b34] INFO  o.eclipse.m2e.core.internal.Bundles - 	Entry: C:\Program Files\eclipse\plugins\jakarta.annotation-api_1.3.5.jar
2026-09-24 09:32:40,310 [Worker-47: Launching mavenrun-ddab0307-9b33-4ce8-8e0d-517981ff4b34] INFO  o.eclipse.m2e.core.internal.Bundles - getClasspathEntries(Bundle=org.apache.commons.cli_1.10.0 [75])
2026-09-24 09:32:40,310 [Worker-47: Launching mavenrun-ddab0307-9b33-4ce8-8e0d-517981ff4b34] INFO  o.eclipse.m2e.core.internal.Bundles - 	Entry: C:\Program Files\eclipse\plugins\org.apache.commons.cli_1.10.0.jar
2026-09-24 09:32:40,310 [Worker-47: Launching mavenrun-ddab0307-9b33-4ce8-8e0d-517981ff4b34] INFO  o.eclipse.m2e.core.internal.Bundles - getClasspathEntries(Bundle=org.apache.commons.commons-codec_1.19.0 [77])
2026-09-24 09:32:40,310 [Worker-47: Launching mavenrun-ddab0307-9b33-4ce8-8e0d-517981ff4b34] INFO  o.eclipse.m2e.core.internal.Bundles - 	Entry: C:\Program Files\eclipse\plugins\org.apache.commons.commons-codec_1.19.0.jar
2026-09-24 09:32:40,310 [Worker-47: Launching mavenrun-ddab0307-9b33-4ce8-8e0d-517981ff4b34] INFO  o.eclipse.m2e.core.internal.Bundles - getClasspathEntries(Bundle=com.google.guava.failureaccess_1.0.3 [19])
2026-09-24 09:32:40,310 [Worker-47: Launching mavenrun-ddab0307-9b33-4ce8-8e0d-517981ff4b34] INFO  o.eclipse.m2e.core.internal.Bundles - 	Entry: C:\Program Files\eclipse\plugins\com.google.guava.failureaccess_1.0.3.jar
2026-09-24 09:32:40,313 [Worker-47: Launching mavenrun-ddab0307-9b33-4ce8-8e0d-517981ff4b34] INFO  o.e.m.i.launch.MavenLaunchDelegate - Run build in "C:\Users\STUDEN~1\AppData\Local\Temp\m2e-archetypeGenerator27787558247034622":
2026-09-24 09:32:40,316 [Worker-47: Launching mavenrun-ddab0307-9b33-4ce8-8e0d-517981ff4b34] INFO  o.e.m.i.launch.MavenLaunchDelegate -  mvn  -DarchetypeGroupId=org.apache.maven.archetypes -DarchetypeArtifactId=maven-archetype-quickstart -DarchetypeVersion=1.1 -DgroupId=com.example -DartifactId=maven_github_demo -Dversion=0.0.1-SNAPSHOT -Dpackage=com.example.maven_github_demo -DoutputDirectory=C:\Users\Student-A\eclipse-workspace\maven_new116 -Dstyle.color=always -U archetype:generate
2026-09-24 09:34:17,142 [Worker-48: Creating maven-archetype-quickstart] INFO  o.e.m.c.i.p.ProjectConfigurationManager - Collecting project info '/pom.xml' C:\Users\Student-A\eclipse-workspace\maven_new116\maven_github_demo\pom.xml
2026-09-24 09:34:17,655 [Worker-48: Creating maven-archetype-quickstart] INFO  o.e.m.c.i.l.LifecycleMappingFactory - Using org.eclipse.m2e.jdt.JarLifecycleMapping lifecycle mapping for MavenProject: com.example:maven_github_demo:0.0.1-SNAPSHOT @ C:\Users\Student-A\eclipse-workspace\maven_new116\maven_github_demo\pom.xml.
2026-09-24 09:34:18,257 [Worker-48: Creating maven-archetype-quickstart] INFO  o.e.m.j.i.AbstractJavaProjectConfigurator - Adding source folder /maven_github_demo/src/main/java
2026-09-24 09:34:18,258 [Worker-48: Creating maven-archetype-quickstart] INFO  o.e.m.j.i.AbstractJavaProjectConfigurator - Adding resource folder /maven_github_demo/src/main/resources
2026-09-24 09:34:18,262 [Worker-48: Creating maven-archetype-quickstart] INFO  o.e.m.j.i.AbstractJavaProjectConfigurator - Adding source folder /maven_github_demo/src/test/java
2026-09-24 09:34:18,263 [Worker-48: Creating maven-archetype-quickstart] INFO  o.e.m.j.i.AbstractJavaProjectConfigurator - Adding resource folder /maven_github_demo/src/test/resources
2026-09-24 09:34:18,309 [Worker-48: Creating maven-archetype-quickstart] WARN  o.apache.maven.project.MavenProject - Direct modification of compileSourceRoots through clear() is deprecated and will not work in Maven 4.0.0. Please use the add/remove methods instead. If you're using a plugin that causes this warning, please upgrade to the latest version and report an issue if the warning persists. To disable these warnings, set -Dmaven.project.sourceRoots.warningsDisabled=true on the command line, in the .mvn/maven.config file, or in project POM properties.
2026-09-24 09:34:18,309 [Worker-48: Creating maven-archetype-quickstart] WARN  o.apache.maven.project.MavenProject - Direct modification of compileSourceRoots through add() is deprecated and will not work in Maven 4.0.0. Please use the add/remove methods instead. If you're using a plugin that causes this warning, please upgrade to the latest version and report an issue if the warning persists. To disable these warnings, set -Dmaven.project.sourceRoots.warningsDisabled=true on the command line, in the .mvn/maven.config file, or in project POM properties.
2026-09-24 09:34:18,310 [Worker-48: Creating maven-archetype-quickstart] WARN  o.apache.maven.project.MavenProject - Direct modification of testCompileSourceRoots through clear() is deprecated and will not work in Maven 4.0.0. Please use the add/remove methods instead. If you're using a plugin that causes this warning, please upgrade to the latest version and report an issue if the warning persists. To disable these warnings, set -Dmaven.project.sourceRoots.warningsDisabled=true on the command line, in the .mvn/maven.config file, or in project POM properties.
2026-09-24 09:34:18,310 [Worker-48: Creating maven-archetype-quickstart] WARN  o.apache.maven.project.MavenProject - Direct modification of testCompileSourceRoots through add() is deprecated and will not work in Maven 4.0.0. Please use the add/remove methods instead. If you're using a plugin that causes this warning, please upgrade to the latest version and report an issue if the warning persists. To disable these warnings, set -Dmaven.project.sourceRoots.warningsDisabled=true on the command line, in the .mvn/maven.config file, or in project POM properties.
2026-09-24 09:34:18,319 [Worker-48: Creating maven-archetype-quickstart] INFO  o.e.m.c.i.p.ProjectConfigurationManager - Imported and configured 1 project(s) in 1 sec
2026-09-24 09:34:18,669 [Worker-47: Building] INFO  o.a.m.s.f.DefaultMavenResourcesFiltering - skip non existing resourceDirectory C:\Users\Student-A\eclipse-workspace\maven_new116\maven_github_demo\src\main\resources
2026-09-24 09:34:18,671 [Worker-47: Building] INFO  o.a.m.s.f.DefaultMavenResourcesFiltering - skip non existing resourceDirectory C:\Users\Student-A\eclipse-workspace\maven_new116\maven_github_demo\src\test\resources
2026-09-24 09:34:18,934 [Worker-47: Building] WARN  o.apache.maven.project.MavenProject - Direct modification of compileSourceRoots through clear() is deprecated and will not work in Maven 4.0.0. Please use the add/remove methods instead. If you're using a plugin that causes this warning, please upgrade to the latest version and report an issue if the warning persists. To disable these warnings, set -Dmaven.project.sourceRoots.warningsDisabled=true on the command line, in the .mvn/maven.config file, or in project POM properties.
2026-09-24 09:34:18,936 [Worker-47: Building] WARN  o.apache.maven.project.MavenProject - Direct modification of compileSourceRoots through add() is deprecated and will not work in Maven 4.0.0. Please use the add/remove methods instead. If you're using a plugin that causes this warning, please upgrade to the latest version and report an issue if the warning persists. To disable these warnings, set -Dmaven.project.sourceRoots.warningsDisabled=true on the command line, in the .mvn/maven.config file, or in project POM properties.
2026-09-24 09:34:18,937 [Worker-47: Building] WARN  o.apache.maven.project.MavenProject - Direct modification of testCompileSourceRoots through clear() is deprecated and will not work in Maven 4.0.0. Please use the add/remove methods instead. If you're using a plugin that causes this warning, please upgrade to the latest version and report an issue if the warning persists. To disable these warnings, set -Dmaven.project.sourceRoots.warningsDisabled=true on the command line, in the .mvn/maven.config file, or in project POM properties.
2026-09-24 09:34:18,938 [Worker-47: Building] WARN  o.apache.maven.project.MavenProject - Direct modification of testCompileSourceRoots through add() is deprecated and will not work in Maven 4.0.0. Please use the add/remove methods instead. If you're using a plugin that causes this warning, please upgrade to the latest version and report an issue if the warning persists. To disable these warnings, set -Dmaven.project.sourceRoots.warningsDisabled=true on the command line, in the .mvn/maven.config file, or in project POM properties.
2026-09-24 09:47:41,601 [Worker-61: Building] INFO  o.a.m.s.f.DefaultMavenResourcesFiltering - skip non existing resourceDirectory C:\Users\Student-A\eclipse-workspace\maven-github-demo\src\main\resources
2026-09-24 09:47:41,603 [Worker-61: Building] INFO  o.a.m.s.f.DefaultMavenResourcesFiltering - skip non existing resourceDirectory C:\Users\Student-A\eclipse-workspace\maven-github-demo\src\test\resources
2026-09-24 09:47:41,818 [Worker-61: Building] WARN  o.apache.maven.project.MavenProject - Direct modification of compileSourceRoots through clear() is deprecated and will not work in Maven 4.0.0. Please use the add/remove methods instead. If you're using a plugin that causes this warning, please upgrade to the latest version and report an issue if the warning persists. To disable these warnings, set -Dmaven.project.sourceRoots.warningsDisabled=true on the command line, in the .mvn/maven.config file, or in project POM properties.
2026-09-24 09:47:41,819 [Worker-61: Building] WARN  o.apache.maven.project.MavenProject - Direct modification of compileSourceRoots through add() is deprecated and will not work in Maven 4.0.0. Please use the add/remove methods instead. If you're using a plugin that causes this warning, please upgrade to the latest version and report an issue if the warning persists. To disable these warnings, set -Dmaven.project.sourceRoots.warningsDisabled=true on the command line, in the .mvn/maven.config file, or in project POM properties.
2026-09-24 09:47:41,820 [Worker-61: Building] WARN  o.apache.maven.project.MavenProject - Direct modification of testCompileSourceRoots through clear() is deprecated and will not work in Maven 4.0.0. Please use the add/remove methods instead. If you're using a plugin that causes this warning, please upgrade to the latest version and report an issue if the warning persists. To disable these warnings, set -Dmaven.project.sourceRoots.warningsDisabled=true on the command line, in the .mvn/maven.config file, or in project POM properties.
2026-09-24 09:47:41,820 [Worker-61: Building] WARN  o.apache.maven.project.MavenProject - Direct modification of testCompileSourceRoots through add() is deprecated and will not work in Maven 4.0.0. Please use the add/remove methods instead. If you're using a plugin that causes this warning, please upgrade to the latest version and report an issue if the warning persists. To disable these warnings, set -Dmaven.project.sourceRoots.warningsDisabled=true on the command line, in the .mvn/maven.config file, or in project POM properties.
2026-09-24 09:47:41,993 [Worker-61: Building] INFO  o.e.m.c.i.l.LifecycleMappingFactory - Using org.eclipse.m2e.jdt.JarLifecycleMapping lifecycle mapping for MavenProject: com.example:maven-github-demo:0.0.1-SNAPSHOT @ C:\Users\Student-A\eclipse-workspace\maven-github-demo1\pom.xml.
2026-09-24 09:47:42,210 [Worker-61: Building] INFO  o.a.m.s.f.DefaultMavenResourcesFiltering - skip non existing resourceDirectory C:\Users\Student-A\eclipse-workspace\maven-github-demo1\src\main\resources
2026-09-24 09:47:42,212 [Worker-61: Building] INFO  o.a.m.s.f.DefaultMavenResourcesFiltering - skip non existing resourceDirectory C:\Users\Student-A\eclipse-workspace\maven-github-demo1\src\test\resources
2026-09-24 09:47:42,219 [Worker-61: Building] WARN  o.apache.maven.project.MavenProject - Direct modification of compileSourceRoots through clear() is deprecated and will not work in Maven 4.0.0. Please use the add/remove methods instead. If you're using a plugin that causes this warning, please upgrade to the latest version and report an issue if the warning persists. To disable these warnings, set -Dmaven.project.sourceRoots.warningsDisabled=true on the command line, in the .mvn/maven.config file, or in project POM properties.
2026-09-24 09:47:42,219 [Worker-61: Building] WARN  o.apache.maven.project.MavenProject - Direct modification of compileSourceRoots through add() is deprecated and will not work in Maven 4.0.0. Please use the add/remove methods instead. If you're using a plugin that causes this warning, please upgrade to the latest version and report an issue if the warning persists. To disable these warnings, set -Dmaven.project.sourceRoots.warningsDisabled=true on the command line, in the .mvn/maven.config file, or in project POM properties.
2026-09-24 09:47:42,221 [Worker-61: Building] WARN  o.apache.maven.project.MavenProject - Direct modification of testCompileSourceRoots through clear() is deprecated and will not work in Maven 4.0.0. Please use the add/remove methods instead. If you're using a plugin that causes this warning, please upgrade to the latest version and report an issue if the warning persists. To disable these warnings, set -Dmaven.project.sourceRoots.warningsDisabled=true on the command line, in the .mvn/maven.config file, or in project POM properties.
2026-09-24 09:47:42,221 [Worker-61: Building] WARN  o.apache.maven.project.MavenProject - Direct modification of testCompileSourceRoots through add() is deprecated and will not work in Maven 4.0.0. Please use the add/remove methods instead. If you're using a plugin that causes this warning, please upgrade to the latest version and report an issue if the warning persists. To disable these warnings, set -Dmaven.project.sourceRoots.warningsDisabled=true on the command line, in the .mvn/maven.config file, or in project POM properties.
2026-09-24 09:47:43,289 [Worker-62: Building] INFO  o.a.m.s.f.DefaultMavenResourcesFiltering - skip non existing resourceDirectory C:\Users\Student-A\eclipse-workspace\maven-github-demo1\src\main\resources
2026-09-24 09:47:43,290 [Worker-62: Building] INFO  o.a.m.s.f.DefaultMavenResourcesFiltering - skip non existing resourceDirectory C:\Users\Student-A\eclipse-workspace\maven-github-demo1\src\test\resources
2026-09-24 09:47:43,297 [Worker-62: Building] WARN  o.apache.maven.project.MavenProject - Direct modification of compileSourceRoots through clear() is deprecated and will not work in Maven 4.0.0. Please use the add/remove methods instead. If you're using a plugin that causes this warning, please upgrade to the latest version and report an issue if the warning persists. To disable these warnings, set -Dmaven.project.sourceRoots.warningsDisabled=true on the command line, in the .mvn/maven.config file, or in project POM properties.
2026-09-24 09:47:43,298 [Worker-62: Building] WARN  o.apache.maven.project.MavenProject - Direct modification of compileSourceRoots through add() is deprecated and will not work in Maven 4.0.0. Please use the add/remove methods instead. If you're using a plugin that causes this warning, please upgrade to the latest version and report an issue if the warning persists. To disable these warnings, set -Dmaven.project.sourceRoots.warningsDisabled=true on the command line, in the .mvn/maven.config file, or in project POM properties.
2026-09-24 09:47:43,298 [Worker-62: Building] WARN  o.apache.maven.project.MavenProject - Direct modification of testCompileSourceRoots through clear() is deprecated and will not work in Maven 4.0.0. Please use the add/remove methods instead. If you're using a plugin that causes this warning, please upgrade to the latest version and report an issue if the warning persists. To disable these warnings, set -Dmaven.project.sourceRoots.warningsDisabled=true on the command line, in the .mvn/maven.config file, or in project POM properties.
2026-09-24 09:47:43,299 [Worker-62: Building] WARN  o.apache.maven.project.MavenProject - Direct modification of testCompileSourceRoots through add() is deprecated and will not work in Maven 4.0.0. Please use the add/remove methods instead. If you're using a plugin that causes this warning, please upgrade to the latest version and report an issue if the warning persists. To disable these warnings, set -Dmaven.project.sourceRoots.warningsDisabled=true on the command line, in the .mvn/maven.config file, or in project POM properties.
2026-09-24 09:49:15,979 [Worker-61: Building] INFO  o.e.m.c.i.l.LifecycleMappingFactory - Using org.eclipse.m2e.jdt.JarLifecycleMapping lifecycle mapping for MavenProject: com.example:maven-github-demo:0.0.1-SNAPSHOT @ C:\Users\Student-A\eclipse-workspace\maven-github-demo1\pom.xml.
2026-09-24 09:49:16,098 [Worker-61: Building] INFO  o.a.m.s.f.DefaultMavenResourcesFiltering - skip non existing resourceDirectory C:\Users\Student-A\eclipse-workspace\maven-github-demo1\src\main\resources
2026-09-24 09:49:16,101 [Worker-61: Building] INFO  o.a.m.s.f.DefaultMavenResourcesFiltering - skip non existing resourceDirectory C:\Users\Student-A\eclipse-workspace\maven-github-demo1\src\test\resources
2026-09-24 09:49:16,107 [Worker-61: Building] WARN  o.apache.maven.project.MavenProject - Direct modification of compileSourceRoots through clear() is deprecated and will not work in Maven 4.0.0. Please use the add/remove methods instead. If you're using a plugin that causes this warning, please upgrade to the latest version and report an issue if the warning persists. To disable these warnings, set -Dmaven.project.sourceRoots.warningsDisabled=true on the command line, in the .mvn/maven.config file, or in project POM properties.
2026-09-24 09:49:16,108 [Worker-61: Building] WARN  o.apache.maven.project.MavenProject - Direct modification of compileSourceRoots through add() is deprecated and will not work in Maven 4.0.0. Please use the add/remove methods instead. If you're using a plugin that causes this warning, please upgrade to the latest version and report an issue if the warning persists. To disable these warnings, set -Dmaven.project.sourceRoots.warningsDisabled=true on the command line, in the .mvn/maven.config file, or in project POM properties.
2026-09-24 09:49:16,110 [Worker-61: Building] WARN  o.apache.maven.project.MavenProject - Direct modification of testCompileSourceRoots through clear() is deprecated and will not work in Maven 4.0.0. Please use the add/remove methods instead. If you're using a plugin that causes this warning, please upgrade to the latest version and report an issue if the warning persists. To disable these warnings, set -Dmaven.project.sourceRoots.warningsDisabled=true on the command line, in the .mvn/maven.config file, or in project POM properties.
2026-09-24 09:49:16,110 [Worker-61: Building] WARN  o.apache.maven.project.MavenProject - Direct modification of testCompileSourceRoots through add() is deprecated and will not work in Maven 4.0.0. Please use the add/remove methods instead. If you're using a plugin that causes this warning, please upgrade to the latest version and report an issue if the warning persists. To disable these warnings, set -Dmaven.project.sourceRoots.warningsDisabled=true on the command line, in the .mvn/maven.config file, or in project POM properties.
2026-09-24 09:49:16,321 [Worker-63: Building] INFO  o.a.m.s.f.DefaultMavenResourcesFiltering - skip non existing resourceDirectory C:\Users\Student-A\eclipse-workspace\maven-github-demo1\src\main\resources
2026-09-24 09:49:16,322 [Worker-63: Building] INFO  o.a.m.s.f.DefaultMavenResourcesFiltering - skip non existing resourceDirectory C:\Users\Student-A\eclipse-workspace\maven-github-demo1\src\test\resources
2026-09-24 09:49:16,329 [Worker-63: Building] WARN  o.apache.maven.project.MavenProject - Direct modification of compileSourceRoots through clear() is deprecated and will not work in Maven 4.0.0. Please use the add/remove methods instead. If you're using a plugin that causes this warning, please upgrade to the latest version and report an issue if the warning persists. To disable these warnings, set -Dmaven.project.sourceRoots.warningsDisabled=true on the command line, in the .mvn/maven.config file, or in project POM properties.
2026-09-24 09:49:16,330 [Worker-63: Building] WARN  o.apache.maven.project.MavenProject - Direct modification of compileSourceRoots through add() is deprecated and will not work in Maven 4.0.0. Please use the add/remove methods instead. If you're using a plugin that causes this warning, please upgrade to the latest version and report an issue if the warning persists. To disable these warnings, set -Dmaven.project.sourceRoots.warningsDisabled=true on the command line, in the .mvn/maven.config file, or in project POM properties.
2026-09-24 09:49:16,331 [Worker-63: Building] WARN  o.apache.maven.project.MavenProject - Direct modification of testCompileSourceRoots through clear() is deprecated and will not work in Maven 4.0.0. Please use the add/remove methods instead. If you're using a plugin that causes this warning, please upgrade to the latest version and report an issue if the warning persists. To disable these warnings, set -Dmaven.project.sourceRoots.warningsDisabled=true on the command line, in the .mvn/maven.config file, or in project POM properties.
2026-09-24 09:49:16,332 [Worker-63: Building] WARN  o.apache.maven.project.MavenProject - Direct modification of testCompileSourceRoots through add() is deprecated and will not work in Maven 4.0.0. Please use the add/remove methods instead. If you're using a plugin that causes this warning, please upgrade to the latest version and report an issue if the warning persists. To disable these warnings, set -Dmaven.project.sourceRoots.warningsDisabled=true on the command line, in the .mvn/maven.config file, or in project POM properties.
2026-09-24 09:51:10,246 [Worker-63: Building] INFO  o.a.m.s.f.DefaultMavenResourcesFiltering - skip non existing resourceDirectory C:\Users\Student-A\eclipse-workspace\maven_new116\maven_github_demo\src\main\resources
2026-09-24 09:51:10,247 [Worker-63: Building] INFO  o.a.m.s.f.DefaultMavenResourcesFiltering - skip non existing resourceDirectory C:\Users\Student-A\eclipse-workspace\maven_new116\maven_github_demo\src\test\resources
2026-09-24 09:51:10,247 [Worker-63: Building] WARN  o.apache.maven.project.MavenProject - Direct modification of compileSourceRoots through clear() is deprecated and will not work in Maven 4.0.0. Please use the add/remove methods instead. If you're using a plugin that causes this warning, please upgrade to the latest version and report an issue if the warning persists. To disable these warnings, set -Dmaven.project.sourceRoots.warningsDisabled=true on the command line, in the .mvn/maven.config file, or in project POM properties.
2026-09-24 09:51:10,248 [Worker-63: Building] WARN  o.apache.maven.project.MavenProject - Direct modification of compileSourceRoots through add() is deprecated and will not work in Maven 4.0.0. Please use the add/remove methods instead. If you're using a plugin that causes this warning, please upgrade to the latest version and report an issue if the warning persists. To disable these warnings, set -Dmaven.project.sourceRoots.warningsDisabled=true on the command line, in the .mvn/maven.config file, or in project POM properties.
2026-09-24 09:51:10,249 [Worker-63: Building] WARN  o.apache.maven.project.MavenProject - Direct modification of testCompileSourceRoots through clear() is deprecated and will not work in Maven 4.0.0. Please use the add/remove methods instead. If you're using a plugin that causes this warning, please upgrade to the latest version and report an issue if the warning persists. To disable these warnings, set -Dmaven.project.sourceRoots.warningsDisabled=true on the command line, in the .mvn/maven.config file, or in project POM properties.
2026-09-24 09:51:10,249 [Worker-63: Building] WARN  o.apache.maven.project.MavenProject - Direct modification of testCompileSourceRoots through add() is deprecated and will not work in Maven 4.0.0. Please use the add/remove methods instead. If you're using a plugin that causes this warning, please upgrade to the latest version and report an issue if the warning persists. To disable these warnings, set -Dmaven.project.sourceRoots.warningsDisabled=true on the command line, in the .mvn/maven.config file, or in project POM properties.
2026-09-24 09:59:22,181 [Worker-62: Building] INFO  o.a.m.s.f.DefaultMavenResourcesFiltering - skip non existing resourceDirectory C:\Users\Student-A\eclipse-workspace\maven_new116\maven_github_demo\src\main\resources
2026-09-24 09:59:22,182 [Worker-62: Building] INFO  o.a.m.s.f.DefaultMavenResourcesFiltering - skip non existing resourceDirectory C:\Users\Student-A\eclipse-workspace\maven_new116\maven_github_demo\src\test\resources
2026-09-24 09:59:22,182 [Worker-62: Building] WARN  o.apache.maven.project.MavenProject - Direct modification of compileSourceRoots through clear() is deprecated and will not work in Maven 4.0.0. Please use the add/remove methods instead. If you're using a plugin that causes this warning, please upgrade to the latest version and report an issue if the warning persists. To disable these warnings, set -Dmaven.project.sourceRoots.warningsDisabled=true on the command line, in the .mvn/maven.config file, or in project POM properties.
2026-09-24 09:59:22,183 [Worker-62: Building] WARN  o.apache.maven.project.MavenProject - Direct modification of compileSourceRoots through add() is deprecated and will not work in Maven 4.0.0. Please use the add/remove methods instead. If you're using a plugin that causes this warning, please upgrade to the latest version and report an issue if the warning persists. To disable these warnings, set -Dmaven.project.sourceRoots.warningsDisabled=true on the command line, in the .mvn/maven.config file, or in project POM properties.
2026-09-24 09:59:22,184 [Worker-62: Building] WARN  o.apache.maven.project.MavenProject - Direct modification of testCompileSourceRoots through clear() is deprecated and will not work in Maven 4.0.0. Please use the add/remove methods instead. If you're using a plugin that causes this warning, please upgrade to the latest version and report an issue if the warning persists. To disable these warnings, set -Dmaven.project.sourceRoots.warningsDisabled=true on the command line, in the .mvn/maven.config file, or in project POM properties.
2026-09-24 09:59:22,185 [Worker-62: Building] WARN  o.apache.maven.project.MavenProject - Direct modification of testCompileSourceRoots through add() is deprecated and will not work in Maven 4.0.0. Please use the add/remove methods instead. If you're using a plugin that causes this warning, please upgrade to the latest version and report an issue if the warning persists. To disable these warnings, set -Dmaven.project.sourceRoots.warningsDisabled=true on the command line, in the .mvn/maven.config file, or in project POM properties.
2026-09-24 10:00:07,152 [Worker-60: Launching Gradecalculator] INFO  o.a.m.s.f.DefaultMavenResourcesFiltering - skip non existing resourceDirectory C:\Users\Student-A\eclipse-workspace\maven_new116\maven_github_demo\src\main\resources
2026-09-24 10:00:07,153 [Worker-60: Launching Gradecalculator] INFO  o.a.m.s.f.DefaultMavenResourcesFiltering - skip non existing resourceDirectory C:\Users\Student-A\eclipse-workspace\maven_new116\maven_github_demo\src\test\resources
2026-09-24 10:00:07,153 [Worker-60: Launching Gradecalculator] WARN  o.apache.maven.project.MavenProject - Direct modification of compileSourceRoots through clear() is deprecated and will not work in Maven 4.0.0. Please use the add/remove methods instead. If you're using a plugin that causes this warning, please upgrade to the latest version and report an issue if the warning persists. To disable these warnings, set -Dmaven.project.sourceRoots.warningsDisabled=true on the command line, in the .mvn/maven.config file, or in project POM properties.
2026-09-24 10:00:07,154 [Worker-60: Launching Gradecalculator] WARN  o.apache.maven.project.MavenProject - Direct modification of compileSourceRoots through add() is deprecated and will not work in Maven 4.0.0. Please use the add/remove methods instead. If you're using a plugin that causes this warning, please upgrade to the latest version and report an issue if the warning persists. To disable these warnings, set -Dmaven.project.sourceRoots.warningsDisabled=true on the command line, in the .mvn/maven.config file, or in project POM properties.
2026-09-24 10:00:07,155 [Worker-60: Launching Gradecalculator] WARN  o.apache.maven.project.MavenProject - Direct modification of testCompileSourceRoots through clear() is deprecated and will not work in Maven 4.0.0. Please use the add/remove methods instead. If you're using a plugin that causes this warning, please upgrade to the latest version and report an issue if the warning persists. To disable these warnings, set -Dmaven.project.sourceRoots.warningsDisabled=true on the command line, in the .mvn/maven.config file, or in project POM properties.
2026-09-24 10:00:07,155 [Worker-60: Launching Gradecalculator] WARN  o.apache.maven.project.MavenProject - Direct modification of testCompileSourceRoots through add() is deprecated and will not work in Maven 4.0.0. Please use the add/remove methods instead. If you're using a plugin that causes this warning, please upgrade to the latest version and report an issue if the warning persists. To disable these warnings, set -Dmaven.project.sourceRoots.warningsDisabled=true on the command line, in the .mvn/maven.config file, or in project POM properties.
2026-09-24 10:00:12,273 [Worker-60: Launching Gradecalculator] INFO  o.a.m.s.f.DefaultMavenResourcesFiltering - skip non existing resourceDirectory C:\Users\Student-A\eclipse-workspace\maven_new116\maven_github_demo\src\main\resources
2026-09-24 10:00:12,274 [Worker-60: Launching Gradecalculator] INFO  o.a.m.s.f.DefaultMavenResourcesFiltering - skip non existing resourceDirectory C:\Users\Student-A\eclipse-workspace\maven_new116\maven_github_demo\src\test\resources
2026-09-24 10:00:12,274 [Worker-60: Launching Gradecalculator] WARN  o.apache.maven.project.MavenProject - Direct modification of compileSourceRoots through clear() is deprecated and will not work in Maven 4.0.0. Please use the add/remove methods instead. If you're using a plugin that causes this warning, please upgrade to the latest version and report an issue if the warning persists. To disable these warnings, set -Dmaven.project.sourceRoots.warningsDisabled=true on the command line, in the .mvn/maven.config file, or in project POM properties.
2026-09-24 10:00:12,275 [Worker-60: Launching Gradecalculator] WARN  o.apache.maven.project.MavenProject - Direct modification of compileSourceRoots through add() is deprecated and will not work in Maven 4.0.0. Please use the add/remove methods instead. If you're using a plugin that causes this warning, please upgrade to the latest version and report an issue if the warning persists. To disable these warnings, set -Dmaven.project.sourceRoots.warningsDisabled=true on the command line, in the .mvn/maven.config file, or in project POM properties.
2026-09-24 10:00:12,275 [Worker-60: Launching Gradecalculator] WARN  o.apache.maven.project.MavenProject - Direct modification of testCompileSourceRoots through clear() is deprecated and will not work in Maven 4.0.0. Please use the add/remove methods instead. If you're using a plugin that causes this warning, please upgrade to the latest version and report an issue if the warning persists. To disable these warnings, set -Dmaven.project.sourceRoots.warningsDisabled=true on the command line, in the .mvn/maven.config file, or in project POM properties.
2026-09-24 10:00:12,276 [Worker-60: Launching Gradecalculator] WARN  o.apache.maven.project.MavenProject - Direct modification of testCompileSourceRoots through add() is deprecated and will not work in Maven 4.0.0. Please use the add/remove methods instead. If you're using a plugin that causes this warning, please upgrade to the latest version and report an issue if the warning persists. To disable these warnings, set -Dmaven.project.sourceRoots.warningsDisabled=true on the command line, in the .mvn/maven.config file, or in project POM properties.
2026-09-24 10:04:12,406 [Worker-65: Launching mavenrun-be420b78-c52e-46eb-b5f0-18f80e58ebe3] INFO  o.eclipse.m2e.core.internal.Bundles - getClasspathEntries(Bundle=org.eclipse.m2e.maven.runtime_3.9.1100.20250811-2018 [642])
2026-09-24 10:04:12,406 [Worker-65: Launching mavenrun-be420b78-c52e-46eb-b5f0-18f80e58ebe3] INFO  o.eclipse.m2e.core.internal.Bundles - 	Entry: C:\Program Files\eclipse\plugins\org.eclipse.m2e.maven.runtime_3.9.1100.20250811-2018
2026-09-24 10:04:12,406 [Worker-65: Launching mavenrun-be420b78-c52e-46eb-b5f0-18f80e58ebe3] INFO  o.eclipse.m2e.core.internal.Bundles - 	Entry: C:\Program Files\eclipse\plugins\org.eclipse.m2e.maven.runtime_3.9.1100.20250811-2018\jars\aopalliance-1.0.jar
2026-09-24 10:04:12,407 [Worker-65: Launching mavenrun-be420b78-c52e-46eb-b5f0-18f80e58ebe3] INFO  o.eclipse.m2e.core.internal.Bundles - 	Entry: C:\Program Files\eclipse\plugins\org.eclipse.m2e.maven.runtime_3.9.1100.20250811-2018\jars\asm-9.8.jar
2026-09-24 10:04:12,407 [Worker-65: Launching mavenrun-be420b78-c52e-46eb-b5f0-18f80e58ebe3] INFO  o.eclipse.m2e.core.internal.Bundles - 	Entry: C:\Program Files\eclipse\plugins\org.eclipse.m2e.maven.runtime_3.9.1100.20250811-2018\jars\error_prone_annotations-2.38.0.jar
2026-09-24 10:04:12,407 [Worker-65: Launching mavenrun-be420b78-c52e-46eb-b5f0-18f80e58ebe3] INFO  o.eclipse.m2e.core.internal.Bundles - 	Entry: C:\Program Files\eclipse\plugins\org.eclipse.m2e.maven.runtime_3.9.1100.20250811-2018\jars\gson-2.13.1.jar
2026-09-24 10:04:12,407 [Worker-65: Launching mavenrun-be420b78-c52e-46eb-b5f0-18f80e58ebe3] INFO  o.eclipse.m2e.core.internal.Bundles - 	Entry: C:\Program Files\eclipse\plugins\org.eclipse.m2e.maven.runtime_3.9.1100.20250811-2018\jars\guice-5.1.0-classes.jar
2026-09-24 10:04:12,407 [Worker-65: Launching mavenrun-be420b78-c52e-46eb-b5f0-18f80e58ebe3] INFO  o.eclipse.m2e.core.internal.Bundles - 	Entry: C:\Program Files\eclipse\plugins\org.eclipse.m2e.maven.runtime_3.9.1100.20250811-2018\jars\httpclient-4.5.14.jar
2026-09-24 10:04:12,407 [Worker-65: Launching mavenrun-be420b78-c52e-46eb-b5f0-18f80e58ebe3] INFO  o.eclipse.m2e.core.internal.Bundles - 	Entry: C:\Program Files\eclipse\plugins\org.eclipse.m2e.maven.runtime_3.9.1100.20250811-2018\jars\httpcore-4.4.16.jar
2026-09-24 10:04:12,407 [Worker-65: Launching mavenrun-be420b78-c52e-46eb-b5f0-18f80e58ebe3] INFO  o.eclipse.m2e.core.internal.Bundles - 	Entry: C:\Program Files\eclipse\plugins\org.eclipse.m2e.maven.runtime_3.9.1100.20250811-2018\jars\jansi-2.4.2.jar
2026-09-24 10:04:12,407 [Worker-65: Launching mavenrun-be420b78-c52e-46eb-b5f0-18f80e58ebe3] INFO  o.eclipse.m2e.core.internal.Bundles - 	Entry: C:\Program Files\eclipse\plugins\org.eclipse.m2e.maven.runtime_3.9.1100.20250811-2018\jars\jcl-over-slf4j-1.7.36.jar
2026-09-24 10:04:12,407 [Worker-65: Launching mavenrun-be420b78-c52e-46eb-b5f0-18f80e58ebe3] INFO  o.eclipse.m2e.core.internal.Bundles - 	Entry: C:\Program Files\eclipse\plugins\org.eclipse.m2e.maven.runtime_3.9.1100.20250811-2018\jars\maven-artifact-3.9.11.jar
2026-09-24 10:04:12,407 [Worker-65: Launching mavenrun-be420b78-c52e-46eb-b5f0-18f80e58ebe3] INFO  o.eclipse.m2e.core.internal.Bundles - 	Entry: C:\Program Files\eclipse\plugins\org.eclipse.m2e.maven.runtime_3.9.1100.20250811-2018\jars\maven-builder-support-3.9.11.jar
2026-09-24 10:04:12,407 [Worker-65: Launching mavenrun-be420b78-c52e-46eb-b5f0-18f80e58ebe3] INFO  o.eclipse.m2e.core.internal.Bundles - 	Entry: C:\Program Files\eclipse\plugins\org.eclipse.m2e.maven.runtime_3.9.1100.20250811-2018\jars\maven-compat-3.9.11.jar
2026-09-24 10:04:12,407 [Worker-65: Launching mavenrun-be420b78-c52e-46eb-b5f0-18f80e58ebe3] INFO  o.eclipse.m2e.core.internal.Bundles - 	Entry: C:\Program Files\eclipse\plugins\org.eclipse.m2e.maven.runtime_3.9.1100.20250811-2018\jars\maven-core-3.9.11.jar
2026-09-24 10:04:12,407 [Worker-65: Launching mavenrun-be420b78-c52e-46eb-b5f0-18f80e58ebe3] INFO  o.eclipse.m2e.core.internal.Bundles - 	Entry: C:\Program Files\eclipse\plugins\org.eclipse.m2e.maven.runtime_3.9.1100.20250811-2018\jars\maven-embedder-3.9.11.jar
2026-09-24 10:04:12,407 [Worker-65: Launching mavenrun-be420b78-c52e-46eb-b5f0-18f80e58ebe3] INFO  o.eclipse.m2e.core.internal.Bundles - 	Entry: C:\Program Files\eclipse\plugins\org.eclipse.m2e.maven.runtime_3.9.1100.20250811-2018\jars\maven-model-3.9.11.jar
2026-09-24 10:04:12,407 [Worker-65: Launching mavenrun-be420b78-c52e-46eb-b5f0-18f80e58ebe3] INFO  o.eclipse.m2e.core.internal.Bundles - 	Entry: C:\Program Files\eclipse\plugins\org.eclipse.m2e.maven.runtime_3.9.1100.20250811-2018\jars\maven-model-builder-3.9.11.jar
2026-09-24 10:04:12,407 [Worker-65: Launching mavenrun-be420b78-c52e-46eb-b5f0-18f80e58ebe3] INFO  o.eclipse.m2e.core.internal.Bundles - 	Entry: C:\Program Files\eclipse\plugins\org.eclipse.m2e.maven.runtime_3.9.1100.20250811-2018\jars\maven-plugin-api-3.9.11.jar
2026-09-24 10:04:12,407 [Worker-65: Launching mavenrun-be420b78-c52e-46eb-b5f0-18f80e58ebe3] INFO  o.eclipse.m2e.core.internal.Bundles - 	Entry: C:\Program Files\eclipse\plugins\org.eclipse.m2e.maven.runtime_3.9.1100.20250811-2018\jars\maven-repository-metadata-3.9.11.jar
2026-09-24 10:04:12,407 [Worker-65: Launching mavenrun-be420b78-c52e-46eb-b5f0-18f80e58ebe3] INFO  o.eclipse.m2e.core.internal.Bundles - 	Entry: C:\Program Files\eclipse\plugins\org.eclipse.m2e.maven.runtime_3.9.1100.20250811-2018\jars\maven-resolver-api-1.9.24.jar
2026-09-24 10:04:12,407 [Worker-65: Launching mavenrun-be420b78-c52e-46eb-b5f0-18f80e58ebe3] INFO  o.eclipse.m2e.core.internal.Bundles - 	Entry: C:\Program Files\eclipse\plugins\org.eclipse.m2e.maven.runtime_3.9.1100.20250811-2018\jars\maven-resolver-connector-basic-1.9.24.jar
2026-09-24 10:04:12,408 [Worker-65: Launching mavenrun-be420b78-c52e-46eb-b5f0-18f80e58ebe3] INFO  o.eclipse.m2e.core.internal.Bundles - 	Entry: C:\Program Files\eclipse\plugins\org.eclipse.m2e.maven.runtime_3.9.1100.20250811-2018\jars\maven-resolver-impl-1.9.24.jar
2026-09-24 10:04:12,408 [Worker-65: Launching mavenrun-be420b78-c52e-46eb-b5f0-18f80e58ebe3] INFO  o.eclipse.m2e.core.internal.Bundles - 	Entry: C:\Program Files\eclipse\plugins\org.eclipse.m2e.maven.runtime_3.9.1100.20250811-2018\jars\maven-resolver-named-locks-1.9.24.jar
2026-09-24 10:04:12,408 [Worker-65: Launching mavenrun-be420b78-c52e-46eb-b5f0-18f80e58ebe3] INFO  o.eclipse.m2e.core.internal.Bundles - 	Entry: C:\Program Files\eclipse\plugins\org.eclipse.m2e.maven.runtime_3.9.1100.20250811-2018\jars\maven-resolver-provider-3.9.11.jar
2026-09-24 10:04:12,408 [Worker-65: Launching mavenrun-be420b78-c52e-46eb-b5f0-18f80e58ebe3] INFO  o.eclipse.m2e.core.internal.Bundles - 	Entry: C:\Program Files\eclipse\plugins\org.eclipse.m2e.maven.runtime_3.9.1100.20250811-2018\jars\maven-resolver-spi-1.9.24.jar
2026-09-24 10:04:12,408 [Worker-65: Launching mavenrun-be420b78-c52e-46eb-b5f0-18f80e58ebe3] INFO  o.eclipse.m2e.core.internal.Bundles - 	Entry: C:\Program Files\eclipse\plugins\org.eclipse.m2e.maven.runtime_3.9.1100.20250811-2018\jars\maven-resolver-transport-file-1.9.24.jar
2026-09-24 10:04:12,408 [Worker-65: Launching mavenrun-be420b78-c52e-46eb-b5f0-18f80e58ebe3] INFO  o.eclipse.m2e.core.internal.Bundles - 	Entry: C:\Program Files\eclipse\plugins\org.eclipse.m2e.maven.runtime_3.9.1100.20250811-2018\jars\maven-resolver-transport-http-1.9.24.jar
2026-09-24 10:04:12,408 [Worker-65: Launching mavenrun-be420b78-c52e-46eb-b5f0-18f80e58ebe3] INFO  o.eclipse.m2e.core.internal.Bundles - 	Entry: C:\Program Files\eclipse\plugins\org.eclipse.m2e.maven.runtime_3.9.1100.20250811-2018\jars\maven-resolver-transport-wagon-1.9.24.jar
2026-09-24 10:04:12,408 [Worker-65: Launching mavenrun-be420b78-c52e-46eb-b5f0-18f80e58ebe3] INFO  o.eclipse.m2e.core.internal.Bundles - 	Entry: C:\Program Files\eclipse\plugins\org.eclipse.m2e.maven.runtime_3.9.1100.20250811-2018\jars\maven-resolver-util-1.9.24.jar
2026-09-24 10:04:12,408 [Worker-65: Launching mavenrun-be420b78-c52e-46eb-b5f0-18f80e58ebe3] INFO  o.eclipse.m2e.core.internal.Bundles - 	Entry: C:\Program Files\eclipse\plugins\org.eclipse.m2e.maven.runtime_3.9.1100.20250811-2018\jars\maven-settings-3.9.11.jar
2026-09-24 10:04:12,408 [Worker-65: Launching mavenrun-be420b78-c52e-46eb-b5f0-18f80e58ebe3] INFO  o.eclipse.m2e.core.internal.Bundles - 	Entry: C:\Program Files\eclipse\plugins\org.eclipse.m2e.maven.runtime_3.9.1100.20250811-2018\jars\maven-settings-builder-3.9.11.jar
2026-09-24 10:04:12,408 [Worker-65: Launching mavenrun-be420b78-c52e-46eb-b5f0-18f80e58ebe3] INFO  o.eclipse.m2e.core.internal.Bundles - 	Entry: C:\Program Files\eclipse\plugins\org.eclipse.m2e.maven.runtime_3.9.1100.20250811-2018\jars\maven-shared-utils-3.4.2.jar
2026-09-24 10:04:12,408 [Worker-65: Launching mavenrun-be420b78-c52e-46eb-b5f0-18f80e58ebe3] INFO  o.eclipse.m2e.core.internal.Bundles - 	Entry: C:\Program Files\eclipse\plugins\org.eclipse.m2e.maven.runtime_3.9.1100.20250811-2018\jars\org.eclipse.sisu.inject-0.9.0.M4.jar
2026-09-24 10:04:12,408 [Worker-65: Launching mavenrun-be420b78-c52e-46eb-b5f0-18f80e58ebe3] INFO  o.eclipse.m2e.core.internal.Bundles - 	Entry: C:\Program Files\eclipse\plugins\org.eclipse.m2e.maven.runtime_3.9.1100.20250811-2018\jars\org.eclipse.sisu.plexus-0.9.0.M4.jar
2026-09-24 10:04:12,408 [Worker-65: Launching mavenrun-be420b78-c52e-46eb-b5f0-18f80e58ebe3] INFO  o.eclipse.m2e.core.internal.Bundles - 	Entry: C:\Program Files\eclipse\plugins\org.eclipse.m2e.maven.runtime_3.9.1100.20250811-2018\jars\plexus-build-api-0.0.7.jar
2026-09-24 10:04:12,408 [Worker-65: Launching mavenrun-be420b78-c52e-46eb-b5f0-18f80e58ebe3] INFO  o.eclipse.m2e.core.internal.Bundles - 	Entry: C:\Program Files\eclipse\plugins\org.eclipse.m2e.maven.runtime_3.9.1100.20250811-2018\jars\plexus-build-api-1.2.0.jar
2026-09-24 10:04:12,408 [Worker-65: Launching mavenrun-be420b78-c52e-46eb-b5f0-18f80e58ebe3] INFO  o.eclipse.m2e.core.internal.Bundles - 	Entry: C:\Program Files\eclipse\plugins\org.eclipse.m2e.maven.runtime_3.9.1100.20250811-2018\jars\plexus-cipher-2.0.jar
2026-09-24 10:04:12,408 [Worker-65: Launching mavenrun-be420b78-c52e-46eb-b5f0-18f80e58ebe3] INFO  o.eclipse.m2e.core.internal.Bundles - 	Entry: C:\Program Files\eclipse\plugins\org.eclipse.m2e.maven.runtime_3.9.1100.20250811-2018\jars\plexus-classworlds-2.9.0.jar
2026-09-24 10:04:12,408 [Worker-65: Launching mavenrun-be420b78-c52e-46eb-b5f0-18f80e58ebe3] INFO  o.eclipse.m2e.core.internal.Bundles - 	Entry: C:\Program Files\eclipse\plugins\org.eclipse.m2e.maven.runtime_3.9.1100.20250811-2018\jars\plexus-component-annotations-2.2.0.jar
2026-09-24 10:04:12,408 [Worker-65: Launching mavenrun-be420b78-c52e-46eb-b5f0-18f80e58ebe3] INFO  o.eclipse.m2e.core.internal.Bundles - 	Entry: C:\Program Files\eclipse\plugins\org.eclipse.m2e.maven.runtime_3.9.1100.20250811-2018\jars\plexus-interpolation-1.28.jar
2026-09-24 10:04:12,409 [Worker-65: Launching mavenrun-be420b78-c52e-46eb-b5f0-18f80e58ebe3] INFO  o.eclipse.m2e.core.internal.Bundles - 	Entry: C:\Program Files\eclipse\plugins\org.eclipse.m2e.maven.runtime_3.9.1100.20250811-2018\jars\plexus-sec-dispatcher-2.0.jar
2026-09-24 10:04:12,409 [Worker-65: Launching mavenrun-be420b78-c52e-46eb-b5f0-18f80e58ebe3] INFO  o.eclipse.m2e.core.internal.Bundles - 	Entry: C:\Program Files\eclipse\plugins\org.eclipse.m2e.maven.runtime_3.9.1100.20250811-2018\jars\plexus-utils-3.6.0.jar
2026-09-24 10:04:12,409 [Worker-65: Launching mavenrun-be420b78-c52e-46eb-b5f0-18f80e58ebe3] INFO  o.eclipse.m2e.core.internal.Bundles - 	Entry: C:\Program Files\eclipse\plugins\org.eclipse.m2e.maven.runtime_3.9.1100.20250811-2018\jars\wagon-file-3.5.3.jar
2026-09-24 10:04:12,409 [Worker-65: Launching mavenrun-be420b78-c52e-46eb-b5f0-18f80e58ebe3] INFO  o.eclipse.m2e.core.internal.Bundles - 	Entry: C:\Program Files\eclipse\plugins\org.eclipse.m2e.maven.runtime_3.9.1100.20250811-2018\jars\wagon-http-3.5.3.jar
2026-09-24 10:04:12,409 [Worker-65: Launching mavenrun-be420b78-c52e-46eb-b5f0-18f80e58ebe3] INFO  o.eclipse.m2e.core.internal.Bundles - 	Entry: C:\Program Files\eclipse\plugins\org.eclipse.m2e.maven.runtime_3.9.1100.20250811-2018\jars\wagon-http-shared-3.5.3.jar
2026-09-24 10:04:12,409 [Worker-65: Launching mavenrun-be420b78-c52e-46eb-b5f0-18f80e58ebe3] INFO  o.eclipse.m2e.core.internal.Bundles - 	Entry: C:\Program Files\eclipse\plugins\org.eclipse.m2e.maven.runtime_3.9.1100.20250811-2018\jars\wagon-provider-api-3.5.3.jar
2026-09-24 10:04:12,409 [Worker-65: Launching mavenrun-be420b78-c52e-46eb-b5f0-18f80e58ebe3] INFO  o.eclipse.m2e.core.internal.Bundles - getClasspathEntries(Bundle=com.google.guava_33.4.8.jre [18])
2026-09-24 10:04:12,409 [Worker-65: Launching mavenrun-be420b78-c52e-46eb-b5f0-18f80e58ebe3] INFO  o.eclipse.m2e.core.internal.Bundles - 	Entry: C:\Program Files\eclipse\plugins\com.google.guava_33.4.8.jre.jar
2026-09-24 10:04:12,409 [Worker-65: Launching mavenrun-be420b78-c52e-46eb-b5f0-18f80e58ebe3] INFO  o.eclipse.m2e.core.internal.Bundles - getClasspathEntries(Bundle=slf4j.api_2.0.17 [1007])
2026-09-24 10:04:12,409 [Worker-65: Launching mavenrun-be420b78-c52e-46eb-b5f0-18f80e58ebe3] INFO  o.eclipse.m2e.core.internal.Bundles - 	Entry: C:\Program Files\eclipse\plugins\slf4j.api_2.0.17.jar
2026-09-24 10:04:12,409 [Worker-65: Launching mavenrun-be420b78-c52e-46eb-b5f0-18f80e58ebe3] INFO  o.eclipse.m2e.core.internal.Bundles - getClasspathEntries(Bundle=jakarta.inject.jakarta.inject-api_1.0.5 [35])
2026-09-24 10:04:12,409 [Worker-65: Launching mavenrun-be420b78-c52e-46eb-b5f0-18f80e58ebe3] INFO  o.eclipse.m2e.core.internal.Bundles - 	Entry: C:\Program Files\eclipse\plugins\jakarta.inject.jakarta.inject-api_1.0.5.jar
2026-09-24 10:04:12,409 [Worker-65: Launching mavenrun-be420b78-c52e-46eb-b5f0-18f80e58ebe3] INFO  o.eclipse.m2e.core.internal.Bundles - getClasspathEntries(Bundle=jakarta.annotation-api_1.3.5 [31])
2026-09-24 10:04:12,409 [Worker-65: Launching mavenrun-be420b78-c52e-46eb-b5f0-18f80e58ebe3] INFO  o.eclipse.m2e.core.internal.Bundles - 	Entry: C:\Program Files\eclipse\plugins\jakarta.annotation-api_1.3.5.jar
2026-09-24 10:04:12,409 [Worker-65: Launching mavenrun-be420b78-c52e-46eb-b5f0-18f80e58ebe3] INFO  o.eclipse.m2e.core.internal.Bundles - getClasspathEntries(Bundle=org.apache.commons.cli_1.10.0 [75])
2026-09-24 10:04:12,410 [Worker-65: Launching mavenrun-be420b78-c52e-46eb-b5f0-18f80e58ebe3] INFO  o.eclipse.m2e.core.internal.Bundles - 	Entry: C:\Program Files\eclipse\plugins\org.apache.commons.cli_1.10.0.jar
2026-09-24 10:04:12,410 [Worker-65: Launching mavenrun-be420b78-c52e-46eb-b5f0-18f80e58ebe3] INFO  o.eclipse.m2e.core.internal.Bundles - getClasspathEntries(Bundle=org.apache.commons.commons-codec_1.19.0 [77])
2026-09-24 10:04:12,410 [Worker-65: Launching mavenrun-be420b78-c52e-46eb-b5f0-18f80e58ebe3] INFO  o.eclipse.m2e.core.internal.Bundles - 	Entry: C:\Program Files\eclipse\plugins\org.apache.commons.commons-codec_1.19.0.jar
2026-09-24 10:04:12,410 [Worker-65: Launching mavenrun-be420b78-c52e-46eb-b5f0-18f80e58ebe3] INFO  o.eclipse.m2e.core.internal.Bundles - getClasspathEntries(Bundle=com.google.guava.failureaccess_1.0.3 [19])
2026-09-24 10:04:12,410 [Worker-65: Launching mavenrun-be420b78-c52e-46eb-b5f0-18f80e58ebe3] INFO  o.eclipse.m2e.core.internal.Bundles - 	Entry: C:\Program Files\eclipse\plugins\com.google.guava.failureaccess_1.0.3.jar
2026-09-24 10:04:12,412 [Worker-65: Launching mavenrun-be420b78-c52e-46eb-b5f0-18f80e58ebe3] INFO  o.e.m.i.launch.MavenLaunchDelegate - Run build in "C:\Users\STUDEN~1\AppData\Local\Temp\m2e-archetypeGenerator16663824093583526618":
2026-09-24 10:04:12,412 [Worker-65: Launching mavenrun-be420b78-c52e-46eb-b5f0-18f80e58ebe3] INFO  o.e.m.i.launch.MavenLaunchDelegate -  mvn  -DjavaCompilerVersion=17 -DjunitVersion=5.11.0 -DarchetypeGroupId=org.apache.maven.archetypes -DarchetypeArtifactId=maven-archetype-quickstart -DarchetypeVersion=1.5 -DgroupId=com.example -DartifactId=maven-github-demo-nandithan -Dversion=0.0.1-SNAPSHOT -Dpackage=com.example.maven_github_demo_nandithan -DoutputDirectory=C:\Users\Student-A\eclipse-workspace\maven-new -Dstyle.color=always -U archetype:generate
2026-09-24 10:04:22,629 [Worker-62: Creating maven-archetype-quickstart] INFO  o.e.m.c.i.p.ProjectConfigurationManager - Collecting project info '/pom.xml' C:\Users\Student-A\eclipse-workspace\maven-new\maven-github-demo-nandithan\pom.xml
2026-09-24 10:04:22,723 [Worker-62: Creating maven-archetype-quickstart] INFO  o.e.m.c.i.l.LifecycleMappingFactory - Using org.eclipse.m2e.jdt.JarLifecycleMapping lifecycle mapping for MavenProject: com.example:maven-github-demo-nandithan:0.0.1-SNAPSHOT @ C:\Users\Student-A\eclipse-workspace\maven-new\maven-github-demo-nandithan\pom.xml.
2026-09-24 10:04:22,996 [Worker-62: Creating maven-archetype-quickstart] INFO  o.e.m.j.i.AbstractJavaProjectConfigurator - Adding source folder /maven-github-demo-nandithan/src/main/java
2026-09-24 10:04:22,997 [Worker-62: Creating maven-archetype-quickstart] INFO  o.e.m.j.i.AbstractJavaProjectConfigurator - Adding resource folder /maven-github-demo-nandithan/src/main/resources
2026-09-24 10:04:23,003 [Worker-62: Creating maven-archetype-quickstart] INFO  o.e.m.j.i.AbstractJavaProjectConfigurator - Adding source folder /maven-github-demo-nandithan/src/test/java
2026-09-24 10:04:23,004 [Worker-62: Creating maven-archetype-quickstart] INFO  o.e.m.j.i.AbstractJavaProjectConfigurator - Adding resource folder /maven-github-demo-nandithan/src/test/resources
2026-09-24 10:04:23,054 [Worker-62: Creating maven-archetype-quickstart] WARN  o.apache.maven.project.MavenProject - Direct modification of compileSourceRoots through clear() is deprecated and will not work in Maven 4.0.0. Please use the add/remove methods instead. If you're using a plugin that causes this warning, please upgrade to the latest version and report an issue if the warning persists. To disable these warnings, set -Dmaven.project.sourceRoots.warningsDisabled=true on the command line, in the .mvn/maven.config file, or in project POM properties.
2026-09-24 10:04:23,055 [Worker-62: Creating maven-archetype-quickstart] WARN  o.apache.maven.project.MavenProject - Direct modification of compileSourceRoots through add() is deprecated and will not work in Maven 4.0.0. Please use the add/remove methods instead. If you're using a plugin that causes this warning, please upgrade to the latest version and report an issue if the warning persists. To disable these warnings, set -Dmaven.project.sourceRoots.warningsDisabled=true on the command line, in the .mvn/maven.config file, or in project POM properties.
2026-09-24 10:04:23,055 [Worker-62: Creating maven-archetype-quickstart] WARN  o.apache.maven.project.MavenProject - Direct modification of testCompileSourceRoots through clear() is deprecated and will not work in Maven 4.0.0. Please use the add/remove methods instead. If you're using a plugin that causes this warning, please upgrade to the latest version and report an issue if the warning persists. To disable these warnings, set -Dmaven.project.sourceRoots.warningsDisabled=true on the command line, in the .mvn/maven.config file, or in project POM properties.
2026-09-24 10:04:23,056 [Worker-62: Creating maven-archetype-quickstart] WARN  o.apache.maven.project.MavenProject - Direct modification of testCompileSourceRoots through add() is deprecated and will not work in Maven 4.0.0. Please use the add/remove methods instead. If you're using a plugin that causes this warning, please upgrade to the latest version and report an issue if the warning persists. To disable these warnings, set -Dmaven.project.sourceRoots.warningsDisabled=true on the command line, in the .mvn/maven.config file, or in project POM properties.
2026-09-24 10:04:23,064 [Worker-62: Creating maven-archetype-quickstart] INFO  o.e.m.c.i.p.ProjectConfigurationManager - Imported and configured 1 project(s) in 0 sec
2026-09-24 10:04:23,306 [Worker-68: Building] INFO  o.a.m.s.f.DefaultMavenResourcesFiltering - skip non existing resourceDirectory C:\Users\Student-A\eclipse-workspace\maven-new\maven-github-demo-nandithan\src\main\resources
2026-09-24 10:04:23,308 [Worker-68: Building] INFO  o.a.m.s.f.DefaultMavenResourcesFiltering - skip non existing resourceDirectory C:\Users\Student-A\eclipse-workspace\maven-new\maven-github-demo-nandithan\src\test\resources
2026-09-24 10:04:23,328 [Worker-68: Building] WARN  o.apache.maven.project.MavenProject - Direct modification of compileSourceRoots through clear() is deprecated and will not work in Maven 4.0.0. Please use the add/remove methods instead. If you're using a plugin that causes this warning, please upgrade to the latest version and report an issue if the warning persists. To disable these warnings, set -Dmaven.project.sourceRoots.warningsDisabled=true on the command line, in the .mvn/maven.config file, or in project POM properties.
2026-09-24 10:04:23,329 [Worker-68: Building] WARN  o.apache.maven.project.MavenProject - Direct modification of compileSourceRoots through add() is deprecated and will not work in Maven 4.0.0. Please use the add/remove methods instead. If you're using a plugin that causes this warning, please upgrade to the latest version and report an issue if the warning persists. To disable these warnings, set -Dmaven.project.sourceRoots.warningsDisabled=true on the command line, in the .mvn/maven.config file, or in project POM properties.
2026-09-24 10:04:23,329 [Worker-68: Building] WARN  o.apache.maven.project.MavenProject - Direct modification of testCompileSourceRoots through clear() is deprecated and will not work in Maven 4.0.0. Please use the add/remove methods instead. If you're using a plugin that causes this warning, please upgrade to the latest version and report an issue if the warning persists. To disable these warnings, set -Dmaven.project.sourceRoots.warningsDisabled=true on the command line, in the .mvn/maven.config file, or in project POM properties.
2026-09-24 10:04:23,331 [Worker-68: Building] WARN  o.apache.maven.project.MavenProject - Direct modification of testCompileSourceRoots through add() is deprecated and will not work in Maven 4.0.0. Please use the add/remove methods instead. If you're using a plugin that causes this warning, please upgrade to the latest version and report an issue if the warning persists. To disable these warnings, set -Dmaven.project.sourceRoots.warningsDisabled=true on the command line, in the .mvn/maven.config file, or in project POM properties.
2026-09-24 10:05:18,934 [Worker-69: Building] INFO  o.a.m.s.f.DefaultMavenResourcesFiltering - skip non existing resourceDirectory C:\Users\Student-A\eclipse-workspace\maven-new\maven-github-demo-nandithan\src\main\resources
2026-09-24 10:05:18,936 [Worker-69: Building] INFO  o.a.m.s.f.DefaultMavenResourcesFiltering - skip non existing resourceDirectory C:\Users\Student-A\eclipse-workspace\maven-new\maven-github-demo-nandithan\src\test\resources
2026-09-24 10:05:18,936 [Worker-69: Building] WARN  o.apache.maven.project.MavenProject - Direct modification of compileSourceRoots through clear() is deprecated and will not work in Maven 4.0.0. Please use the add/remove methods instead. If you're using a plugin that causes this warning, please upgrade to the latest version and report an issue if the warning persists. To disable these warnings, set -Dmaven.project.sourceRoots.warningsDisabled=true on the command line, in the .mvn/maven.config file, or in project POM properties.
2026-09-24 10:05:18,937 [Worker-69: Building] WARN  o.apache.maven.project.MavenProject - Direct modification of compileSourceRoots through add() is deprecated and will not work in Maven 4.0.0. Please use the add/remove methods instead. If you're using a plugin that causes this warning, please upgrade to the latest version and report an issue if the warning persists. To disable these warnings, set -Dmaven.project.sourceRoots.warningsDisabled=true on the command line, in the .mvn/maven.config file, or in project POM properties.
2026-09-24 10:05:18,938 [Worker-69: Building] WARN  o.apache.maven.project.MavenProject - Direct modification of testCompileSourceRoots through clear() is deprecated and will not work in Maven 4.0.0. Please use the add/remove methods instead. If you're using a plugin that causes this warning, please upgrade to the latest version and report an issue if the warning persists. To disable these warnings, set -Dmaven.project.sourceRoots.warningsDisabled=true on the command line, in the .mvn/maven.config file, or in project POM properties.
2026-09-24 10:05:18,938 [Worker-69: Building] WARN  o.apache.maven.project.MavenProject - Direct modification of testCompileSourceRoots through add() is deprecated and will not work in Maven 4.0.0. Please use the add/remove methods instead. If you're using a plugin that causes this warning, please upgrade to the latest version and report an issue if the warning persists. To disable these warnings, set -Dmaven.project.sourceRoots.warningsDisabled=true on the command line, in the .mvn/maven.config file, or in project POM properties.
2026-09-24 10:05:42,330 [Worker-70: Launching Gradecalulator] INFO  o.a.m.s.f.DefaultMavenResourcesFiltering - skip non existing resourceDirectory C:\Users\Student-A\eclipse-workspace\maven-new\maven-github-demo-nandithan\src\main\resources
2026-09-24 10:05:42,331 [Worker-70: Launching Gradecalulator] INFO  o.a.m.s.f.DefaultMavenResourcesFiltering - skip non existing resourceDirectory C:\Users\Student-A\eclipse-workspace\maven-new\maven-github-demo-nandithan\src\test\resources
2026-09-24 10:05:42,331 [Worker-70: Launching Gradecalulator] WARN  o.apache.maven.project.MavenProject - Direct modification of compileSourceRoots through clear() is deprecated and will not work in Maven 4.0.0. Please use the add/remove methods instead. If you're using a plugin that causes this warning, please upgrade to the latest version and report an issue if the warning persists. To disable these warnings, set -Dmaven.project.sourceRoots.warningsDisabled=true on the command line, in the .mvn/maven.config file, or in project POM properties.
2026-09-24 10:05:42,333 [Worker-70: Launching Gradecalulator] WARN  o.apache.maven.project.MavenProject - Direct modification of compileSourceRoots through add() is deprecated and will not work in Maven 4.0.0. Please use the add/remove methods instead. If you're using a plugin that causes this warning, please upgrade to the latest version and report an issue if the warning persists. To disable these warnings, set -Dmaven.project.sourceRoots.warningsDisabled=true on the command line, in the .mvn/maven.config file, or in project POM properties.
2026-09-24 10:05:42,333 [Worker-70: Launching Gradecalulator] WARN  o.apache.maven.project.MavenProject - Direct modification of testCompileSourceRoots through clear() is deprecated and will not work in Maven 4.0.0. Please use the add/remove methods instead. If you're using a plugin that causes this warning, please upgrade to the latest version and report an issue if the warning persists. To disable these warnings, set -Dmaven.project.sourceRoots.warningsDisabled=true on the command line, in the .mvn/maven.config file, or in project POM properties.
2026-09-24 10:05:42,334 [Worker-70: Launching Gradecalulator] WARN  o.apache.maven.project.MavenProject - Direct modification of testCompileSourceRoots through add() is deprecated and will not work in Maven 4.0.0. Please use the add/remove methods instead. If you're using a plugin that causes this warning, please upgrade to the latest version and report an issue if the warning persists. To disable these warnings, set -Dmaven.project.sourceRoots.warningsDisabled=true on the command line, in the .mvn/maven.config file, or in project POM properties.
2026-09-24 10:06:26,975 [Worker-65: Building] INFO  o.a.m.s.f.DefaultMavenResourcesFiltering - skip non existing resourceDirectory C:\Users\Student-A\eclipse-workspace\maven-new\maven-github-demo-nandithan\src\main\resources
2026-09-24 10:06:26,976 [Worker-65: Building] INFO  o.a.m.s.f.DefaultMavenResourcesFiltering - skip non existing resourceDirectory C:\Users\Student-A\eclipse-workspace\maven-new\maven-github-demo-nandithan\src\test\resources
2026-09-24 10:06:26,982 [Worker-65: Building] WARN  o.apache.maven.project.MavenProject - Direct modification of compileSourceRoots through clear() is deprecated and will not work in Maven 4.0.0. Please use the add/remove methods instead. If you're using a plugin that causes this warning, please upgrade to the latest version and report an issue if the warning persists. To disable these warnings, set -Dmaven.project.sourceRoots.warningsDisabled=true on the command line, in the .mvn/maven.config file, or in project POM properties.
2026-09-24 10:06:26,983 [Worker-65: Building] WARN  o.apache.maven.project.MavenProject - Direct modification of compileSourceRoots through add() is deprecated and will not work in Maven 4.0.0. Please use the add/remove methods instead. If you're using a plugin that causes this warning, please upgrade to the latest version and report an issue if the warning persists. To disable these warnings, set -Dmaven.project.sourceRoots.warningsDisabled=true on the command line, in the .mvn/maven.config file, or in project POM properties.
2026-09-24 10:06:26,983 [Worker-65: Building] WARN  o.apache.maven.project.MavenProject - Direct modification of testCompileSourceRoots through clear() is deprecated and will not work in Maven 4.0.0. Please use the add/remove methods instead. If you're using a plugin that causes this warning, please upgrade to the latest version and report an issue if the warning persists. To disable these warnings, set -Dmaven.project.sourceRoots.warningsDisabled=true on the command line, in the .mvn/maven.config file, or in project POM properties.
2026-09-24 10:06:26,983 [Worker-65: Building] WARN  o.apache.maven.project.MavenProject - Direct modification of testCompileSourceRoots through add() is deprecated and will not work in Maven 4.0.0. Please use the add/remove methods instead. If you're using a plugin that causes this warning, please upgrade to the latest version and report an issue if the warning persists. To disable these warnings, set -Dmaven.project.sourceRoots.warningsDisabled=true on the command line, in the .mvn/maven.config file, or in project POM properties.
2026-09-24 10:06:33,717 [Worker-69: Building] INFO  o.a.m.s.f.DefaultMavenResourcesFiltering - skip non existing resourceDirectory C:\Users\Student-A\eclipse-workspace\maven-new\maven-github-demo-nandithan\src\main\resources
2026-09-24 10:06:33,718 [Worker-69: Building] INFO  o.a.m.s.f.DefaultMavenResourcesFiltering - skip non existing resourceDirectory C:\Users\Student-A\eclipse-workspace\maven-new\maven-github-demo-nandithan\src\test\resources
2026-09-24 10:06:33,718 [Worker-69: Building] WARN  o.apache.maven.project.MavenProject - Direct modification of compileSourceRoots through clear() is deprecated and will not work in Maven 4.0.0. Please use the add/remove methods instead. If you're using a plugin that causes this warning, please upgrade to the latest version and report an issue if the warning persists. To disable these warnings, set -Dmaven.project.sourceRoots.warningsDisabled=true on the command line, in the .mvn/maven.config file, or in project POM properties.
2026-09-24 10:06:33,719 [Worker-69: Building] WARN  o.apache.maven.project.MavenProject - Direct modification of compileSourceRoots through add() is deprecated and will not work in Maven 4.0.0. Please use the add/remove methods instead. If you're using a plugin that causes this warning, please upgrade to the latest version and report an issue if the warning persists. To disable these warnings, set -Dmaven.project.sourceRoots.warningsDisabled=true on the command line, in the .mvn/maven.config file, or in project POM properties.
2026-09-24 10:06:33,720 [Worker-69: Building] WARN  o.apache.maven.project.MavenProject - Direct modification of testCompileSourceRoots through clear() is deprecated and will not work in Maven 4.0.0. Please use the add/remove methods instead. If you're using a plugin that causes this warning, please upgrade to the latest version and report an issue if the warning persists. To disable these warnings, set -Dmaven.project.sourceRoots.warningsDisabled=true on the command line, in the .mvn/maven.config file, or in project POM properties.
2026-09-24 10:06:33,720 [Worker-69: Building] WARN  o.apache.maven.project.MavenProject - Direct modification of testCompileSourceRoots through add() is deprecated and will not work in Maven 4.0.0. Please use the add/remove methods instead. If you're using a plugin that causes this warning, please upgrade to the latest version and report an issue if the warning persists. To disable these warnings, set -Dmaven.project.sourceRoots.warningsDisabled=true on the command line, in the .mvn/maven.config file, or in project POM properties.
2026-09-24 10:07:06,966 [Worker-69: Building] INFO  o.a.m.s.f.DefaultMavenResourcesFiltering - skip non existing resourceDirectory C:\Users\Student-A\eclipse-workspace\maven-new\maven-github-demo-nandithan\src\main\resources
2026-09-24 10:07:06,968 [Worker-69: Building] INFO  o.a.m.s.f.DefaultMavenResourcesFiltering - skip non existing resourceDirectory C:\Users\Student-A\eclipse-workspace\maven-new\maven-github-demo-nandithan\src\test\resources
2026-09-24 10:07:06,974 [Worker-69: Building] WARN  o.apache.maven.project.MavenProject - Direct modification of compileSourceRoots through clear() is deprecated and will not work in Maven 4.0.0. Please use the add/remove methods instead. If you're using a plugin that causes this warning, please upgrade to the latest version and report an issue if the warning persists. To disable these warnings, set -Dmaven.project.sourceRoots.warningsDisabled=true on the command line, in the .mvn/maven.config file, or in project POM properties.
2026-09-24 10:07:06,974 [Worker-69: Building] WARN  o.apache.maven.project.MavenProject - Direct modification of compileSourceRoots through add() is deprecated and will not work in Maven 4.0.0. Please use the add/remove methods instead. If you're using a plugin that causes this warning, please upgrade to the latest version and report an issue if the warning persists. To disable these warnings, set -Dmaven.project.sourceRoots.warningsDisabled=true on the command line, in the .mvn/maven.config file, or in project POM properties.
2026-09-24 10:07:06,974 [Worker-69: Building] WARN  o.apache.maven.project.MavenProject - Direct modification of testCompileSourceRoots through clear() is deprecated and will not work in Maven 4.0.0. Please use the add/remove methods instead. If you're using a plugin that causes this warning, please upgrade to the latest version and report an issue if the warning persists. To disable these warnings, set -Dmaven.project.sourceRoots.warningsDisabled=true on the command line, in the .mvn/maven.config file, or in project POM properties.
2026-09-24 10:07:06,976 [Worker-69: Building] WARN  o.apache.maven.project.MavenProject - Direct modification of testCompileSourceRoots through add() is deprecated and will not work in Maven 4.0.0. Please use the add/remove methods instead. If you're using a plugin that causes this warning, please upgrade to the latest version and report an issue if the warning persists. To disable these warnings, set -Dmaven.project.sourceRoots.warningsDisabled=true on the command line, in the .mvn/maven.config file, or in project POM properties.
2026-09-24 10:07:08,042 [Worker-65: Building] INFO  o.a.m.s.f.DefaultMavenResourcesFiltering - skip non existing resourceDirectory C:\Users\Student-A\eclipse-workspace\maven-new\maven-github-demo-nandithan\src\main\resources
2026-09-24 10:07:08,044 [Worker-65: Building] INFO  o.a.m.s.f.DefaultMavenResourcesFiltering - skip non existing resourceDirectory C:\Users\Student-A\eclipse-workspace\maven-new\maven-github-demo-nandithan\src\test\resources
2026-09-24 10:07:08,049 [Worker-65: Building] WARN  o.apache.maven.project.MavenProject - Direct modification of compileSourceRoots through clear() is deprecated and will not work in Maven 4.0.0. Please use the add/remove methods instead. If you're using a plugin that causes this warning, please upgrade to the latest version and report an issue if the warning persists. To disable these warnings, set -Dmaven.project.sourceRoots.warningsDisabled=true on the command line, in the .mvn/maven.config file, or in project POM properties.
2026-09-24 10:07:08,050 [Worker-65: Building] WARN  o.apache.maven.project.MavenProject - Direct modification of compileSourceRoots through add() is deprecated and will not work in Maven 4.0.0. Please use the add/remove methods instead. If you're using a plugin that causes this warning, please upgrade to the latest version and report an issue if the warning persists. To disable these warnings, set -Dmaven.project.sourceRoots.warningsDisabled=true on the command line, in the .mvn/maven.config file, or in project POM properties.
2026-09-24 10:07:08,050 [Worker-65: Building] WARN  o.apache.maven.project.MavenProject - Direct modification of testCompileSourceRoots through clear() is deprecated and will not work in Maven 4.0.0. Please use the add/remove methods instead. If you're using a plugin that causes this warning, please upgrade to the latest version and report an issue if the warning persists. To disable these warnings, set -Dmaven.project.sourceRoots.warningsDisabled=true on the command line, in the .mvn/maven.config file, or in project POM properties.
2026-09-24 10:07:08,051 [Worker-65: Building] WARN  o.apache.maven.project.MavenProject - Direct modification of testCompileSourceRoots through add() is deprecated and will not work in Maven 4.0.0. Please use the add/remove methods instead. If you're using a plugin that causes this warning, please upgrade to the latest version and report an issue if the warning persists. To disable these warnings, set -Dmaven.project.sourceRoots.warningsDisabled=true on the command line, in the .mvn/maven.config file, or in project POM properties.
2026-09-24 10:08:46,227 [Worker-69: Building] INFO  o.a.m.s.f.DefaultMavenResourcesFiltering - skip non existing resourceDirectory C:\Users\Student-A\eclipse-workspace\maven-new\maven-github-demo-nandithan\src\main\resources
2026-09-24 10:08:46,230 [Worker-69: Building] INFO  o.a.m.s.f.DefaultMavenResourcesFiltering - skip non existing resourceDirectory C:\Users\Student-A\eclipse-workspace\maven-new\maven-github-demo-nandithan\src\test\resources
2026-09-24 10:08:46,230 [Worker-69: Building] WARN  o.apache.maven.project.MavenProject - Direct modification of compileSourceRoots through clear() is deprecated and will not work in Maven 4.0.0. Please use the add/remove methods instead. If you're using a plugin that causes this warning, please upgrade to the latest version and report an issue if the warning persists. To disable these warnings, set -Dmaven.project.sourceRoots.warningsDisabled=true on the command line, in the .mvn/maven.config file, or in project POM properties.
2026-09-24 10:08:46,231 [Worker-69: Building] WARN  o.apache.maven.project.MavenProject - Direct modification of compileSourceRoots through add() is deprecated and will not work in Maven 4.0.0. Please use the add/remove methods instead. If you're using a plugin that causes this warning, please upgrade to the latest version and report an issue if the warning persists. To disable these warnings, set -Dmaven.project.sourceRoots.warningsDisabled=true on the command line, in the .mvn/maven.config file, or in project POM properties.
2026-09-24 10:08:46,231 [Worker-69: Building] WARN  o.apache.maven.project.MavenProject - Direct modification of testCompileSourceRoots through clear() is deprecated and will not work in Maven 4.0.0. Please use the add/remove methods instead. If you're using a plugin that causes this warning, please upgrade to the latest version and report an issue if the warning persists. To disable these warnings, set -Dmaven.project.sourceRoots.warningsDisabled=true on the command line, in the .mvn/maven.config file, or in project POM properties.
2026-09-24 10:08:46,232 [Worker-69: Building] WARN  o.apache.maven.project.MavenProject - Direct modification of testCompileSourceRoots through add() is deprecated and will not work in Maven 4.0.0. Please use the add/remove methods instead. If you're using a plugin that causes this warning, please upgrade to the latest version and report an issue if the warning persists. To disable these warnings, set -Dmaven.project.sourceRoots.warningsDisabled=true on the command line, in the .mvn/maven.config file, or in project POM properties.
2026-09-24 10:13:29,632 [main] INFO  o.e.m.jdt.internal.UnitTestSupport - Updating File_test from maven configuration
2026-09-24 10:13:29,945 [Worker-67: Launching File_test] INFO  o.a.m.s.f.DefaultMavenResourcesFiltering - skip non existing resourceDirectory C:\Users\Student-A\eclipse-workspace\maven-new\maven-github-demo-nandithan\src\main\resources
2026-09-24 10:13:29,946 [Worker-67: Launching File_test] INFO  o.a.m.s.f.DefaultMavenResourcesFiltering - skip non existing resourceDirectory C:\Users\Student-A\eclipse-workspace\maven-new\maven-github-demo-nandithan\src\test\resources
2026-09-24 10:13:29,946 [Worker-67: Launching File_test] WARN  o.apache.maven.project.MavenProject - Direct modification of compileSourceRoots through clear() is deprecated and will not work in Maven 4.0.0. Please use the add/remove methods instead. If you're using a plugin that causes this warning, please upgrade to the latest version and report an issue if the warning persists. To disable these warnings, set -Dmaven.project.sourceRoots.warningsDisabled=true on the command line, in the .mvn/maven.config file, or in project POM properties.
2026-09-24 10:13:29,947 [Worker-67: Launching File_test] WARN  o.apache.maven.project.MavenProject - Direct modification of compileSourceRoots through add() is deprecated and will not work in Maven 4.0.0. Please use the add/remove methods instead. If you're using a plugin that causes this warning, please upgrade to the latest version and report an issue if the warning persists. To disable these warnings, set -Dmaven.project.sourceRoots.warningsDisabled=true on the command line, in the .mvn/maven.config file, or in project POM properties.
2026-09-24 10:13:29,947 [Worker-67: Launching File_test] WARN  o.apache.maven.project.MavenProject - Direct modification of testCompileSourceRoots through clear() is deprecated and will not work in Maven 4.0.0. Please use the add/remove methods instead. If you're using a plugin that causes this warning, please upgrade to the latest version and report an issue if the warning persists. To disable these warnings, set -Dmaven.project.sourceRoots.warningsDisabled=true on the command line, in the .mvn/maven.config file, or in project POM properties.
2026-09-24 10:13:29,948 [Worker-67: Launching File_test] WARN  o.apache.maven.project.MavenProject - Direct modification of testCompileSourceRoots through add() is deprecated and will not work in Maven 4.0.0. Please use the add/remove methods instead. If you're using a plugin that causes this warning, please upgrade to the latest version and report an issue if the warning persists. To disable these warnings, set -Dmaven.project.sourceRoots.warningsDisabled=true on the command line, in the .mvn/maven.config file, or in project POM properties.
2026-09-24 10:18:18,996 [Worker-65: Building] INFO  o.a.m.s.f.DefaultMavenResourcesFiltering - skip non existing resourceDirectory C:\Users\Student-A\eclipse-workspace\maven-new\maven-github-demo-nandithan\src\main\resources
2026-09-24 10:18:18,997 [Worker-65: Building] INFO  o.a.m.s.f.DefaultMavenResourcesFiltering - skip non existing resourceDirectory C:\Users\Student-A\eclipse-workspace\maven-new\maven-github-demo-nandithan\src\test\resources
2026-09-24 10:18:19,006 [Worker-65: Building] WARN  o.apache.maven.project.MavenProject - Direct modification of compileSourceRoots through clear() is deprecated and will not work in Maven 4.0.0. Please use the add/remove methods instead. If you're using a plugin that causes this warning, please upgrade to the latest version and report an issue if the warning persists. To disable these warnings, set -Dmaven.project.sourceRoots.warningsDisabled=true on the command line, in the .mvn/maven.config file, or in project POM properties.
2026-09-24 10:18:19,007 [Worker-65: Building] WARN  o.apache.maven.project.MavenProject - Direct modification of compileSourceRoots through add() is deprecated and will not work in Maven 4.0.0. Please use the add/remove methods instead. If you're using a plugin that causes this warning, please upgrade to the latest version and report an issue if the warning persists. To disable these warnings, set -Dmaven.project.sourceRoots.warningsDisabled=true on the command line, in the .mvn/maven.config file, or in project POM properties.
2026-09-24 10:18:19,008 [Worker-65: Building] WARN  o.apache.maven.project.MavenProject - Direct modification of testCompileSourceRoots through clear() is deprecated and will not work in Maven 4.0.0. Please use the add/remove methods instead. If you're using a plugin that causes this warning, please upgrade to the latest version and report an issue if the warning persists. To disable these warnings, set -Dmaven.project.sourceRoots.warningsDisabled=true on the command line, in the .mvn/maven.config file, or in project POM properties.
2026-09-24 10:18:19,008 [Worker-65: Building] WARN  o.apache.maven.project.MavenProject - Direct modification of testCompileSourceRoots through add() is deprecated and will not work in Maven 4.0.0. Please use the add/remove methods instead. If you're using a plugin that causes this warning, please upgrade to the latest version and report an issue if the warning persists. To disable these warnings, set -Dmaven.project.sourceRoots.warningsDisabled=true on the command line, in the .mvn/maven.config file, or in project POM properties.
2026-09-24 10:18:25,056 [Worker-75: Building] INFO  o.a.m.s.f.DefaultMavenResourcesFiltering - skip non existing resourceDirectory C:\Users\Student-A\eclipse-workspace\maven-new\maven-github-demo-nandithan\src\main\resources
2026-09-24 10:18:25,057 [Worker-75: Building] INFO  o.a.m.s.f.DefaultMavenResourcesFiltering - skip non existing resourceDirectory C:\Users\Student-A\eclipse-workspace\maven-new\maven-github-demo-nandithan\src\test\resources
2026-09-24 10:18:25,063 [Worker-75: Building] WARN  o.apache.maven.project.MavenProject - Direct modification of compileSourceRoots through clear() is deprecated and will not work in Maven 4.0.0. Please use the add/remove methods instead. If you're using a plugin that causes this warning, please upgrade to the latest version and report an issue if the warning persists. To disable these warnings, set -Dmaven.project.sourceRoots.warningsDisabled=true on the command line, in the .mvn/maven.config file, or in project POM properties.
2026-09-24 10:18:25,064 [Worker-75: Building] WARN  o.apache.maven.project.MavenProject - Direct modification of compileSourceRoots through add() is deprecated and will not work in Maven 4.0.0. Please use the add/remove methods instead. If you're using a plugin that causes this warning, please upgrade to the latest version and report an issue if the warning persists. To disable these warnings, set -Dmaven.project.sourceRoots.warningsDisabled=true on the command line, in the .mvn/maven.config file, or in project POM properties.
2026-09-24 10:18:25,064 [Worker-75: Building] WARN  o.apache.maven.project.MavenProject - Direct modification of testCompileSourceRoots through clear() is deprecated and will not work in Maven 4.0.0. Please use the add/remove methods instead. If you're using a plugin that causes this warning, please upgrade to the latest version and report an issue if the warning persists. To disable these warnings, set -Dmaven.project.sourceRoots.warningsDisabled=true on the command line, in the .mvn/maven.config file, or in project POM properties.
2026-09-24 10:18:25,065 [Worker-75: Building] WARN  o.apache.maven.project.MavenProject - Direct modification of testCompileSourceRoots through add() is deprecated and will not work in Maven 4.0.0. Please use the add/remove methods instead. If you're using a plugin that causes this warning, please upgrade to the latest version and report an issue if the warning persists. To disable these warnings, set -Dmaven.project.sourceRoots.warningsDisabled=true on the command line, in the .mvn/maven.config file, or in project POM properties.
2026-09-24 10:24:53,602 [main] INFO  o.e.m2e.actions.ExecutePomAction - Creating new launch configuration
2026-09-24 10:25:40,731 [Worker-74: Launching maven-github-demo-nandithan] INFO  o.eclipse.m2e.core.internal.Bundles - getClasspathEntries(Bundle=org.eclipse.m2e.maven.runtime_3.9.1100.20250811-2018 [642])
2026-09-24 10:25:40,731 [Worker-74: Launching maven-github-demo-nandithan] INFO  o.eclipse.m2e.core.internal.Bundles - 	Entry: C:\Program Files\eclipse\plugins\org.eclipse.m2e.maven.runtime_3.9.1100.20250811-2018
2026-09-24 10:25:40,731 [Worker-74: Launching maven-github-demo-nandithan] INFO  o.eclipse.m2e.core.internal.Bundles - 	Entry: C:\Program Files\eclipse\plugins\org.eclipse.m2e.maven.runtime_3.9.1100.20250811-2018\jars\aopalliance-1.0.jar
2026-09-24 10:25:40,731 [Worker-74: Launching maven-github-demo-nandithan] INFO  o.eclipse.m2e.core.internal.Bundles - 	Entry: C:\Program Files\eclipse\plugins\org.eclipse.m2e.maven.runtime_3.9.1100.20250811-2018\jars\asm-9.8.jar
2026-09-24 10:25:40,731 [Worker-74: Launching maven-github-demo-nandithan] INFO  o.eclipse.m2e.core.internal.Bundles - 	Entry: C:\Program Files\eclipse\plugins\org.eclipse.m2e.maven.runtime_3.9.1100.20250811-2018\jars\error_prone_annotations-2.38.0.jar
2026-09-24 10:25:40,731 [Worker-74: Launching maven-github-demo-nandithan] INFO  o.eclipse.m2e.core.internal.Bundles - 	Entry: C:\Program Files\eclipse\plugins\org.eclipse.m2e.maven.runtime_3.9.1100.20250811-2018\jars\gson-2.13.1.jar
2026-09-24 10:25:40,731 [Worker-74: Launching maven-github-demo-nandithan] INFO  o.eclipse.m2e.core.internal.Bundles - 	Entry: C:\Program Files\eclipse\plugins\org.eclipse.m2e.maven.runtime_3.9.1100.20250811-2018\jars\guice-5.1.0-classes.jar
2026-09-24 10:25:40,732 [Worker-74: Launching maven-github-demo-nandithan] INFO  o.eclipse.m2e.core.internal.Bundles - 	Entry: C:\Program Files\eclipse\plugins\org.eclipse.m2e.maven.runtime_3.9.1100.20250811-2018\jars\httpclient-4.5.14.jar
2026-09-24 10:25:40,732 [Worker-74: Launching maven-github-demo-nandithan] INFO  o.eclipse.m2e.core.internal.Bundles - 	Entry: C:\Program Files\eclipse\plugins\org.eclipse.m2e.maven.runtime_3.9.1100.20250811-2018\jars\httpcore-4.4.16.jar
2026-09-24 10:25:40,732 [Worker-74: Launching maven-github-demo-nandithan] INFO  o.eclipse.m2e.core.internal.Bundles - 	Entry: C:\Program Files\eclipse\plugins\org.eclipse.m2e.maven.runtime_3.9.1100.20250811-2018\jars\jansi-2.4.2.jar
2026-09-24 10:25:40,732 [Worker-74: Launching maven-github-demo-nandithan] INFO  o.eclipse.m2e.core.internal.Bundles - 	Entry: C:\Program Files\eclipse\plugins\org.eclipse.m2e.maven.runtime_3.9.1100.20250811-2018\jars\jcl-over-slf4j-1.7.36.jar
2026-09-24 10:25:40,732 [Worker-74: Launching maven-github-demo-nandithan] INFO  o.eclipse.m2e.core.internal.Bundles - 	Entry: C:\Program Files\eclipse\plugins\org.eclipse.m2e.maven.runtime_3.9.1100.20250811-2018\jars\maven-artifact-3.9.11.jar
2026-09-24 10:25:40,732 [Worker-74: Launching maven-github-demo-nandithan] INFO  o.eclipse.m2e.core.internal.Bundles - 	Entry: C:\Program Files\eclipse\plugins\org.eclipse.m2e.maven.runtime_3.9.1100.20250811-2018\jars\maven-builder-support-3.9.11.jar
2026-09-24 10:25:40,732 [Worker-74: Launching maven-github-demo-nandithan] INFO  o.eclipse.m2e.core.internal.Bundles - 	Entry: C:\Program Files\eclipse\plugins\org.eclipse.m2e.maven.runtime_3.9.1100.20250811-2018\jars\maven-compat-3.9.11.jar
2026-09-24 10:25:40,732 [Worker-74: Launching maven-github-demo-nandithan] INFO  o.eclipse.m2e.core.internal.Bundles - 	Entry: C:\Program Files\eclipse\plugins\org.eclipse.m2e.maven.runtime_3.9.1100.20250811-2018\jars\maven-core-3.9.11.jar
2026-09-24 10:25:40,732 [Worker-74: Launching maven-github-demo-nandithan] INFO  o.eclipse.m2e.core.internal.Bundles - 	Entry: C:\Program Files\eclipse\plugins\org.eclipse.m2e.maven.runtime_3.9.1100.20250811-2018\jars\maven-embedder-3.9.11.jar
2026-09-24 10:25:40,732 [Worker-74: Launching maven-github-demo-nandithan] INFO  o.eclipse.m2e.core.internal.Bundles - 	Entry: C:\Program Files\eclipse\plugins\org.eclipse.m2e.maven.runtime_3.9.1100.20250811-2018\jars\maven-model-3.9.11.jar
2026-09-24 10:25:40,732 [Worker-74: Launching maven-github-demo-nandithan] INFO  o.eclipse.m2e.core.internal.Bundles - 	Entry: C:\Program Files\eclipse\plugins\org.eclipse.m2e.maven.runtime_3.9.1100.20250811-2018\jars\maven-model-builder-3.9.11.jar
2026-09-24 10:25:40,732 [Worker-74: Launching maven-github-demo-nandithan] INFO  o.eclipse.m2e.core.internal.Bundles - 	Entry: C:\Program Files\eclipse\plugins\org.eclipse.m2e.maven.runtime_3.9.1100.20250811-2018\jars\maven-plugin-api-3.9.11.jar
2026-09-24 10:25:40,732 [Worker-74: Launching maven-github-demo-nandithan] INFO  o.eclipse.m2e.core.internal.Bundles - 	Entry: C:\Program Files\eclipse\plugins\org.eclipse.m2e.maven.runtime_3.9.1100.20250811-2018\jars\maven-repository-metadata-3.9.11.jar
2026-09-24 10:25:40,732 [Worker-74: Launching maven-github-demo-nandithan] INFO  o.eclipse.m2e.core.internal.Bundles - 	Entry: C:\Program Files\eclipse\plugins\org.eclipse.m2e.maven.runtime_3.9.1100.20250811-2018\jars\maven-resolver-api-1.9.24.jar
2026-09-24 10:25:40,732 [Worker-74: Launching maven-github-demo-nandithan] INFO  o.eclipse.m2e.core.internal.Bundles - 	Entry: C:\Program Files\eclipse\plugins\org.eclipse.m2e.maven.runtime_3.9.1100.20250811-2018\jars\maven-resolver-connector-basic-1.9.24.jar
2026-09-24 10:25:40,732 [Worker-74: Launching maven-github-demo-nandithan] INFO  o.eclipse.m2e.core.internal.Bundles - 	Entry: C:\Program Files\eclipse\plugins\org.eclipse.m2e.maven.runtime_3.9.1100.20250811-2018\jars\maven-resolver-impl-1.9.24.jar
2026-09-24 10:25:40,733 [Worker-74: Launching maven-github-demo-nandithan] INFO  o.eclipse.m2e.core.internal.Bundles - 	Entry: C:\Program Files\eclipse\plugins\org.eclipse.m2e.maven.runtime_3.9.1100.20250811-2018\jars\maven-resolver-named-locks-1.9.24.jar
2026-09-24 10:25:40,733 [Worker-74: Launching maven-github-demo-nandithan] INFO  o.eclipse.m2e.core.internal.Bundles - 	Entry: C:\Program Files\eclipse\plugins\org.eclipse.m2e.maven.runtime_3.9.1100.20250811-2018\jars\maven-resolver-provider-3.9.11.jar
2026-09-24 10:25:40,733 [Worker-74: Launching maven-github-demo-nandithan] INFO  o.eclipse.m2e.core.internal.Bundles - 	Entry: C:\Program Files\eclipse\plugins\org.eclipse.m2e.maven.runtime_3.9.1100.20250811-2018\jars\maven-resolver-spi-1.9.24.jar
2026-09-24 10:25:40,733 [Worker-74: Launching maven-github-demo-nandithan] INFO  o.eclipse.m2e.core.internal.Bundles - 	Entry: C:\Program Files\eclipse\plugins\org.eclipse.m2e.maven.runtime_3.9.1100.20250811-2018\jars\maven-resolver-transport-file-1.9.24.jar
2026-09-24 10:25:40,733 [Worker-74: Launching maven-github-demo-nandithan] INFO  o.eclipse.m2e.core.internal.Bundles - 	Entry: C:\Program Files\eclipse\plugins\org.eclipse.m2e.maven.runtime_3.9.1100.20250811-2018\jars\maven-resolver-transport-http-1.9.24.jar
2026-09-24 10:25:40,733 [Worker-74: Launching maven-github-demo-nandithan] INFO  o.eclipse.m2e.core.internal.Bundles - 	Entry: C:\Program Files\eclipse\plugins\org.eclipse.m2e.maven.runtime_3.9.1100.20250811-2018\jars\maven-resolver-transport-wagon-1.9.24.jar
2026-09-24 10:25:40,733 [Worker-74: Launching maven-github-demo-nandithan] INFO  o.eclipse.m2e.core.internal.Bundles - 	Entry: C:\Program Files\eclipse\plugins\org.eclipse.m2e.maven.runtime_3.9.1100.20250811-2018\jars\maven-resolver-util-1.9.24.jar
2026-09-24 10:25:40,733 [Worker-74: Launching maven-github-demo-nandithan] INFO  o.eclipse.m2e.core.internal.Bundles - 	Entry: C:\Program Files\eclipse\plugins\org.eclipse.m2e.maven.runtime_3.9.1100.20250811-2018\jars\maven-settings-3.9.11.jar
2026-09-24 10:25:40,733 [Worker-74: Launching maven-github-demo-nandithan] INFO  o.eclipse.m2e.core.internal.Bundles - 	Entry: C:\Program Files\eclipse\plugins\org.eclipse.m2e.maven.runtime_3.9.1100.20250811-2018\jars\maven-settings-builder-3.9.11.jar
2026-09-24 10:25:40,733 [Worker-74: Launching maven-github-demo-nandithan] INFO  o.eclipse.m2e.core.internal.Bundles - 	Entry: C:\Program Files\eclipse\plugins\org.eclipse.m2e.maven.runtime_3.9.1100.20250811-2018\jars\maven-shared-utils-3.4.2.jar
2026-09-24 10:25:40,733 [Worker-74: Launching maven-github-demo-nandithan] INFO  o.eclipse.m2e.core.internal.Bundles - 	Entry: C:\Program Files\eclipse\plugins\org.eclipse.m2e.maven.runtime_3.9.1100.20250811-2018\jars\org.eclipse.sisu.inject-0.9.0.M4.jar
2026-09-24 10:25:40,733 [Worker-74: Launching maven-github-demo-nandithan] INFO  o.eclipse.m2e.core.internal.Bundles - 	Entry: C:\Program Files\eclipse\plugins\org.eclipse.m2e.maven.runtime_3.9.1100.20250811-2018\jars\org.eclipse.sisu.plexus-0.9.0.M4.jar
2026-09-24 10:25:40,733 [Worker-74: Launching maven-github-demo-nandithan] INFO  o.eclipse.m2e.core.internal.Bundles - 	Entry: C:\Program Files\eclipse\plugins\org.eclipse.m2e.maven.runtime_3.9.1100.20250811-2018\jars\plexus-build-api-0.0.7.jar
2026-09-24 10:25:40,733 [Worker-74: Launching maven-github-demo-nandithan] INFO  o.eclipse.m2e.core.internal.Bundles - 	Entry: C:\Program Files\eclipse\plugins\org.eclipse.m2e.maven.runtime_3.9.1100.20250811-2018\jars\plexus-build-api-1.2.0.jar
2026-09-24 10:25:40,733 [Worker-74: Launching maven-github-demo-nandithan] INFO  o.eclipse.m2e.core.internal.Bundles - 	Entry: C:\Program Files\eclipse\plugins\org.eclipse.m2e.maven.runtime_3.9.1100.20250811-2018\jars\plexus-cipher-2.0.jar
2026-09-24 10:25:40,733 [Worker-74: Launching maven-github-demo-nandithan] INFO  o.eclipse.m2e.core.internal.Bundles - 	Entry: C:\Program Files\eclipse\plugins\org.eclipse.m2e.maven.runtime_3.9.1100.20250811-2018\jars\plexus-classworlds-2.9.0.jar
2026-09-24 10:25:40,733 [Worker-74: Launching maven-github-demo-nandithan] INFO  o.eclipse.m2e.core.internal.Bundles - 	Entry: C:\Program Files\eclipse\plugins\org.eclipse.m2e.maven.runtime_3.9.1100.20250811-2018\jars\plexus-component-annotations-2.2.0.jar
2026-09-24 10:25:40,733 [Worker-74: Launching maven-github-demo-nandithan] INFO  o.eclipse.m2e.core.internal.Bundles - 	Entry: C:\Program Files\eclipse\plugins\org.eclipse.m2e.maven.runtime_3.9.1100.20250811-2018\jars\plexus-interpolation-1.28.jar
2026-09-24 10:25:40,733 [Worker-74: Launching maven-github-demo-nandithan] INFO  o.eclipse.m2e.core.internal.Bundles - 	Entry: C:\Program Files\eclipse\plugins\org.eclipse.m2e.maven.runtime_3.9.1100.20250811-2018\jars\plexus-sec-dispatcher-2.0.jar
2026-09-24 10:25:40,734 [Worker-74: Launching maven-github-demo-nandithan] INFO  o.eclipse.m2e.core.internal.Bundles - 	Entry: C:\Program Files\eclipse\plugins\org.eclipse.m2e.maven.runtime_3.9.1100.20250811-2018\jars\plexus-utils-3.6.0.jar
2026-09-24 10:25:40,734 [Worker-74: Launching maven-github-demo-nandithan] INFO  o.eclipse.m2e.core.internal.Bundles - 	Entry: C:\Program Files\eclipse\plugins\org.eclipse.m2e.maven.runtime_3.9.1100.20250811-2018\jars\wagon-file-3.5.3.jar
2026-09-24 10:25:40,734 [Worker-74: Launching maven-github-demo-nandithan] INFO  o.eclipse.m2e.core.internal.Bundles - 	Entry: C:\Program Files\eclipse\plugins\org.eclipse.m2e.maven.runtime_3.9.1100.20250811-2018\jars\wagon-http-3.5.3.jar
2026-09-24 10:25:40,734 [Worker-74: Launching maven-github-demo-nandithan] INFO  o.eclipse.m2e.core.internal.Bundles - 	Entry: C:\Program Files\eclipse\plugins\org.eclipse.m2e.maven.runtime_3.9.1100.20250811-2018\jars\wagon-http-shared-3.5.3.jar
2026-09-24 10:25:40,734 [Worker-74: Launching maven-github-demo-nandithan] INFO  o.eclipse.m2e.core.internal.Bundles - 	Entry: C:\Program Files\eclipse\plugins\org.eclipse.m2e.maven.runtime_3.9.1100.20250811-2018\jars\wagon-provider-api-3.5.3.jar
2026-09-24 10:25:40,734 [Worker-74: Launching maven-github-demo-nandithan] INFO  o.eclipse.m2e.core.internal.Bundles - getClasspathEntries(Bundle=com.google.guava_33.4.8.jre [18])
2026-09-24 10:25:40,734 [Worker-74: Launching maven-github-demo-nandithan] INFO  o.eclipse.m2e.core.internal.Bundles - 	Entry: C:\Program Files\eclipse\plugins\com.google.guava_33.4.8.jre.jar
2026-09-24 10:25:40,734 [Worker-74: Launching maven-github-demo-nandithan] INFO  o.eclipse.m2e.core.internal.Bundles - getClasspathEntries(Bundle=slf4j.api_2.0.17 [1007])
2026-09-24 10:25:40,734 [Worker-74: Launching maven-github-demo-nandithan] INFO  o.eclipse.m2e.core.internal.Bundles - 	Entry: C:\Program Files\eclipse\plugins\slf4j.api_2.0.17.jar
2026-09-24 10:25:40,734 [Worker-74: Launching maven-github-demo-nandithan] INFO  o.eclipse.m2e.core.internal.Bundles - getClasspathEntries(Bundle=jakarta.inject.jakarta.inject-api_1.0.5 [35])
2026-09-24 10:25:40,734 [Worker-74: Launching maven-github-demo-nandithan] INFO  o.eclipse.m2e.core.internal.Bundles - 	Entry: C:\Program Files\eclipse\plugins\jakarta.inject.jakarta.inject-api_1.0.5.jar
2026-09-24 10:25:40,734 [Worker-74: Launching maven-github-demo-nandithan] INFO  o.eclipse.m2e.core.internal.Bundles - getClasspathEntries(Bundle=jakarta.annotation-api_1.3.5 [31])
2026-09-24 10:25:40,734 [Worker-74: Launching maven-github-demo-nandithan] INFO  o.eclipse.m2e.core.internal.Bundles - 	Entry: C:\Program Files\eclipse\plugins\jakarta.annotation-api_1.3.5.jar
2026-09-24 10:25:40,734 [Worker-74: Launching maven-github-demo-nandithan] INFO  o.eclipse.m2e.core.internal.Bundles - getClasspathEntries(Bundle=org.apache.commons.cli_1.10.0 [75])
2026-09-24 10:25:40,734 [Worker-74: Launching maven-github-demo-nandithan] INFO  o.eclipse.m2e.core.internal.Bundles - 	Entry: C:\Program Files\eclipse\plugins\org.apache.commons.cli_1.10.0.jar
2026-09-24 10:25:40,734 [Worker-74: Launching maven-github-demo-nandithan] INFO  o.eclipse.m2e.core.internal.Bundles - getClasspathEntries(Bundle=org.apache.commons.commons-codec_1.19.0 [77])
2026-09-24 10:25:40,735 [Worker-74: Launching maven-github-demo-nandithan] INFO  o.eclipse.m2e.core.internal.Bundles - 	Entry: C:\Program Files\eclipse\plugins\org.apache.commons.commons-codec_1.19.0.jar
2026-09-24 10:25:40,735 [Worker-74: Launching maven-github-demo-nandithan] INFO  o.eclipse.m2e.core.internal.Bundles - getClasspathEntries(Bundle=com.google.guava.failureaccess_1.0.3 [19])
2026-09-24 10:25:40,735 [Worker-74: Launching maven-github-demo-nandithan] INFO  o.eclipse.m2e.core.internal.Bundles - 	Entry: C:\Program Files\eclipse\plugins\com.google.guava.failureaccess_1.0.3.jar
2026-09-24 10:25:40,737 [Worker-74: Launching maven-github-demo-nandithan] INFO  o.e.m.i.launch.MavenLaunchDelegate - Run build in "C:\Users\Student-A\eclipse-workspace\maven-new\maven-github-demo-nandithan":
2026-09-24 10:25:40,737 [Worker-74: Launching maven-github-demo-nandithan] INFO  o.e.m.i.launch.MavenLaunchDelegate -  mvn  -B -Dstyle.color=always clean
2026-09-24 10:26:59,683 [main] INFO  o.e.m2e.actions.ExecutePomAction - Creating new launch configuration
2026-09-24 10:27:06,766 [Worker-78: Launching maven-github-demo-nandithan (1)] INFO  o.eclipse.m2e.core.internal.Bundles - getClasspathEntries(Bundle=org.eclipse.m2e.maven.runtime_3.9.1100.20250811-2018 [642])
2026-09-24 10:27:06,767 [Worker-78: Launching maven-github-demo-nandithan (1)] INFO  o.eclipse.m2e.core.internal.Bundles - 	Entry: C:\Program Files\eclipse\plugins\org.eclipse.m2e.maven.runtime_3.9.1100.20250811-2018
2026-09-24 10:27:06,767 [Worker-78: Launching maven-github-demo-nandithan (1)] INFO  o.eclipse.m2e.core.internal.Bundles - 	Entry: C:\Program Files\eclipse\plugins\org.eclipse.m2e.maven.runtime_3.9.1100.20250811-2018\jars\aopalliance-1.0.jar
2026-09-24 10:27:06,767 [Worker-78: Launching maven-github-demo-nandithan (1)] INFO  o.eclipse.m2e.core.internal.Bundles - 	Entry: C:\Program Files\eclipse\plugins\org.eclipse.m2e.maven.runtime_3.9.1100.20250811-2018\jars\asm-9.8.jar
2026-09-24 10:27:06,767 [Worker-78: Launching maven-github-demo-nandithan (1)] INFO  o.eclipse.m2e.core.internal.Bundles - 	Entry: C:\Program Files\eclipse\plugins\org.eclipse.m2e.maven.runtime_3.9.1100.20250811-2018\jars\error_prone_annotations-2.38.0.jar
2026-09-24 10:27:06,767 [Worker-78: Launching maven-github-demo-nandithan (1)] INFO  o.eclipse.m2e.core.internal.Bundles - 	Entry: C:\Program Files\eclipse\plugins\org.eclipse.m2e.maven.runtime_3.9.1100.20250811-2018\jars\gson-2.13.1.jar
2026-09-24 10:27:06,767 [Worker-78: Launching maven-github-demo-nandithan (1)] INFO  o.eclipse.m2e.core.internal.Bundles - 	Entry: C:\Program Files\eclipse\plugins\org.eclipse.m2e.maven.runtime_3.9.1100.20250811-2018\jars\guice-5.1.0-classes.jar
2026-09-24 10:27:06,767 [Worker-78: Launching maven-github-demo-nandithan (1)] INFO  o.eclipse.m2e.core.internal.Bundles - 	Entry: C:\Program Files\eclipse\plugins\org.eclipse.m2e.maven.runtime_3.9.1100.20250811-2018\jars\httpclient-4.5.14.jar
2026-09-24 10:27:06,767 [Worker-78: Launching maven-github-demo-nandithan (1)] INFO  o.eclipse.m2e.core.internal.Bundles - 	Entry: C:\Program Files\eclipse\plugins\org.eclipse.m2e.maven.runtime_3.9.1100.20250811-2018\jars\httpcore-4.4.16.jar
2026-09-24 10:27:06,767 [Worker-78: Launching maven-github-demo-nandithan (1)] INFO  o.eclipse.m2e.core.internal.Bundles - 	Entry: C:\Program Files\eclipse\plugins\org.eclipse.m2e.maven.runtime_3.9.1100.20250811-2018\jars\jansi-2.4.2.jar
2026-09-24 10:27:06,767 [Worker-78: Launching maven-github-demo-nandithan (1)] INFO  o.eclipse.m2e.core.internal.Bundles - 	Entry: C:\Program Files\eclipse\plugins\org.eclipse.m2e.maven.runtime_3.9.1100.20250811-2018\jars\jcl-over-slf4j-1.7.36.jar
2026-09-24 10:27:06,767 [Worker-78: Launching maven-github-demo-nandithan (1)] INFO  o.eclipse.m2e.core.internal.Bundles - 	Entry: C:\Program Files\eclipse\plugins\org.eclipse.m2e.maven.runtime_3.9.1100.20250811-2018\jars\maven-artifact-3.9.11.jar
2026-09-24 10:27:06,767 [Worker-78: Launching maven-github-demo-nandithan (1)] INFO  o.eclipse.m2e.core.internal.Bundles - 	Entry: C:\Program Files\eclipse\plugins\org.eclipse.m2e.maven.runtime_3.9.1100.20250811-2018\jars\maven-builder-support-3.9.11.jar
2026-09-24 10:27:06,767 [Worker-78: Launching maven-github-demo-nandithan (1)] INFO  o.eclipse.m2e.core.internal.Bundles - 	Entry: C:\Program Files\eclipse\plugins\org.eclipse.m2e.maven.runtime_3.9.1100.20250811-2018\jars\maven-compat-3.9.11.jar
2026-09-24 10:27:06,767 [Worker-78: Launching maven-github-demo-nandithan (1)] INFO  o.eclipse.m2e.core.internal.Bundles - 	Entry: C:\Program Files\eclipse\plugins\org.eclipse.m2e.maven.runtime_3.9.1100.20250811-2018\jars\maven-core-3.9.11.jar
2026-09-24 10:27:06,767 [Worker-78: Launching maven-github-demo-nandithan (1)] INFO  o.eclipse.m2e.core.internal.Bundles - 	Entry: C:\Program Files\eclipse\plugins\org.eclipse.m2e.maven.runtime_3.9.1100.20250811-2018\jars\maven-embedder-3.9.11.jar
2026-09-24 10:27:06,767 [Worker-78: Launching maven-github-demo-nandithan (1)] INFO  o.eclipse.m2e.core.internal.Bundles - 	Entry: C:\Program Files\eclipse\plugins\org.eclipse.m2e.maven.runtime_3.9.1100.20250811-2018\jars\maven-model-3.9.11.jar
2026-09-24 10:27:06,767 [Worker-78: Launching maven-github-demo-nandithan (1)] INFO  o.eclipse.m2e.core.internal.Bundles - 	Entry: C:\Program Files\eclipse\plugins\org.eclipse.m2e.maven.runtime_3.9.1100.20250811-2018\jars\maven-model-builder-3.9.11.jar
2026-09-24 10:27:06,768 [Worker-78: Launching maven-github-demo-nandithan (1)] INFO  o.eclipse.m2e.core.internal.Bundles - 	Entry: C:\Program Files\eclipse\plugins\org.eclipse.m2e.maven.runtime_3.9.1100.20250811-2018\jars\maven-plugin-api-3.9.11.jar
2026-09-24 10:27:06,768 [Worker-78: Launching maven-github-demo-nandithan (1)] INFO  o.eclipse.m2e.core.internal.Bundles - 	Entry: C:\Program Files\eclipse\plugins\org.eclipse.m2e.maven.runtime_3.9.1100.20250811-2018\jars\maven-repository-metadata-3.9.11.jar
2026-09-24 10:27:06,768 [Worker-78: Launching maven-github-demo-nandithan (1)] INFO  o.eclipse.m2e.core.internal.Bundles - 	Entry: C:\Program Files\eclipse\plugins\org.eclipse.m2e.maven.runtime_3.9.1100.20250811-2018\jars\maven-resolver-api-1.9.24.jar
2026-09-24 10:27:06,768 [Worker-78: Launching maven-github-demo-nandithan (1)] INFO  o.eclipse.m2e.core.internal.Bundles - 	Entry: C:\Program Files\eclipse\plugins\org.eclipse.m2e.maven.runtime_3.9.1100.20250811-2018\jars\maven-resolver-connector-basic-1.9.24.jar
2026-09-24 10:27:06,768 [Worker-78: Launching maven-github-demo-nandithan (1)] INFO  o.eclipse.m2e.core.internal.Bundles - 	Entry: C:\Program Files\eclipse\plugins\org.eclipse.m2e.maven.runtime_3.9.1100.20250811-2018\jars\maven-resolver-impl-1.9.24.jar
2026-09-24 10:27:06,768 [Worker-78: Launching maven-github-demo-nandithan (1)] INFO  o.eclipse.m2e.core.internal.Bundles - 	Entry: C:\Program Files\eclipse\plugins\org.eclipse.m2e.maven.runtime_3.9.1100.20250811-2018\jars\maven-resolver-named-locks-1.9.24.jar
2026-09-24 10:27:06,768 [Worker-78: Launching maven-github-demo-nandithan (1)] INFO  o.eclipse.m2e.core.internal.Bundles - 	Entry: C:\Program Files\eclipse\plugins\org.eclipse.m2e.maven.runtime_3.9.1100.20250811-2018\jars\maven-resolver-provider-3.9.11.jar
2026-09-24 10:27:06,768 [Worker-78: Launching maven-github-demo-nandithan (1)] INFO  o.eclipse.m2e.core.internal.Bundles - 	Entry: C:\Program Files\eclipse\plugins\org.eclipse.m2e.maven.runtime_3.9.1100.20250811-2018\jars\maven-resolver-spi-1.9.24.jar
2026-09-24 10:27:06,768 [Worker-78: Launching maven-github-demo-nandithan (1)] INFO  o.eclipse.m2e.core.internal.Bundles - 	Entry: C:\Program Files\eclipse\plugins\org.eclipse.m2e.maven.runtime_3.9.1100.20250811-2018\jars\maven-resolver-transport-file-1.9.24.jar
2026-09-24 10:27:06,768 [Worker-78: Launching maven-github-demo-nandithan (1)] INFO  o.eclipse.m2e.core.internal.Bundles - 	Entry: C:\Program Files\eclipse\plugins\org.eclipse.m2e.maven.runtime_3.9.1100.20250811-2018\jars\maven-resolver-transport-http-1.9.24.jar
2026-09-24 10:27:06,768 [Worker-78: Launching maven-github-demo-nandithan (1)] INFO  o.eclipse.m2e.core.internal.Bundles - 	Entry: C:\Program Files\eclipse\plugins\org.eclipse.m2e.maven.runtime_3.9.1100.20250811-2018\jars\maven-resolver-transport-wagon-1.9.24.jar
2026-09-24 10:27:06,768 [Worker-78: Launching maven-github-demo-nandithan (1)] INFO  o.eclipse.m2e.core.internal.Bundles - 	Entry: C:\Program Files\eclipse\plugins\org.eclipse.m2e.maven.runtime_3.9.1100.20250811-2018\jars\maven-resolver-util-1.9.24.jar
2026-09-24 10:27:06,768 [Worker-78: Launching maven-github-demo-nandithan (1)] INFO  o.eclipse.m2e.core.internal.Bundles - 	Entry: C:\Program Files\eclipse\plugins\org.eclipse.m2e.maven.runtime_3.9.1100.20250811-2018\jars\maven-settings-3.9.11.jar
2026-09-24 10:27:06,768 [Worker-78: Launching maven-github-demo-nandithan (1)] INFO  o.eclipse.m2e.core.internal.Bundles - 	Entry: C:\Program Files\eclipse\plugins\org.eclipse.m2e.maven.runtime_3.9.1100.20250811-2018\jars\maven-settings-builder-3.9.11.jar
2026-09-24 10:27:06,768 [Worker-78: Launching maven-github-demo-nandithan (1)] INFO  o.eclipse.m2e.core.internal.Bundles - 	Entry: C:\Program Files\eclipse\plugins\org.eclipse.m2e.maven.runtime_3.9.1100.20250811-2018\jars\maven-shared-utils-3.4.2.jar
2026-09-24 10:27:06,768 [Worker-78: Launching maven-github-demo-nandithan (1)] INFO  o.eclipse.m2e.core.internal.Bundles - 	Entry: C:\Program Files\eclipse\plugins\org.eclipse.m2e.maven.runtime_3.9.1100.20250811-2018\jars\org.eclipse.sisu.inject-0.9.0.M4.jar
2026-09-24 10:27:06,768 [Worker-78: Launching maven-github-demo-nandithan (1)] INFO  o.eclipse.m2e.core.internal.Bundles - 	Entry: C:\Program Files\eclipse\plugins\org.eclipse.m2e.maven.runtime_3.9.1100.20250811-2018\jars\org.eclipse.sisu.plexus-0.9.0.M4.jar
2026-09-24 10:27:06,768 [Worker-78: Launching maven-github-demo-nandithan (1)] INFO  o.eclipse.m2e.core.internal.Bundles - 	Entry: C:\Program Files\eclipse\plugins\org.eclipse.m2e.maven.runtime_3.9.1100.20250811-2018\jars\plexus-build-api-0.0.7.jar
2026-09-24 10:27:06,768 [Worker-78: Launching maven-github-demo-nandithan (1)] INFO  o.eclipse.m2e.core.internal.Bundles - 	Entry: C:\Program Files\eclipse\plugins\org.eclipse.m2e.maven.runtime_3.9.1100.20250811-2018\jars\plexus-build-api-1.2.0.jar
2026-09-24 10:27:06,768 [Worker-78: Launching maven-github-demo-nandithan (1)] INFO  o.eclipse.m2e.core.internal.Bundles - 	Entry: C:\Program Files\eclipse\plugins\org.eclipse.m2e.maven.runtime_3.9.1100.20250811-2018\jars\plexus-cipher-2.0.jar
2026-09-24 10:27:06,769 [Worker-78: Launching maven-github-demo-nandithan (1)] INFO  o.eclipse.m2e.core.internal.Bundles - 	Entry: C:\Program Files\eclipse\plugins\org.eclipse.m2e.maven.runtime_3.9.1100.20250811-2018\jars\plexus-classworlds-2.9.0.jar
2026-09-24 10:27:06,769 [Worker-78: Launching maven-github-demo-nandithan (1)] INFO  o.eclipse.m2e.core.internal.Bundles - 	Entry: C:\Program Files\eclipse\plugins\org.eclipse.m2e.maven.runtime_3.9.1100.20250811-2018\jars\plexus-component-annotations-2.2.0.jar
2026-09-24 10:27:06,769 [Worker-78: Launching maven-github-demo-nandithan (1)] INFO  o.eclipse.m2e.core.internal.Bundles - 	Entry: C:\Program Files\eclipse\plugins\org.eclipse.m2e.maven.runtime_3.9.1100.20250811-2018\jars\plexus-interpolation-1.28.jar
2026-09-24 10:27:06,769 [Worker-78: Launching maven-github-demo-nandithan (1)] INFO  o.eclipse.m2e.core.internal.Bundles - 	Entry: C:\Program Files\eclipse\plugins\org.eclipse.m2e.maven.runtime_3.9.1100.20250811-2018\jars\plexus-sec-dispatcher-2.0.jar
2026-09-24 10:27:06,769 [Worker-78: Launching maven-github-demo-nandithan (1)] INFO  o.eclipse.m2e.core.internal.Bundles - 	Entry: C:\Program Files\eclipse\plugins\org.eclipse.m2e.maven.runtime_3.9.1100.20250811-2018\jars\plexus-utils-3.6.0.jar
2026-09-24 10:27:06,769 [Worker-78: Launching maven-github-demo-nandithan (1)] INFO  o.eclipse.m2e.core.internal.Bundles - 	Entry: C:\Program Files\eclipse\plugins\org.eclipse.m2e.maven.runtime_3.9.1100.20250811-2018\jars\wagon-file-3.5.3.jar
2026-09-24 10:27:06,769 [Worker-78: Launching maven-github-demo-nandithan (1)] INFO  o.eclipse.m2e.core.internal.Bundles - 	Entry: C:\Program Files\eclipse\plugins\org.eclipse.m2e.maven.runtime_3.9.1100.20250811-2018\jars\wagon-http-3.5.3.jar
2026-09-24 10:27:06,769 [Worker-78: Launching maven-github-demo-nandithan (1)] INFO  o.eclipse.m2e.core.internal.Bundles - 	Entry: C:\Program Files\eclipse\plugins\org.eclipse.m2e.maven.runtime_3.9.1100.20250811-2018\jars\wagon-http-shared-3.5.3.jar
2026-09-24 10:27:06,769 [Worker-78: Launching maven-github-demo-nandithan (1)] INFO  o.eclipse.m2e.core.internal.Bundles - 	Entry: C:\Program Files\eclipse\plugins\org.eclipse.m2e.maven.runtime_3.9.1100.20250811-2018\jars\wagon-provider-api-3.5.3.jar
2026-09-24 10:27:06,769 [Worker-78: Launching maven-github-demo-nandithan (1)] INFO  o.eclipse.m2e.core.internal.Bundles - getClasspathEntries(Bundle=com.google.guava_33.4.8.jre [18])
2026-09-24 10:27:06,769 [Worker-78: Launching maven-github-demo-nandithan (1)] INFO  o.eclipse.m2e.core.internal.Bundles - 	Entry: C:\Program Files\eclipse\plugins\com.google.guava_33.4.8.jre.jar
2026-09-24 10:27:06,769 [Worker-78: Launching maven-github-demo-nandithan (1)] INFO  o.eclipse.m2e.core.internal.Bundles - getClasspathEntries(Bundle=slf4j.api_2.0.17 [1007])
2026-09-24 10:27:06,769 [Worker-78: Launching maven-github-demo-nandithan (1)] INFO  o.eclipse.m2e.core.internal.Bundles - 	Entry: C:\Program Files\eclipse\plugins\slf4j.api_2.0.17.jar
2026-09-24 10:27:06,769 [Worker-78: Launching maven-github-demo-nandithan (1)] INFO  o.eclipse.m2e.core.internal.Bundles - getClasspathEntries(Bundle=jakarta.inject.jakarta.inject-api_1.0.5 [35])
2026-09-24 10:27:06,769 [Worker-78: Launching maven-github-demo-nandithan (1)] INFO  o.eclipse.m2e.core.internal.Bundles - 	Entry: C:\Program Files\eclipse\plugins\jakarta.inject.jakarta.inject-api_1.0.5.jar
2026-09-24 10:27:06,769 [Worker-78: Launching maven-github-demo-nandithan (1)] INFO  o.eclipse.m2e.core.internal.Bundles - getClasspathEntries(Bundle=jakarta.annotation-api_1.3.5 [31])
2026-09-24 10:27:06,770 [Worker-78: Launching maven-github-demo-nandithan (1)] INFO  o.eclipse.m2e.core.internal.Bundles - 	Entry: C:\Program Files\eclipse\plugins\jakarta.annotation-api_1.3.5.jar
2026-09-24 10:27:06,770 [Worker-78: Launching maven-github-demo-nandithan (1)] INFO  o.eclipse.m2e.core.internal.Bundles - getClasspathEntries(Bundle=org.apache.commons.cli_1.10.0 [75])
2026-09-24 10:27:06,770 [Worker-78: Launching maven-github-demo-nandithan (1)] INFO  o.eclipse.m2e.core.internal.Bundles - 	Entry: C:\Program Files\eclipse\plugins\org.apache.commons.cli_1.10.0.jar
2026-09-24 10:27:06,770 [Worker-78: Launching maven-github-demo-nandithan (1)] INFO  o.eclipse.m2e.core.internal.Bundles - getClasspathEntries(Bundle=org.apache.commons.commons-codec_1.19.0 [77])
2026-09-24 10:27:06,770 [Worker-78: Launching maven-github-demo-nandithan (1)] INFO  o.eclipse.m2e.core.internal.Bundles - 	Entry: C:\Program Files\eclipse\plugins\org.apache.commons.commons-codec_1.19.0.jar
2026-09-24 10:27:06,770 [Worker-78: Launching maven-github-demo-nandithan (1)] INFO  o.eclipse.m2e.core.internal.Bundles - getClasspathEntries(Bundle=com.google.guava.failureaccess_1.0.3 [19])
2026-09-24 10:27:06,770 [Worker-78: Launching maven-github-demo-nandithan (1)] INFO  o.eclipse.m2e.core.internal.Bundles - 	Entry: C:\Program Files\eclipse\plugins\com.google.guava.failureaccess_1.0.3.jar
2026-09-24 10:27:06,771 [Worker-78: Launching maven-github-demo-nandithan (1)] INFO  o.e.m.i.launch.MavenLaunchDelegate - Run build in "C:\Users\Student-A\eclipse-workspace\maven-new\maven-github-demo-nandithan":
2026-09-24 10:27:06,771 [Worker-78: Launching maven-github-demo-nandithan (1)] INFO  o.e.m.i.launch.MavenLaunchDelegate -  mvn  -B -Dstyle.color=always test
2026-09-24 10:27:35,369 [main] INFO  o.e.m2e.actions.ExecutePomAction - Creating new launch configuration
2026-09-24 10:27:56,598 [Worker-79: Launching maven-github-demo-nandithan (2)] INFO  o.eclipse.m2e.core.internal.Bundles - getClasspathEntries(Bundle=org.eclipse.m2e.maven.runtime_3.9.1100.20250811-2018 [642])
2026-09-24 10:27:56,598 [Worker-79: Launching maven-github-demo-nandithan (2)] INFO  o.eclipse.m2e.core.internal.Bundles - 	Entry: C:\Program Files\eclipse\plugins\org.eclipse.m2e.maven.runtime_3.9.1100.20250811-2018
2026-09-24 10:27:56,598 [Worker-79: Launching maven-github-demo-nandithan (2)] INFO  o.eclipse.m2e.core.internal.Bundles - 	Entry: C:\Program Files\eclipse\plugins\org.eclipse.m2e.maven.runtime_3.9.1100.20250811-2018\jars\aopalliance-1.0.jar
2026-09-24 10:27:56,598 [Worker-79: Launching maven-github-demo-nandithan (2)] INFO  o.eclipse.m2e.core.internal.Bundles - 	Entry: C:\Program Files\eclipse\plugins\org.eclipse.m2e.maven.runtime_3.9.1100.20250811-2018\jars\asm-9.8.jar
2026-09-24 10:27:56,598 [Worker-79: Launching maven-github-demo-nandithan (2)] INFO  o.eclipse.m2e.core.internal.Bundles - 	Entry: C:\Program Files\eclipse\plugins\org.eclipse.m2e.maven.runtime_3.9.1100.20250811-2018\jars\error_prone_annotations-2.38.0.jar
2026-09-24 10:27:56,598 [Worker-79: Launching maven-github-demo-nandithan (2)] INFO  o.eclipse.m2e.core.internal.Bundles - 	Entry: C:\Program Files\eclipse\plugins\org.eclipse.m2e.maven.runtime_3.9.1100.20250811-2018\jars\gson-2.13.1.jar
2026-09-24 10:27:56,598 [Worker-79: Launching maven-github-demo-nandithan (2)] INFO  o.eclipse.m2e.core.internal.Bundles - 	Entry: C:\Program Files\eclipse\plugins\org.eclipse.m2e.maven.runtime_3.9.1100.20250811-2018\jars\guice-5.1.0-classes.jar
2026-09-24 10:27:56,598 [Worker-79: Launching maven-github-demo-nandithan (2)] INFO  o.eclipse.m2e.core.internal.Bundles - 	Entry: C:\Program Files\eclipse\plugins\org.eclipse.m2e.maven.runtime_3.9.1100.20250811-2018\jars\httpclient-4.5.14.jar
2026-09-24 10:27:56,598 [Worker-79: Launching maven-github-demo-nandithan (2)] INFO  o.eclipse.m2e.core.internal.Bundles - 	Entry: C:\Program Files\eclipse\plugins\org.eclipse.m2e.maven.runtime_3.9.1100.20250811-2018\jars\httpcore-4.4.16.jar
2026-09-24 10:27:56,599 [Worker-79: Launching maven-github-demo-nandithan (2)] INFO  o.eclipse.m2e.core.internal.Bundles - 	Entry: C:\Program Files\eclipse\plugins\org.eclipse.m2e.maven.runtime_3.9.1100.20250811-2018\jars\jansi-2.4.2.jar
2026-09-24 10:27:56,599 [Worker-79: Launching maven-github-demo-nandithan (2)] INFO  o.eclipse.m2e.core.internal.Bundles - 	Entry: C:\Program Files\eclipse\plugins\org.eclipse.m2e.maven.runtime_3.9.1100.20250811-2018\jars\jcl-over-slf4j-1.7.36.jar
2026-09-24 10:27:56,599 [Worker-79: Launching maven-github-demo-nandithan (2)] INFO  o.eclipse.m2e.core.internal.Bundles - 	Entry: C:\Program Files\eclipse\plugins\org.eclipse.m2e.maven.runtime_3.9.1100.20250811-2018\jars\maven-artifact-3.9.11.jar
2026-09-24 10:27:56,599 [Worker-79: Launching maven-github-demo-nandithan (2)] INFO  o.eclipse.m2e.core.internal.Bundles - 	Entry: C:\Program Files\eclipse\plugins\org.eclipse.m2e.maven.runtime_3.9.1100.20250811-2018\jars\maven-builder-support-3.9.11.jar
2026-09-24 10:27:56,599 [Worker-79: Launching maven-github-demo-nandithan (2)] INFO  o.eclipse.m2e.core.internal.Bundles - 	Entry: C:\Program Files\eclipse\plugins\org.eclipse.m2e.maven.runtime_3.9.1100.20250811-2018\jars\maven-compat-3.9.11.jar
2026-09-24 10:27:56,599 [Worker-79: Launching maven-github-demo-nandithan (2)] INFO  o.eclipse.m2e.core.internal.Bundles - 	Entry: C:\Program Files\eclipse\plugins\org.eclipse.m2e.maven.runtime_3.9.1100.20250811-2018\jars\maven-core-3.9.11.jar
2026-09-24 10:27:56,599 [Worker-79: Launching maven-github-demo-nandithan (2)] INFO  o.eclipse.m2e.core.internal.Bundles - 	Entry: C:\Program Files\eclipse\plugins\org.eclipse.m2e.maven.runtime_3.9.1100.20250811-2018\jars\maven-embedder-3.9.11.jar
2026-09-24 10:27:56,599 [Worker-79: Launching maven-github-demo-nandithan (2)] INFO  o.eclipse.m2e.core.internal.Bundles - 	Entry: C:\Program Files\eclipse\plugins\org.eclipse.m2e.maven.runtime_3.9.1100.20250811-2018\jars\maven-model-3.9.11.jar
2026-09-24 10:27:56,599 [Worker-79: Launching maven-github-demo-nandithan (2)] INFO  o.eclipse.m2e.core.internal.Bundles - 	Entry: C:\Program Files\eclipse\plugins\org.eclipse.m2e.maven.runtime_3.9.1100.20250811-2018\jars\maven-model-builder-3.9.11.jar
2026-09-24 10:27:56,599 [Worker-79: Launching maven-github-demo-nandithan (2)] INFO  o.eclipse.m2e.core.internal.Bundles - 	Entry: C:\Program Files\eclipse\plugins\org.eclipse.m2e.maven.runtime_3.9.1100.20250811-2018\jars\maven-plugin-api-3.9.11.jar
2026-09-24 10:27:56,599 [Worker-79: Launching maven-github-demo-nandithan (2)] INFO  o.eclipse.m2e.core.internal.Bundles - 	Entry: C:\Program Files\eclipse\plugins\org.eclipse.m2e.maven.runtime_3.9.1100.20250811-2018\jars\maven-repository-metadata-3.9.11.jar
2026-09-24 10:27:56,599 [Worker-79: Launching maven-github-demo-nandithan (2)] INFO  o.eclipse.m2e.core.internal.Bundles - 	Entry: C:\Program Files\eclipse\plugins\org.eclipse.m2e.maven.runtime_3.9.1100.20250811-2018\jars\maven-resolver-api-1.9.24.jar
2026-09-24 10:27:56,599 [Worker-79: Launching maven-github-demo-nandithan (2)] INFO  o.eclipse.m2e.core.internal.Bundles - 	Entry: C:\Program Files\eclipse\plugins\org.eclipse.m2e.maven.runtime_3.9.1100.20250811-2018\jars\maven-resolver-connector-basic-1.9.24.jar
2026-09-24 10:27:56,599 [Worker-79: Launching maven-github-demo-nandithan (2)] INFO  o.eclipse.m2e.core.internal.Bundles - 	Entry: C:\Program Files\eclipse\plugins\org.eclipse.m2e.maven.runtime_3.9.1100.20250811-2018\jars\maven-resolver-impl-1.9.24.jar
2026-09-24 10:27:56,599 [Worker-79: Launching maven-github-demo-nandithan (2)] INFO  o.eclipse.m2e.core.internal.Bundles - 	Entry: C:\Program Files\eclipse\plugins\org.eclipse.m2e.maven.runtime_3.9.1100.20250811-2018\jars\maven-resolver-named-locks-1.9.24.jar
2026-09-24 10:27:56,600 [Worker-79: Launching maven-github-demo-nandithan (2)] INFO  o.eclipse.m2e.core.internal.Bundles - 	Entry: C:\Program Files\eclipse\plugins\org.eclipse.m2e.maven.runtime_3.9.1100.20250811-2018\jars\maven-resolver-provider-3.9.11.jar
2026-09-24 10:27:56,600 [Worker-79: Launching maven-github-demo-nandithan (2)] INFO  o.eclipse.m2e.core.internal.Bundles - 	Entry: C:\Program Files\eclipse\plugins\org.eclipse.m2e.maven.runtime_3.9.1100.20250811-2018\jars\maven-resolver-spi-1.9.24.jar
2026-09-24 10:27:56,600 [Worker-79: Launching maven-github-demo-nandithan (2)] INFO  o.eclipse.m2e.core.internal.Bundles - 	Entry: C:\Program Files\eclipse\plugins\org.eclipse.m2e.maven.runtime_3.9.1100.20250811-2018\jars\maven-resolver-transport-file-1.9.24.jar
2026-09-24 10:27:56,600 [Worker-79: Launching maven-github-demo-nandithan (2)] INFO  o.eclipse.m2e.core.internal.Bundles - 	Entry: C:\Program Files\eclipse\plugins\org.eclipse.m2e.maven.runtime_3.9.1100.20250811-2018\jars\maven-resolver-transport-http-1.9.24.jar
2026-09-24 10:27:56,600 [Worker-79: Launching maven-github-demo-nandithan (2)] INFO  o.eclipse.m2e.core.internal.Bundles - 	Entry: C:\Program Files\eclipse\plugins\org.eclipse.m2e.maven.runtime_3.9.1100.20250811-2018\jars\maven-resolver-transport-wagon-1.9.24.jar
2026-09-24 10:27:56,600 [Worker-79: Launching maven-github-demo-nandithan (2)] INFO  o.eclipse.m2e.core.internal.Bundles - 	Entry: C:\Program Files\eclipse\plugins\org.eclipse.m2e.maven.runtime_3.9.1100.20250811-2018\jars\maven-resolver-util-1.9.24.jar
2026-09-24 10:27:56,600 [Worker-79: Launching maven-github-demo-nandithan (2)] INFO  o.eclipse.m2e.core.internal.Bundles - 	Entry: C:\Program Files\eclipse\plugins\org.eclipse.m2e.maven.runtime_3.9.1100.20250811-2018\jars\maven-settings-3.9.11.jar
2026-09-24 10:27:56,600 [Worker-79: Launching maven-github-demo-nandithan (2)] INFO  o.eclipse.m2e.core.internal.Bundles - 	Entry: C:\Program Files\eclipse\plugins\org.eclipse.m2e.maven.runtime_3.9.1100.20250811-2018\jars\maven-settings-builder-3.9.11.jar
2026-09-24 10:27:56,600 [Worker-79: Launching maven-github-demo-nandithan (2)] INFO  o.eclipse.m2e.core.internal.Bundles - 	Entry: C:\Program Files\eclipse\plugins\org.eclipse.m2e.maven.runtime_3.9.1100.20250811-2018\jars\maven-shared-utils-3.4.2.jar
2026-09-24 10:27:56,600 [Worker-79: Launching maven-github-demo-nandithan (2)] INFO  o.eclipse.m2e.core.internal.Bundles - 	Entry: C:\Program Files\eclipse\plugins\org.eclipse.m2e.maven.runtime_3.9.1100.20250811-2018\jars\org.eclipse.sisu.inject-0.9.0.M4.jar
2026-09-24 10:27:56,600 [Worker-79: Launching maven-github-demo-nandithan (2)] INFO  o.eclipse.m2e.core.internal.Bundles - 	Entry: C:\Program Files\eclipse\plugins\org.eclipse.m2e.maven.runtime_3.9.1100.20250811-2018\jars\org.eclipse.sisu.plexus-0.9.0.M4.jar
2026-09-24 10:27:56,600 [Worker-79: Launching maven-github-demo-nandithan (2)] INFO  o.eclipse.m2e.core.internal.Bundles - 	Entry: C:\Program Files\eclipse\plugins\org.eclipse.m2e.maven.runtime_3.9.1100.20250811-2018\jars\plexus-build-api-0.0.7.jar
2026-09-24 10:27:56,600 [Worker-79: Launching maven-github-demo-nandithan (2)] INFO  o.eclipse.m2e.core.internal.Bundles - 	Entry: C:\Program Files\eclipse\plugins\org.eclipse.m2e.maven.runtime_3.9.1100.20250811-2018\jars\plexus-build-api-1.2.0.jar
2026-09-24 10:27:56,600 [Worker-79: Launching maven-github-demo-nandithan (2)] INFO  o.eclipse.m2e.core.internal.Bundles - 	Entry: C:\Program Files\eclipse\plugins\org.eclipse.m2e.maven.runtime_3.9.1100.20250811-2018\jars\plexus-cipher-2.0.jar
2026-09-24 10:27:56,600 [Worker-79: Launching maven-github-demo-nandithan (2)] INFO  o.eclipse.m2e.core.internal.Bundles - 	Entry: C:\Program Files\eclipse\plugins\org.eclipse.m2e.maven.runtime_3.9.1100.20250811-2018\jars\plexus-classworlds-2.9.0.jar
2026-09-24 10:27:56,600 [Worker-79: Launching maven-github-demo-nandithan (2)] INFO  o.eclipse.m2e.core.internal.Bundles - 	Entry: C:\Program Files\eclipse\plugins\org.eclipse.m2e.maven.runtime_3.9.1100.20250811-2018\jars\plexus-component-annotations-2.2.0.jar
2026-09-24 10:27:56,600 [Worker-79: Launching maven-github-demo-nandithan (2)] INFO  o.eclipse.m2e.core.internal.Bundles - 	Entry: C:\Program Files\eclipse\plugins\org.eclipse.m2e.maven.runtime_3.9.1100.20250811-2018\jars\plexus-interpolation-1.28.jar
2026-09-24 10:27:56,601 [Worker-79: Launching maven-github-demo-nandithan (2)] INFO  o.eclipse.m2e.core.internal.Bundles - 	Entry: C:\Program Files\eclipse\plugins\org.eclipse.m2e.maven.runtime_3.9.1100.20250811-2018\jars\plexus-sec-dispatcher-2.0.jar
2026-09-24 10:27:56,601 [Worker-79: Launching maven-github-demo-nandithan (2)] INFO  o.eclipse.m2e.core.internal.Bundles - 	Entry: C:\Program Files\eclipse\plugins\org.eclipse.m2e.maven.runtime_3.9.1100.20250811-2018\jars\plexus-utils-3.6.0.jar
2026-09-24 10:27:56,601 [Worker-79: Launching maven-github-demo-nandithan (2)] INFO  o.eclipse.m2e.core.internal.Bundles - 	Entry: C:\Program Files\eclipse\plugins\org.eclipse.m2e.maven.runtime_3.9.1100.20250811-2018\jars\wagon-file-3.5.3.jar
2026-09-24 10:27:56,601 [Worker-79: Launching maven-github-demo-nandithan (2)] INFO  o.eclipse.m2e.core.internal.Bundles - 	Entry: C:\Program Files\eclipse\plugins\org.eclipse.m2e.maven.runtime_3.9.1100.20250811-2018\jars\wagon-http-3.5.3.jar
2026-09-24 10:27:56,601 [Worker-79: Launching maven-github-demo-nandithan (2)] INFO  o.eclipse.m2e.core.internal.Bundles - 	Entry: C:\Program Files\eclipse\plugins\org.eclipse.m2e.maven.runtime_3.9.1100.20250811-2018\jars\wagon-http-shared-3.5.3.jar
2026-09-24 10:27:56,601 [Worker-79: Launching maven-github-demo-nandithan (2)] INFO  o.eclipse.m2e.core.internal.Bundles - 	Entry: C:\Program Files\eclipse\plugins\org.eclipse.m2e.maven.runtime_3.9.1100.20250811-2018\jars\wagon-provider-api-3.5.3.jar
2026-09-24 10:27:56,601 [Worker-79: Launching maven-github-demo-nandithan (2)] INFO  o.eclipse.m2e.core.internal.Bundles - getClasspathEntries(Bundle=com.google.guava_33.4.8.jre [18])
2026-09-24 10:27:56,601 [Worker-79: Launching maven-github-demo-nandithan (2)] INFO  o.eclipse.m2e.core.internal.Bundles - 	Entry: C:\Program Files\eclipse\plugins\com.google.guava_33.4.8.jre.jar
2026-09-24 10:27:56,601 [Worker-79: Launching maven-github-demo-nandithan (2)] INFO  o.eclipse.m2e.core.internal.Bundles - getClasspathEntries(Bundle=slf4j.api_2.0.17 [1007])
2026-09-24 10:27:56,601 [Worker-79: Launching maven-github-demo-nandithan (2)] INFO  o.eclipse.m2e.core.internal.Bundles - 	Entry: C:\Program Files\eclipse\plugins\slf4j.api_2.0.17.jar
2026-09-24 10:27:56,601 [Worker-79: Launching maven-github-demo-nandithan (2)] INFO  o.eclipse.m2e.core.internal.Bundles - getClasspathEntries(Bundle=jakarta.inject.jakarta.inject-api_1.0.5 [35])
2026-09-24 10:27:56,601 [Worker-79: Launching maven-github-demo-nandithan (2)] INFO  o.eclipse.m2e.core.internal.Bundles - 	Entry: C:\Program Files\eclipse\plugins\jakarta.inject.jakarta.inject-api_1.0.5.jar
2026-09-24 10:27:56,601 [Worker-79: Launching maven-github-demo-nandithan (2)] INFO  o.eclipse.m2e.core.internal.Bundles - getClasspathEntries(Bundle=jakarta.annotation-api_1.3.5 [31])
2026-09-24 10:27:56,602 [Worker-79: Launching maven-github-demo-nandithan (2)] INFO  o.eclipse.m2e.core.internal.Bundles - 	Entry: C:\Program Files\eclipse\plugins\jakarta.annotation-api_1.3.5.jar
2026-09-24 10:27:56,602 [Worker-79: Launching maven-github-demo-nandithan (2)] INFO  o.eclipse.m2e.core.internal.Bundles - getClasspathEntries(Bundle=org.apache.commons.cli_1.10.0 [75])
2026-09-24 10:27:56,602 [Worker-79: Launching maven-github-demo-nandithan (2)] INFO  o.eclipse.m2e.core.internal.Bundles - 	Entry: C:\Program Files\eclipse\plugins\org.apache.commons.cli_1.10.0.jar
2026-09-24 10:27:56,602 [Worker-79: Launching maven-github-demo-nandithan (2)] INFO  o.eclipse.m2e.core.internal.Bundles - getClasspathEntries(Bundle=org.apache.commons.commons-codec_1.19.0 [77])
2026-09-24 10:27:56,602 [Worker-79: Launching maven-github-demo-nandithan (2)] INFO  o.eclipse.m2e.core.internal.Bundles - 	Entry: C:\Program Files\eclipse\plugins\org.apache.commons.commons-codec_1.19.0.jar
2026-09-24 10:27:56,602 [Worker-79: Launching maven-github-demo-nandithan (2)] INFO  o.eclipse.m2e.core.internal.Bundles - getClasspathEntries(Bundle=com.google.guava.failureaccess_1.0.3 [19])
2026-09-24 10:27:56,602 [Worker-79: Launching maven-github-demo-nandithan (2)] INFO  o.eclipse.m2e.core.internal.Bundles - 	Entry: C:\Program Files\eclipse\plugins\com.google.guava.failureaccess_1.0.3.jar
2026-09-24 10:27:56,604 [Worker-79: Launching maven-github-demo-nandithan (2)] INFO  o.e.m.i.launch.MavenLaunchDelegate - Run build in "C:\Users\Student-A\eclipse-workspace\maven-new\maven-github-demo-nandithan":
2026-09-24 10:27:56,604 [Worker-79: Launching maven-github-demo-nandithan (2)] INFO  o.e.m.i.launch.MavenLaunchDelegate -  mvn  -B -Dstyle.color=always clean package
2026-09-24 10:28:56,719 [Worker-80: Building] INFO  o.a.m.s.f.DefaultMavenResourcesFiltering - skip non existing resourceDirectory C:\Users\Student-A\eclipse-workspace\maven-new\maven-github-demo-nandithan\src\main\resources
2026-09-24 10:28:56,720 [Worker-80: Building] INFO  o.a.m.s.f.DefaultMavenResourcesFiltering - skip non existing resourceDirectory C:\Users\Student-A\eclipse-workspace\maven-new\maven-github-demo-nandithan\src\test\resources
2026-09-24 10:28:56,727 [Worker-80: Building] WARN  o.apache.maven.project.MavenProject - Direct modification of compileSourceRoots through clear() is deprecated and will not work in Maven 4.0.0. Please use the add/remove methods instead. If you're using a plugin that causes this warning, please upgrade to the latest version and report an issue if the warning persists. To disable these warnings, set -Dmaven.project.sourceRoots.warningsDisabled=true on the command line, in the .mvn/maven.config file, or in project POM properties.
2026-09-24 10:28:56,728 [Worker-80: Building] WARN  o.apache.maven.project.MavenProject - Direct modification of compileSourceRoots through add() is deprecated and will not work in Maven 4.0.0. Please use the add/remove methods instead. If you're using a plugin that causes this warning, please upgrade to the latest version and report an issue if the warning persists. To disable these warnings, set -Dmaven.project.sourceRoots.warningsDisabled=true on the command line, in the .mvn/maven.config file, or in project POM properties.
2026-09-24 10:28:56,730 [Worker-80: Building] WARN  o.apache.maven.project.MavenProject - Direct modification of testCompileSourceRoots through clear() is deprecated and will not work in Maven 4.0.0. Please use the add/remove methods instead. If you're using a plugin that causes this warning, please upgrade to the latest version and report an issue if the warning persists. To disable these warnings, set -Dmaven.project.sourceRoots.warningsDisabled=true on the command line, in the .mvn/maven.config file, or in project POM properties.
2026-09-24 10:28:56,730 [Worker-80: Building] WARN  o.apache.maven.project.MavenProject - Direct modification of testCompileSourceRoots through add() is deprecated and will not work in Maven 4.0.0. Please use the add/remove methods instead. If you're using a plugin that causes this warning, please upgrade to the latest version and report an issue if the warning persists. To disable these warnings, set -Dmaven.project.sourceRoots.warningsDisabled=true on the command line, in the .mvn/maven.config file, or in project POM properties.
2026-09-24 11:52:39,211 [Worker-2: Loading available Gradle versions] INFO  o.e.b.c.i.u.g.PublishedGradleVersions - Gradle version information cache is up-to-date. Trying to read.
2026-09-24 11:59:16,006 [Worker-43: Launching mavenrun-59b97a78-97a5-4098-9d73-0ec16fe127de] INFO  o.eclipse.m2e.core.internal.Bundles - getClasspathEntries(Bundle=org.eclipse.m2e.maven.runtime_3.9.1100.20250811-2018 [642])
2026-09-24 11:59:16,008 [Worker-43: Launching mavenrun-59b97a78-97a5-4098-9d73-0ec16fe127de] INFO  o.eclipse.m2e.core.internal.Bundles - 	Entry: C:\Program Files\eclipse\plugins\org.eclipse.m2e.maven.runtime_3.9.1100.20250811-2018
2026-09-24 11:59:16,008 [Worker-43: Launching mavenrun-59b97a78-97a5-4098-9d73-0ec16fe127de] INFO  o.eclipse.m2e.core.internal.Bundles - 	Entry: C:\Program Files\eclipse\plugins\org.eclipse.m2e.maven.runtime_3.9.1100.20250811-2018\jars\aopalliance-1.0.jar
2026-09-24 11:59:16,009 [Worker-43: Launching mavenrun-59b97a78-97a5-4098-9d73-0ec16fe127de] INFO  o.eclipse.m2e.core.internal.Bundles - 	Entry: C:\Program Files\eclipse\plugins\org.eclipse.m2e.maven.runtime_3.9.1100.20250811-2018\jars\asm-9.8.jar
2026-09-24 11:59:16,009 [Worker-43: Launching mavenrun-59b97a78-97a5-4098-9d73-0ec16fe127de] INFO  o.eclipse.m2e.core.internal.Bundles - 	Entry: C:\Program Files\eclipse\plugins\org.eclipse.m2e.maven.runtime_3.9.1100.20250811-2018\jars\error_prone_annotations-2.38.0.jar
2026-09-24 11:59:16,009 [Worker-43: Launching mavenrun-59b97a78-97a5-4098-9d73-0ec16fe127de] INFO  o.eclipse.m2e.core.internal.Bundles - 	Entry: C:\Program Files\eclipse\plugins\org.eclipse.m2e.maven.runtime_3.9.1100.20250811-2018\jars\gson-2.13.1.jar
2026-09-24 11:59:16,009 [Worker-43: Launching mavenrun-59b97a78-97a5-4098-9d73-0ec16fe127de] INFO  o.eclipse.m2e.core.internal.Bundles - 	Entry: C:\Program Files\eclipse\plugins\org.eclipse.m2e.maven.runtime_3.9.1100.20250811-2018\jars\guice-5.1.0-classes.jar
2026-09-24 11:59:16,009 [Worker-43: Launching mavenrun-59b97a78-97a5-4098-9d73-0ec16fe127de] INFO  o.eclipse.m2e.core.internal.Bundles - 	Entry: C:\Program Files\eclipse\plugins\org.eclipse.m2e.maven.runtime_3.9.1100.20250811-2018\jars\httpclient-4.5.14.jar
2026-09-24 11:59:16,009 [Worker-43: Launching mavenrun-59b97a78-97a5-4098-9d73-0ec16fe127de] INFO  o.eclipse.m2e.core.internal.Bundles - 	Entry: C:\Program Files\eclipse\plugins\org.eclipse.m2e.maven.runtime_3.9.1100.20250811-2018\jars\httpcore-4.4.16.jar
2026-09-24 11:59:16,009 [Worker-43: Launching mavenrun-59b97a78-97a5-4098-9d73-0ec16fe127de] INFO  o.eclipse.m2e.core.internal.Bundles - 	Entry: C:\Program Files\eclipse\plugins\org.eclipse.m2e.maven.runtime_3.9.1100.20250811-2018\jars\jansi-2.4.2.jar
2026-09-24 11:59:16,009 [Worker-43: Launching mavenrun-59b97a78-97a5-4098-9d73-0ec16fe127de] INFO  o.eclipse.m2e.core.internal.Bundles - 	Entry: C:\Program Files\eclipse\plugins\org.eclipse.m2e.maven.runtime_3.9.1100.20250811-2018\jars\jcl-over-slf4j-1.7.36.jar
2026-09-24 11:59:16,009 [Worker-43: Launching mavenrun-59b97a78-97a5-4098-9d73-0ec16fe127de] INFO  o.eclipse.m2e.core.internal.Bundles - 	Entry: C:\Program Files\eclipse\plugins\org.eclipse.m2e.maven.runtime_3.9.1100.20250811-2018\jars\maven-artifact-3.9.11.jar
2026-09-24 11:59:16,009 [Worker-43: Launching mavenrun-59b97a78-97a5-4098-9d73-0ec16fe127de] INFO  o.eclipse.m2e.core.internal.Bundles - 	Entry: C:\Program Files\eclipse\plugins\org.eclipse.m2e.maven.runtime_3.9.1100.20250811-2018\jars\maven-builder-support-3.9.11.jar
2026-09-24 11:59:16,009 [Worker-43: Launching mavenrun-59b97a78-97a5-4098-9d73-0ec16fe127de] INFO  o.eclipse.m2e.core.internal.Bundles - 	Entry: C:\Program Files\eclipse\plugins\org.eclipse.m2e.maven.runtime_3.9.1100.20250811-2018\jars\maven-compat-3.9.11.jar
2026-09-24 11:59:16,009 [Worker-43: Launching mavenrun-59b97a78-97a5-4098-9d73-0ec16fe127de] INFO  o.eclipse.m2e.core.internal.Bundles - 	Entry: C:\Program Files\eclipse\plugins\org.eclipse.m2e.maven.runtime_3.9.1100.20250811-2018\jars\maven-core-3.9.11.jar
2026-09-24 11:59:16,009 [Worker-43: Launching mavenrun-59b97a78-97a5-4098-9d73-0ec16fe127de] INFO  o.eclipse.m2e.core.internal.Bundles - 	Entry: C:\Program Files\eclipse\plugins\org.eclipse.m2e.maven.runtime_3.9.1100.20250811-2018\jars\maven-embedder-3.9.11.jar
2026-09-24 11:59:16,009 [Worker-43: Launching mavenrun-59b97a78-97a5-4098-9d73-0ec16fe127de] INFO  o.eclipse.m2e.core.internal.Bundles - 	Entry: C:\Program Files\eclipse\plugins\org.eclipse.m2e.maven.runtime_3.9.1100.20250811-2018\jars\maven-model-3.9.11.jar
2026-09-24 11:59:16,010 [Worker-43: Launching mavenrun-59b97a78-97a5-4098-9d73-0ec16fe127de] INFO  o.eclipse.m2e.core.internal.Bundles - 	Entry: C:\Program Files\eclipse\plugins\org.eclipse.m2e.maven.runtime_3.9.1100.20250811-2018\jars\maven-model-builder-3.9.11.jar
2026-09-24 11:59:16,010 [Worker-43: Launching mavenrun-59b97a78-97a5-4098-9d73-0ec16fe127de] INFO  o.eclipse.m2e.core.internal.Bundles - 	Entry: C:\Program Files\eclipse\plugins\org.eclipse.m2e.maven.runtime_3.9.1100.20250811-2018\jars\maven-plugin-api-3.9.11.jar
2026-09-24 11:59:16,010 [Worker-43: Launching mavenrun-59b97a78-97a5-4098-9d73-0ec16fe127de] INFO  o.eclipse.m2e.core.internal.Bundles - 	Entry: C:\Program Files\eclipse\plugins\org.eclipse.m2e.maven.runtime_3.9.1100.20250811-2018\jars\maven-repository-metadata-3.9.11.jar
2026-09-24 11:59:16,010 [Worker-43: Launching mavenrun-59b97a78-97a5-4098-9d73-0ec16fe127de] INFO  o.eclipse.m2e.core.internal.Bundles - 	Entry: C:\Program Files\eclipse\plugins\org.eclipse.m2e.maven.runtime_3.9.1100.20250811-2018\jars\maven-resolver-api-1.9.24.jar
2026-09-24 11:59:16,010 [Worker-43: Launching mavenrun-59b97a78-97a5-4098-9d73-0ec16fe127de] INFO  o.eclipse.m2e.core.internal.Bundles - 	Entry: C:\Program Files\eclipse\plugins\org.eclipse.m2e.maven.runtime_3.9.1100.20250811-2018\jars\maven-resolver-connector-basic-1.9.24.jar
2026-09-24 11:59:16,010 [Worker-43: Launching mavenrun-59b97a78-97a5-4098-9d73-0ec16fe127de] INFO  o.eclipse.m2e.core.internal.Bundles - 	Entry: C:\Program Files\eclipse\plugins\org.eclipse.m2e.maven.runtime_3.9.1100.20250811-2018\jars\maven-resolver-impl-1.9.24.jar
2026-09-24 11:59:16,010 [Worker-43: Launching mavenrun-59b97a78-97a5-4098-9d73-0ec16fe127de] INFO  o.eclipse.m2e.core.internal.Bundles - 	Entry: C:\Program Files\eclipse\plugins\org.eclipse.m2e.maven.runtime_3.9.1100.20250811-2018\jars\maven-resolver-named-locks-1.9.24.jar
2026-09-24 11:59:16,010 [Worker-43: Launching mavenrun-59b97a78-97a5-4098-9d73-0ec16fe127de] INFO  o.eclipse.m2e.core.internal.Bundles - 	Entry: C:\Program Files\eclipse\plugins\org.eclipse.m2e.maven.runtime_3.9.1100.20250811-2018\jars\maven-resolver-provider-3.9.11.jar
2026-09-24 11:59:16,010 [Worker-43: Launching mavenrun-59b97a78-97a5-4098-9d73-0ec16fe127de] INFO  o.eclipse.m2e.core.internal.Bundles - 	Entry: C:\Program Files\eclipse\plugins\org.eclipse.m2e.maven.runtime_3.9.1100.20250811-2018\jars\maven-resolver-spi-1.9.24.jar
2026-09-24 11:59:16,010 [Worker-43: Launching mavenrun-59b97a78-97a5-4098-9d73-0ec16fe127de] INFO  o.eclipse.m2e.core.internal.Bundles - 	Entry: C:\Program Files\eclipse\plugins\org.eclipse.m2e.maven.runtime_3.9.1100.20250811-2018\jars\maven-resolver-transport-file-1.9.24.jar
2026-09-24 11:59:16,010 [Worker-43: Launching mavenrun-59b97a78-97a5-4098-9d73-0ec16fe127de] INFO  o.eclipse.m2e.core.internal.Bundles - 	Entry: C:\Program Files\eclipse\plugins\org.eclipse.m2e.maven.runtime_3.9.1100.20250811-2018\jars\maven-resolver-transport-http-1.9.24.jar
2026-09-24 11:59:16,010 [Worker-43: Launching mavenrun-59b97a78-97a5-4098-9d73-0ec16fe127de] INFO  o.eclipse.m2e.core.internal.Bundles - 	Entry: C:\Program Files\eclipse\plugins\org.eclipse.m2e.maven.runtime_3.9.1100.20250811-2018\jars\maven-resolver-transport-wagon-1.9.24.jar
2026-09-24 11:59:16,010 [Worker-43: Launching mavenrun-59b97a78-97a5-4098-9d73-0ec16fe127de] INFO  o.eclipse.m2e.core.internal.Bundles - 	Entry: C:\Program Files\eclipse\plugins\org.eclipse.m2e.maven.runtime_3.9.1100.20250811-2018\jars\maven-resolver-util-1.9.24.jar
2026-09-24 11:59:16,010 [Worker-43: Launching mavenrun-59b97a78-97a5-4098-9d73-0ec16fe127de] INFO  o.eclipse.m2e.core.internal.Bundles - 	Entry: C:\Program Files\eclipse\plugins\org.eclipse.m2e.maven.runtime_3.9.1100.20250811-2018\jars\maven-settings-3.9.11.jar
2026-09-24 11:59:16,010 [Worker-43: Launching mavenrun-59b97a78-97a5-4098-9d73-0ec16fe127de] INFO  o.eclipse.m2e.core.internal.Bundles - 	Entry: C:\Program Files\eclipse\plugins\org.eclipse.m2e.maven.runtime_3.9.1100.20250811-2018\jars\maven-settings-builder-3.9.11.jar
2026-09-24 11:59:16,011 [Worker-43: Launching mavenrun-59b97a78-97a5-4098-9d73-0ec16fe127de] INFO  o.eclipse.m2e.core.internal.Bundles - 	Entry: C:\Program Files\eclipse\plugins\org.eclipse.m2e.maven.runtime_3.9.1100.20250811-2018\jars\maven-shared-utils-3.4.2.jar
2026-09-24 11:59:16,011 [Worker-43: Launching mavenrun-59b97a78-97a5-4098-9d73-0ec16fe127de] INFO  o.eclipse.m2e.core.internal.Bundles - 	Entry: C:\Program Files\eclipse\plugins\org.eclipse.m2e.maven.runtime_3.9.1100.20250811-2018\jars\org.eclipse.sisu.inject-0.9.0.M4.jar
2026-09-24 11:59:16,011 [Worker-43: Launching mavenrun-59b97a78-97a5-4098-9d73-0ec16fe127de] INFO  o.eclipse.m2e.core.internal.Bundles - 	Entry: C:\Program Files\eclipse\plugins\org.eclipse.m2e.maven.runtime_3.9.1100.20250811-2018\jars\org.eclipse.sisu.plexus-0.9.0.M4.jar
2026-09-24 11:59:16,011 [Worker-43: Launching mavenrun-59b97a78-97a5-4098-9d73-0ec16fe127de] INFO  o.eclipse.m2e.core.internal.Bundles - 	Entry: C:\Program Files\eclipse\plugins\org.eclipse.m2e.maven.runtime_3.9.1100.20250811-2018\jars\plexus-build-api-0.0.7.jar
2026-09-24 11:59:16,011 [Worker-43: Launching mavenrun-59b97a78-97a5-4098-9d73-0ec16fe127de] INFO  o.eclipse.m2e.core.internal.Bundles - 	Entry: C:\Program Files\eclipse\plugins\org.eclipse.m2e.maven.runtime_3.9.1100.20250811-2018\jars\plexus-build-api-1.2.0.jar
2026-09-24 11:59:16,011 [Worker-43: Launching mavenrun-59b97a78-97a5-4098-9d73-0ec16fe127de] INFO  o.eclipse.m2e.core.internal.Bundles - 	Entry: C:\Program Files\eclipse\plugins\org.eclipse.m2e.maven.runtime_3.9.1100.20250811-2018\jars\plexus-cipher-2.0.jar
2026-09-24 11:59:16,011 [Worker-43: Launching mavenrun-59b97a78-97a5-4098-9d73-0ec16fe127de] INFO  o.eclipse.m2e.core.internal.Bundles - 	Entry: C:\Program Files\eclipse\plugins\org.eclipse.m2e.maven.runtime_3.9.1100.20250811-2018\jars\plexus-classworlds-2.9.0.jar
2026-09-24 11:59:16,011 [Worker-43: Launching mavenrun-59b97a78-97a5-4098-9d73-0ec16fe127de] INFO  o.eclipse.m2e.core.internal.Bundles - 	Entry: C:\Program Files\eclipse\plugins\org.eclipse.m2e.maven.runtime_3.9.1100.20250811-2018\jars\plexus-component-annotations-2.2.0.jar
2026-09-24 11:59:16,011 [Worker-43: Launching mavenrun-59b97a78-97a5-4098-9d73-0ec16fe127de] INFO  o.eclipse.m2e.core.internal.Bundles - 	Entry: C:\Program Files\eclipse\plugins\org.eclipse.m2e.maven.runtime_3.9.1100.20250811-2018\jars\plexus-interpolation-1.28.jar
2026-09-24 11:59:16,011 [Worker-43: Launching mavenrun-59b97a78-97a5-4098-9d73-0ec16fe127de] INFO  o.eclipse.m2e.core.internal.Bundles - 	Entry: C:\Program Files\eclipse\plugins\org.eclipse.m2e.maven.runtime_3.9.1100.20250811-2018\jars\plexus-sec-dispatcher-2.0.jar
2026-09-24 11:59:16,011 [Worker-43: Launching mavenrun-59b97a78-97a5-4098-9d73-0ec16fe127de] INFO  o.eclipse.m2e.core.internal.Bundles - 	Entry: C:\Program Files\eclipse\plugins\org.eclipse.m2e.maven.runtime_3.9.1100.20250811-2018\jars\plexus-utils-3.6.0.jar
2026-09-24 11:59:16,011 [Worker-43: Launching mavenrun-59b97a78-97a5-4098-9d73-0ec16fe127de] INFO  o.eclipse.m2e.core.internal.Bundles - 	Entry: C:\Program Files\eclipse\plugins\org.eclipse.m2e.maven.runtime_3.9.1100.20250811-2018\jars\wagon-file-3.5.3.jar
2026-09-24 11:59:16,011 [Worker-43: Launching mavenrun-59b97a78-97a5-4098-9d73-0ec16fe127de] INFO  o.eclipse.m2e.core.internal.Bundles - 	Entry: C:\Program Files\eclipse\plugins\org.eclipse.m2e.maven.runtime_3.9.1100.20250811-2018\jars\wagon-http-3.5.3.jar
2026-09-24 11:59:16,011 [Worker-43: Launching mavenrun-59b97a78-97a5-4098-9d73-0ec16fe127de] INFO  o.eclipse.m2e.core.internal.Bundles - 	Entry: C:\Program Files\eclipse\plugins\org.eclipse.m2e.maven.runtime_3.9.1100.20250811-2018\jars\wagon-http-shared-3.5.3.jar
2026-09-24 11:59:16,011 [Worker-43: Launching mavenrun-59b97a78-97a5-4098-9d73-0ec16fe127de] INFO  o.eclipse.m2e.core.internal.Bundles - 	Entry: C:\Program Files\eclipse\plugins\org.eclipse.m2e.maven.runtime_3.9.1100.20250811-2018\jars\wagon-provider-api-3.5.3.jar
2026-09-24 11:59:16,012 [Worker-43: Launching mavenrun-59b97a78-97a5-4098-9d73-0ec16fe127de] INFO  o.eclipse.m2e.core.internal.Bundles - getClasspathEntries(Bundle=com.google.guava_33.4.8.jre [18])
2026-09-24 11:59:16,013 [Worker-43: Launching mavenrun-59b97a78-97a5-4098-9d73-0ec16fe127de] INFO  o.eclipse.m2e.core.internal.Bundles - 	Entry: C:\Program Files\eclipse\plugins\com.google.guava_33.4.8.jre.jar
2026-09-24 11:59:16,013 [Worker-43: Launching mavenrun-59b97a78-97a5-4098-9d73-0ec16fe127de] INFO  o.eclipse.m2e.core.internal.Bundles - getClasspathEntries(Bundle=slf4j.api_2.0.17 [1007])
2026-09-24 11:59:16,013 [Worker-43: Launching mavenrun-59b97a78-97a5-4098-9d73-0ec16fe127de] INFO  o.eclipse.m2e.core.internal.Bundles - 	Entry: C:\Program Files\eclipse\plugins\slf4j.api_2.0.17.jar
2026-09-24 11:59:16,013 [Worker-43: Launching mavenrun-59b97a78-97a5-4098-9d73-0ec16fe127de] INFO  o.eclipse.m2e.core.internal.Bundles - getClasspathEntries(Bundle=jakarta.inject.jakarta.inject-api_1.0.5 [35])
2026-09-24 11:59:16,013 [Worker-43: Launching mavenrun-59b97a78-97a5-4098-9d73-0ec16fe127de] INFO  o.eclipse.m2e.core.internal.Bundles - 	Entry: C:\Program Files\eclipse\plugins\jakarta.inject.jakarta.inject-api_1.0.5.jar
2026-09-24 11:59:16,013 [Worker-43: Launching mavenrun-59b97a78-97a5-4098-9d73-0ec16fe127de] INFO  o.eclipse.m2e.core.internal.Bundles - getClasspathEntries(Bundle=jakarta.annotation-api_1.3.5 [31])
2026-09-24 11:59:16,013 [Worker-43: Launching mavenrun-59b97a78-97a5-4098-9d73-0ec16fe127de] INFO  o.eclipse.m2e.core.internal.Bundles - 	Entry: C:\Program Files\eclipse\plugins\jakarta.annotation-api_1.3.5.jar
2026-09-24 11:59:16,013 [Worker-43: Launching mavenrun-59b97a78-97a5-4098-9d73-0ec16fe127de] INFO  o.eclipse.m2e.core.internal.Bundles - getClasspathEntries(Bundle=org.apache.commons.cli_1.10.0 [75])
2026-09-24 11:59:16,013 [Worker-43: Launching mavenrun-59b97a78-97a5-4098-9d73-0ec16fe127de] INFO  o.eclipse.m2e.core.internal.Bundles - 	Entry: C:\Program Files\eclipse\plugins\org.apache.commons.cli_1.10.0.jar
2026-09-24 11:59:16,013 [Worker-43: Launching mavenrun-59b97a78-97a5-4098-9d73-0ec16fe127de] INFO  o.eclipse.m2e.core.internal.Bundles - getClasspathEntries(Bundle=org.apache.commons.commons-codec_1.19.0 [77])
2026-09-24 11:59:16,013 [Worker-43: Launching mavenrun-59b97a78-97a5-4098-9d73-0ec16fe127de] INFO  o.eclipse.m2e.core.internal.Bundles - 	Entry: C:\Program Files\eclipse\plugins\org.apache.commons.commons-codec_1.19.0.jar
2026-09-24 11:59:16,013 [Worker-43: Launching mavenrun-59b97a78-97a5-4098-9d73-0ec16fe127de] INFO  o.eclipse.m2e.core.internal.Bundles - getClasspathEntries(Bundle=com.google.guava.failureaccess_1.0.3 [19])
2026-09-24 11:59:16,013 [Worker-43: Launching mavenrun-59b97a78-97a5-4098-9d73-0ec16fe127de] INFO  o.eclipse.m2e.core.internal.Bundles - 	Entry: C:\Program Files\eclipse\plugins\com.google.guava.failureaccess_1.0.3.jar
2026-09-24 11:59:16,016 [Worker-43: Launching mavenrun-59b97a78-97a5-4098-9d73-0ec16fe127de] INFO  o.e.m.i.launch.MavenLaunchDelegate - Run build in "C:\Users\STUDEN~1\AppData\Local\Temp\m2e-archetypeGenerator1927124702044084687":
2026-09-24 11:59:16,019 [Worker-43: Launching mavenrun-59b97a78-97a5-4098-9d73-0ec16fe127de] INFO  o.e.m.i.launch.MavenLaunchDelegate -  mvn  -DjavaCompilerVersion=17 -DjunitVersion=5.11.0 -DarchetypeGroupId=org.apache.maven.archetypes -DarchetypeArtifactId=maven-archetype-quickstart -DarchetypeVersion=1.5 -DgroupId=com.example.vvce -DartifactId=calculator -Dversion=0.0.1-SNAPSHOT -Dpackage=com.example.vvce.calculator -DoutputDirectory=C:\Users\Student-A\eclipse-workspace -Dstyle.color=always -U archetype:generate
2026-09-24 11:59:34,192 [Worker-7: Creating maven-archetype-quickstart] INFO  o.e.m.c.i.p.ProjectConfigurationManager - Collecting project info '/pom.xml' C:\Users\Student-A\eclipse-workspace\calculator\pom.xml
2026-09-24 11:59:34,817 [Worker-7: Creating maven-archetype-quickstart] INFO  o.e.m.c.i.l.LifecycleMappingFactory - Using org.eclipse.m2e.jdt.JarLifecycleMapping lifecycle mapping for MavenProject: com.example.vvce:calculator:0.0.1-SNAPSHOT @ C:\Users\Student-A\eclipse-workspace\calculator\pom.xml.
2026-09-24 11:59:35,458 [Worker-7: Creating maven-archetype-quickstart] INFO  o.e.m.j.i.AbstractJavaProjectConfigurator - Adding source folder /calculator/src/main/java
2026-09-24 11:59:35,459 [Worker-7: Creating maven-archetype-quickstart] INFO  o.e.m.j.i.AbstractJavaProjectConfigurator - Adding resource folder /calculator/src/main/resources
2026-09-24 11:59:35,464 [Worker-7: Creating maven-archetype-quickstart] INFO  o.e.m.j.i.AbstractJavaProjectConfigurator - Adding source folder /calculator/src/test/java
2026-09-24 11:59:35,465 [Worker-7: Creating maven-archetype-quickstart] INFO  o.e.m.j.i.AbstractJavaProjectConfigurator - Adding resource folder /calculator/src/test/resources
2026-09-24 11:59:35,525 [Worker-7: Creating maven-archetype-quickstart] WARN  o.apache.maven.project.MavenProject - Direct modification of compileSourceRoots through clear() is deprecated and will not work in Maven 4.0.0. Please use the add/remove methods instead. If you're using a plugin that causes this warning, please upgrade to the latest version and report an issue if the warning persists. To disable these warnings, set -Dmaven.project.sourceRoots.warningsDisabled=true on the command line, in the .mvn/maven.config file, or in project POM properties.
2026-09-24 11:59:35,526 [Worker-7: Creating maven-archetype-quickstart] WARN  o.apache.maven.project.MavenProject - Direct modification of compileSourceRoots through add() is deprecated and will not work in Maven 4.0.0. Please use the add/remove methods instead. If you're using a plugin that causes this warning, please upgrade to the latest version and report an issue if the warning persists. To disable these warnings, set -Dmaven.project.sourceRoots.warningsDisabled=true on the command line, in the .mvn/maven.config file, or in project POM properties.
2026-09-24 11:59:35,527 [Worker-7: Creating maven-archetype-quickstart] WARN  o.apache.maven.project.MavenProject - Direct modification of testCompileSourceRoots through clear() is deprecated and will not work in Maven 4.0.0. Please use the add/remove methods instead. If you're using a plugin that causes this warning, please upgrade to the latest version and report an issue if the warning persists. To disable these warnings, set -Dmaven.project.sourceRoots.warningsDisabled=true on the command line, in the .mvn/maven.config file, or in project POM properties.
2026-09-24 11:59:35,528 [Worker-7: Creating maven-archetype-quickstart] WARN  o.apache.maven.project.MavenProject - Direct modification of testCompileSourceRoots through add() is deprecated and will not work in Maven 4.0.0. Please use the add/remove methods instead. If you're using a plugin that causes this warning, please upgrade to the latest version and report an issue if the warning persists. To disable these warnings, set -Dmaven.project.sourceRoots.warningsDisabled=true on the command line, in the .mvn/maven.config file, or in project POM properties.
2026-09-24 11:59:35,537 [Worker-7: Creating maven-archetype-quickstart] INFO  o.e.m.c.i.p.ProjectConfigurationManager - Imported and configured 1 project(s) in 1 sec
2026-09-24 11:59:36,033 [Worker-51: Building] INFO  o.a.m.s.f.DefaultMavenResourcesFiltering - skip non existing resourceDirectory C:\Users\Student-A\eclipse-workspace\calculator\src\main\resources
2026-09-24 11:59:36,037 [Worker-51: Building] INFO  o.a.m.s.f.DefaultMavenResourcesFiltering - skip non existing resourceDirectory C:\Users\Student-A\eclipse-workspace\calculator\src\test\resources
2026-09-24 11:59:36,291 [Worker-51: Building] WARN  o.apache.maven.project.MavenProject - Direct modification of compileSourceRoots through clear() is deprecated and will not work in Maven 4.0.0. Please use the add/remove methods instead. If you're using a plugin that causes this warning, please upgrade to the latest version and report an issue if the warning persists. To disable these warnings, set -Dmaven.project.sourceRoots.warningsDisabled=true on the command line, in the .mvn/maven.config file, or in project POM properties.
2026-09-24 11:59:36,292 [Worker-51: Building] WARN  o.apache.maven.project.MavenProject - Direct modification of compileSourceRoots through add() is deprecated and will not work in Maven 4.0.0. Please use the add/remove methods instead. If you're using a plugin that causes this warning, please upgrade to the latest version and report an issue if the warning persists. To disable these warnings, set -Dmaven.project.sourceRoots.warningsDisabled=true on the command line, in the .mvn/maven.config file, or in project POM properties.
2026-09-24 11:59:36,292 [Worker-51: Building] WARN  o.apache.maven.project.MavenProject - Direct modification of testCompileSourceRoots through clear() is deprecated and will not work in Maven 4.0.0. Please use the add/remove methods instead. If you're using a plugin that causes this warning, please upgrade to the latest version and report an issue if the warning persists. To disable these warnings, set -Dmaven.project.sourceRoots.warningsDisabled=true on the command line, in the .mvn/maven.config file, or in project POM properties.
2026-09-24 11:59:36,293 [Worker-51: Building] WARN  o.apache.maven.project.MavenProject - Direct modification of testCompileSourceRoots through add() is deprecated and will not work in Maven 4.0.0. Please use the add/remove methods instead. If you're using a plugin that causes this warning, please upgrade to the latest version and report an issue if the warning persists. To disable these warnings, set -Dmaven.project.sourceRoots.warningsDisabled=true on the command line, in the .mvn/maven.config file, or in project POM properties.
2026-09-24 12:19:57,566 [main] INFO  o.e.m.jdt.internal.UnitTestSupport - Updating AppTest from maven configuration
2026-09-24 12:19:58,000 [Worker-58: Launching AppTest] INFO  o.a.m.s.f.DefaultMavenResourcesFiltering - skip non existing resourceDirectory C:\Users\Student-A\eclipse-workspace\calculator\src\main\resources
2026-09-24 12:19:58,001 [Worker-58: Launching AppTest] INFO  o.a.m.s.f.DefaultMavenResourcesFiltering - skip non existing resourceDirectory C:\Users\Student-A\eclipse-workspace\calculator\src\test\resources
2026-09-24 12:19:58,002 [Worker-58: Launching AppTest] WARN  o.apache.maven.project.MavenProject - Direct modification of compileSourceRoots through clear() is deprecated and will not work in Maven 4.0.0. Please use the add/remove methods instead. If you're using a plugin that causes this warning, please upgrade to the latest version and report an issue if the warning persists. To disable these warnings, set -Dmaven.project.sourceRoots.warningsDisabled=true on the command line, in the .mvn/maven.config file, or in project POM properties.
2026-09-24 12:19:58,003 [Worker-58: Launching AppTest] WARN  o.apache.maven.project.MavenProject - Direct modification of compileSourceRoots through add() is deprecated and will not work in Maven 4.0.0. Please use the add/remove methods instead. If you're using a plugin that causes this warning, please upgrade to the latest version and report an issue if the warning persists. To disable these warnings, set -Dmaven.project.sourceRoots.warningsDisabled=true on the command line, in the .mvn/maven.config file, or in project POM properties.
2026-09-24 12:19:58,004 [Worker-58: Launching AppTest] WARN  o.apache.maven.project.MavenProject - Direct modification of testCompileSourceRoots through clear() is deprecated and will not work in Maven 4.0.0. Please use the add/remove methods instead. If you're using a plugin that causes this warning, please upgrade to the latest version and report an issue if the warning persists. To disable these warnings, set -Dmaven.project.sourceRoots.warningsDisabled=true on the command line, in the .mvn/maven.config file, or in project POM properties.
2026-09-24 12:19:58,005 [Worker-58: Launching AppTest] WARN  o.apache.maven.project.MavenProject - Direct modification of testCompileSourceRoots through add() is deprecated and will not work in Maven 4.0.0. Please use the add/remove methods instead. If you're using a plugin that causes this warning, please upgrade to the latest version and report an issue if the warning persists. To disable these warnings, set -Dmaven.project.sourceRoots.warningsDisabled=true on the command line, in the .mvn/maven.config file, or in project POM properties.
2026-09-24 12:20:23,118 [Worker-49: Launching AppTest] INFO  o.a.m.s.f.DefaultMavenResourcesFiltering - skip non existing resourceDirectory C:\Users\Student-A\eclipse-workspace\calculator\src\main\resources
2026-09-24 12:20:23,119 [Worker-49: Launching AppTest] INFO  o.a.m.s.f.DefaultMavenResourcesFiltering - skip non existing resourceDirectory C:\Users\Student-A\eclipse-workspace\calculator\src\test\resources
2026-09-24 12:20:23,120 [Worker-49: Launching AppTest] WARN  o.apache.maven.project.MavenProject - Direct modification of compileSourceRoots through clear() is deprecated and will not work in Maven 4.0.0. Please use the add/remove methods instead. If you're using a plugin that causes this warning, please upgrade to the latest version and report an issue if the warning persists. To disable these warnings, set -Dmaven.project.sourceRoots.warningsDisabled=true on the command line, in the .mvn/maven.config file, or in project POM properties.
2026-09-24 12:20:23,120 [Worker-49: Launching AppTest] WARN  o.apache.maven.project.MavenProject - Direct modification of compileSourceRoots through add() is deprecated and will not work in Maven 4.0.0. Please use the add/remove methods instead. If you're using a plugin that causes this warning, please upgrade to the latest version and report an issue if the warning persists. To disable these warnings, set -Dmaven.project.sourceRoots.warningsDisabled=true on the command line, in the .mvn/maven.config file, or in project POM properties.
2026-09-24 12:20:23,121 [Worker-49: Launching AppTest] WARN  o.apache.maven.project.MavenProject - Direct modification of testCompileSourceRoots through clear() is deprecated and will not work in Maven 4.0.0. Please use the add/remove methods instead. If you're using a plugin that causes this warning, please upgrade to the latest version and report an issue if the warning persists. To disable these warnings, set -Dmaven.project.sourceRoots.warningsDisabled=true on the command line, in the .mvn/maven.config file, or in project POM properties.
2026-09-24 12:20:23,121 [Worker-49: Launching AppTest] WARN  o.apache.maven.project.MavenProject - Direct modification of testCompileSourceRoots through add() is deprecated and will not work in Maven 4.0.0. Please use the add/remove methods instead. If you're using a plugin that causes this warning, please upgrade to the latest version and report an issue if the warning persists. To disable these warnings, set -Dmaven.project.sourceRoots.warningsDisabled=true on the command line, in the .mvn/maven.config file, or in project POM properties.
2026-09-24 12:21:31,222 [Worker-54: Launching AppTest] INFO  o.a.m.s.f.DefaultMavenResourcesFiltering - skip non existing resourceDirectory C:\Users\Student-A\eclipse-workspace\calculator\src\main\resources
2026-09-24 12:21:31,223 [Worker-54: Launching AppTest] INFO  o.a.m.s.f.DefaultMavenResourcesFiltering - skip non existing resourceDirectory C:\Users\Student-A\eclipse-workspace\calculator\src\test\resources
2026-09-24 12:21:31,223 [Worker-54: Launching AppTest] WARN  o.apache.maven.project.MavenProject - Direct modification of compileSourceRoots through clear() is deprecated and will not work in Maven 4.0.0. Please use the add/remove methods instead. If you're using a plugin that causes this warning, please upgrade to the latest version and report an issue if the warning persists. To disable these warnings, set -Dmaven.project.sourceRoots.warningsDisabled=true on the command line, in the .mvn/maven.config file, or in project POM properties.
2026-09-24 12:21:31,224 [Worker-54: Launching AppTest] WARN  o.apache.maven.project.MavenProject - Direct modification of compileSourceRoots through add() is deprecated and will not work in Maven 4.0.0. Please use the add/remove methods instead. If you're using a plugin that causes this warning, please upgrade to the latest version and report an issue if the warning persists. To disable these warnings, set -Dmaven.project.sourceRoots.warningsDisabled=true on the command line, in the .mvn/maven.config file, or in project POM properties.
2026-09-24 12:21:31,225 [Worker-54: Launching AppTest] WARN  o.apache.maven.project.MavenProject - Direct modification of testCompileSourceRoots through clear() is deprecated and will not work in Maven 4.0.0. Please use the add/remove methods instead. If you're using a plugin that causes this warning, please upgrade to the latest version and report an issue if the warning persists. To disable these warnings, set -Dmaven.project.sourceRoots.warningsDisabled=true on the command line, in the .mvn/maven.config file, or in project POM properties.
2026-09-24 12:21:31,225 [Worker-54: Launching AppTest] WARN  o.apache.maven.project.MavenProject - Direct modification of testCompileSourceRoots through add() is deprecated and will not work in Maven 4.0.0. Please use the add/remove methods instead. If you're using a plugin that causes this warning, please upgrade to the latest version and report an issue if the warning persists. To disable these warnings, set -Dmaven.project.sourceRoots.warningsDisabled=true on the command line, in the .mvn/maven.config file, or in project POM properties.
2026-09-24 12:22:41,623 [Worker-54: Launching AppTest] INFO  o.a.m.s.f.DefaultMavenResourcesFiltering - skip non existing resourceDirectory C:\Users\Student-A\eclipse-workspace\calculator\src\main\resources
2026-09-24 12:22:41,625 [Worker-54: Launching AppTest] INFO  o.a.m.s.f.DefaultMavenResourcesFiltering - skip non existing resourceDirectory C:\Users\Student-A\eclipse-workspace\calculator\src\test\resources
2026-09-24 12:22:41,625 [Worker-54: Launching AppTest] WARN  o.apache.maven.project.MavenProject - Direct modification of compileSourceRoots through clear() is deprecated and will not work in Maven 4.0.0. Please use the add/remove methods instead. If you're using a plugin that causes this warning, please upgrade to the latest version and report an issue if the warning persists. To disable these warnings, set -Dmaven.project.sourceRoots.warningsDisabled=true on the command line, in the .mvn/maven.config file, or in project POM properties.
2026-09-24 12:22:41,626 [Worker-54: Launching AppTest] WARN  o.apache.maven.project.MavenProject - Direct modification of compileSourceRoots through add() is deprecated and will not work in Maven 4.0.0. Please use the add/remove methods instead. If you're using a plugin that causes this warning, please upgrade to the latest version and report an issue if the warning persists. To disable these warnings, set -Dmaven.project.sourceRoots.warningsDisabled=true on the command line, in the .mvn/maven.config file, or in project POM properties.
2026-09-24 12:22:41,626 [Worker-54: Launching AppTest] WARN  o.apache.maven.project.MavenProject - Direct modification of testCompileSourceRoots through clear() is deprecated and will not work in Maven 4.0.0. Please use the add/remove methods instead. If you're using a plugin that causes this warning, please upgrade to the latest version and report an issue if the warning persists. To disable these warnings, set -Dmaven.project.sourceRoots.warningsDisabled=true on the command line, in the .mvn/maven.config file, or in project POM properties.
2026-09-24 12:22:41,627 [Worker-54: Launching AppTest] WARN  o.apache.maven.project.MavenProject - Direct modification of testCompileSourceRoots through add() is deprecated and will not work in Maven 4.0.0. Please use the add/remove methods instead. If you're using a plugin that causes this warning, please upgrade to the latest version and report an issue if the warning persists. To disable these warnings, set -Dmaven.project.sourceRoots.warningsDisabled=true on the command line, in the .mvn/maven.config file, or in project POM properties.
2026-09-24 12:23:00,461 [Worker-54: Launching AppTest] INFO  o.a.m.s.f.DefaultMavenResourcesFiltering - skip non existing resourceDirectory C:\Users\Student-A\eclipse-workspace\calculator\src\main\resources
2026-09-24 12:23:00,462 [Worker-54: Launching AppTest] INFO  o.a.m.s.f.DefaultMavenResourcesFiltering - skip non existing resourceDirectory C:\Users\Student-A\eclipse-workspace\calculator\src\test\resources
2026-09-24 12:23:00,462 [Worker-54: Launching AppTest] WARN  o.apache.maven.project.MavenProject - Direct modification of compileSourceRoots through clear() is deprecated and will not work in Maven 4.0.0. Please use the add/remove methods instead. If you're using a plugin that causes this warning, please upgrade to the latest version and report an issue if the warning persists. To disable these warnings, set -Dmaven.project.sourceRoots.warningsDisabled=true on the command line, in the .mvn/maven.config file, or in project POM properties.
2026-09-24 12:23:00,462 [Worker-54: Launching AppTest] WARN  o.apache.maven.project.MavenProject - Direct modification of compileSourceRoots through add() is deprecated and will not work in Maven 4.0.0. Please use the add/remove methods instead. If you're using a plugin that causes this warning, please upgrade to the latest version and report an issue if the warning persists. To disable these warnings, set -Dmaven.project.sourceRoots.warningsDisabled=true on the command line, in the .mvn/maven.config file, or in project POM properties.
2026-09-24 12:23:00,463 [Worker-54: Launching AppTest] WARN  o.apache.maven.project.MavenProject - Direct modification of testCompileSourceRoots through clear() is deprecated and will not work in Maven 4.0.0. Please use the add/remove methods instead. If you're using a plugin that causes this warning, please upgrade to the latest version and report an issue if the warning persists. To disable these warnings, set -Dmaven.project.sourceRoots.warningsDisabled=true on the command line, in the .mvn/maven.config file, or in project POM properties.
2026-09-24 12:23:00,463 [Worker-54: Launching AppTest] WARN  o.apache.maven.project.MavenProject - Direct modification of testCompileSourceRoots through add() is deprecated and will not work in Maven 4.0.0. Please use the add/remove methods instead. If you're using a plugin that causes this warning, please upgrade to the latest version and report an issue if the warning persists. To disable these warnings, set -Dmaven.project.sourceRoots.warningsDisabled=true on the command line, in the .mvn/maven.config file, or in project POM properties.
2026-09-24 12:29:49,856 [Worker-61: Launching Executing clean in C__Users_Student-A_eclipse-workspace_calculator] INFO  o.eclipse.m2e.core.internal.Bundles - getClasspathEntries(Bundle=org.eclipse.m2e.maven.runtime_3.9.1100.20250811-2018 [642])
2026-09-24 12:29:49,856 [Worker-61: Launching Executing clean in C__Users_Student-A_eclipse-workspace_calculator] INFO  o.eclipse.m2e.core.internal.Bundles - 	Entry: C:\Program Files\eclipse\plugins\org.eclipse.m2e.maven.runtime_3.9.1100.20250811-2018
2026-09-24 12:29:49,856 [Worker-61: Launching Executing clean in C__Users_Student-A_eclipse-workspace_calculator] INFO  o.eclipse.m2e.core.internal.Bundles - 	Entry: C:\Program Files\eclipse\plugins\org.eclipse.m2e.maven.runtime_3.9.1100.20250811-2018\jars\aopalliance-1.0.jar
2026-09-24 12:29:49,856 [Worker-61: Launching Executing clean in C__Users_Student-A_eclipse-workspace_calculator] INFO  o.eclipse.m2e.core.internal.Bundles - 	Entry: C:\Program Files\eclipse\plugins\org.eclipse.m2e.maven.runtime_3.9.1100.20250811-2018\jars\asm-9.8.jar
2026-09-24 12:29:49,856 [Worker-61: Launching Executing clean in C__Users_Student-A_eclipse-workspace_calculator] INFO  o.eclipse.m2e.core.internal.Bundles - 	Entry: C:\Program Files\eclipse\plugins\org.eclipse.m2e.maven.runtime_3.9.1100.20250811-2018\jars\error_prone_annotations-2.38.0.jar
2026-09-24 12:29:49,856 [Worker-61: Launching Executing clean in C__Users_Student-A_eclipse-workspace_calculator] INFO  o.eclipse.m2e.core.internal.Bundles - 	Entry: C:\Program Files\eclipse\plugins\org.eclipse.m2e.maven.runtime_3.9.1100.20250811-2018\jars\gson-2.13.1.jar
2026-09-24 12:29:49,856 [Worker-61: Launching Executing clean in C__Users_Student-A_eclipse-workspace_calculator] INFO  o.eclipse.m2e.core.internal.Bundles - 	Entry: C:\Program Files\eclipse\plugins\org.eclipse.m2e.maven.runtime_3.9.1100.20250811-2018\jars\guice-5.1.0-classes.jar
2026-09-24 12:29:49,856 [Worker-61: Launching Executing clean in C__Users_Student-A_eclipse-workspace_calculator] INFO  o.eclipse.m2e.core.internal.Bundles - 	Entry: C:\Program Files\eclipse\plugins\org.eclipse.m2e.maven.runtime_3.9.1100.20250811-2018\jars\httpclient-4.5.14.jar
2026-09-24 12:29:49,856 [Worker-61: Launching Executing clean in C__Users_Student-A_eclipse-workspace_calculator] INFO  o.eclipse.m2e.core.internal.Bundles - 	Entry: C:\Program Files\eclipse\plugins\org.eclipse.m2e.maven.runtime_3.9.1100.20250811-2018\jars\httpcore-4.4.16.jar
2026-09-24 12:29:49,856 [Worker-61: Launching Executing clean in C__Users_Student-A_eclipse-workspace_calculator] INFO  o.eclipse.m2e.core.internal.Bundles - 	Entry: C:\Program Files\eclipse\plugins\org.eclipse.m2e.maven.runtime_3.9.1100.20250811-2018\jars\jansi-2.4.2.jar
2026-09-24 12:29:49,857 [Worker-61: Launching Executing clean in C__Users_Student-A_eclipse-workspace_calculator] INFO  o.eclipse.m2e.core.internal.Bundles - 	Entry: C:\Program Files\eclipse\plugins\org.eclipse.m2e.maven.runtime_3.9.1100.20250811-2018\jars\jcl-over-slf4j-1.7.36.jar
2026-09-24 12:29:49,857 [Worker-61: Launching Executing clean in C__Users_Student-A_eclipse-workspace_calculator] INFO  o.eclipse.m2e.core.internal.Bundles - 	Entry: C:\Program Files\eclipse\plugins\org.eclipse.m2e.maven.runtime_3.9.1100.20250811-2018\jars\maven-artifact-3.9.11.jar
2026-09-24 12:29:49,857 [Worker-61: Launching Executing clean in C__Users_Student-A_eclipse-workspace_calculator] INFO  o.eclipse.m2e.core.internal.Bundles - 	Entry: C:\Program Files\eclipse\plugins\org.eclipse.m2e.maven.runtime_3.9.1100.20250811-2018\jars\maven-builder-support-3.9.11.jar
2026-09-24 12:29:49,857 [Worker-61: Launching Executing clean in C__Users_Student-A_eclipse-workspace_calculator] INFO  o.eclipse.m2e.core.internal.Bundles - 	Entry: C:\Program Files\eclipse\plugins\org.eclipse.m2e.maven.runtime_3.9.1100.20250811-2018\jars\maven-compat-3.9.11.jar
2026-09-24 12:29:49,857 [Worker-61: Launching Executing clean in C__Users_Student-A_eclipse-workspace_calculator] INFO  o.eclipse.m2e.core.internal.Bundles - 	Entry: C:\Program Files\eclipse\plugins\org.eclipse.m2e.maven.runtime_3.9.1100.20250811-2018\jars\maven-core-3.9.11.jar
2026-09-24 12:29:49,857 [Worker-61: Launching Executing clean in C__Users_Student-A_eclipse-workspace_calculator] INFO  o.eclipse.m2e.core.internal.Bundles - 	Entry: C:\Program Files\eclipse\plugins\org.eclipse.m2e.maven.runtime_3.9.1100.20250811-2018\jars\maven-embedder-3.9.11.jar
2026-09-24 12:29:49,857 [Worker-61: Launching Executing clean in C__Users_Student-A_eclipse-workspace_calculator] INFO  o.eclipse.m2e.core.internal.Bundles - 	Entry: C:\Program Files\eclipse\plugins\org.eclipse.m2e.maven.runtime_3.9.1100.20250811-2018\jars\maven-model-3.9.11.jar
2026-09-24 12:29:49,857 [Worker-61: Launching Executing clean in C__Users_Student-A_eclipse-workspace_calculator] INFO  o.eclipse.m2e.core.internal.Bundles - 	Entry: C:\Program Files\eclipse\plugins\org.eclipse.m2e.maven.runtime_3.9.1100.20250811-2018\jars\maven-model-builder-3.9.11.jar
2026-09-24 12:29:49,857 [Worker-61: Launching Executing clean in C__Users_Student-A_eclipse-workspace_calculator] INFO  o.eclipse.m2e.core.internal.Bundles - 	Entry: C:\Program Files\eclipse\plugins\org.eclipse.m2e.maven.runtime_3.9.1100.20250811-2018\jars\maven-plugin-api-3.9.11.jar
2026-09-24 12:29:49,857 [Worker-61: Launching Executing clean in C__Users_Student-A_eclipse-workspace_calculator] INFO  o.eclipse.m2e.core.internal.Bundles - 	Entry: C:\Program Files\eclipse\plugins\org.eclipse.m2e.maven.runtime_3.9.1100.20250811-2018\jars\maven-repository-metadata-3.9.11.jar
2026-09-24 12:29:49,857 [Worker-61: Launching Executing clean in C__Users_Student-A_eclipse-workspace_calculator] INFO  o.eclipse.m2e.core.internal.Bundles - 	Entry: C:\Program Files\eclipse\plugins\org.eclipse.m2e.maven.runtime_3.9.1100.20250811-2018\jars\maven-resolver-api-1.9.24.jar
2026-09-24 12:29:49,857 [Worker-61: Launching Executing clean in C__Users_Student-A_eclipse-workspace_calculator] INFO  o.eclipse.m2e.core.internal.Bundles - 	Entry: C:\Program Files\eclipse\plugins\org.eclipse.m2e.maven.runtime_3.9.1100.20250811-2018\jars\maven-resolver-connector-basic-1.9.24.jar
2026-09-24 12:29:49,857 [Worker-61: Launching Executing clean in C__Users_Student-A_eclipse-workspace_calculator] INFO  o.eclipse.m2e.core.internal.Bundles - 	Entry: C:\Program Files\eclipse\plugins\org.eclipse.m2e.maven.runtime_3.9.1100.20250811-2018\jars\maven-resolver-impl-1.9.24.jar
2026-09-24 12:29:49,857 [Worker-61: Launching Executing clean in C__Users_Student-A_eclipse-workspace_calculator] INFO  o.eclipse.m2e.core.internal.Bundles - 	Entry: C:\Program Files\eclipse\plugins\org.eclipse.m2e.maven.runtime_3.9.1100.20250811-2018\jars\maven-resolver-named-locks-1.9.24.jar
2026-09-24 12:29:49,858 [Worker-61: Launching Executing clean in C__Users_Student-A_eclipse-workspace_calculator] INFO  o.eclipse.m2e.core.internal.Bundles - 	Entry: C:\Program Files\eclipse\plugins\org.eclipse.m2e.maven.runtime_3.9.1100.20250811-2018\jars\maven-resolver-provider-3.9.11.jar
2026-09-24 12:29:49,858 [Worker-61: Launching Executing clean in C__Users_Student-A_eclipse-workspace_calculator] INFO  o.eclipse.m2e.core.internal.Bundles - 	Entry: C:\Program Files\eclipse\plugins\org.eclipse.m2e.maven.runtime_3.9.1100.20250811-2018\jars\maven-resolver-spi-1.9.24.jar
2026-09-24 12:29:49,858 [Worker-61: Launching Executing clean in C__Users_Student-A_eclipse-workspace_calculator] INFO  o.eclipse.m2e.core.internal.Bundles - 	Entry: C:\Program Files\eclipse\plugins\org.eclipse.m2e.maven.runtime_3.9.1100.20250811-2018\jars\maven-resolver-transport-file-1.9.24.jar
2026-09-24 12:29:49,858 [Worker-61: Launching Executing clean in C__Users_Student-A_eclipse-workspace_calculator] INFO  o.eclipse.m2e.core.internal.Bundles - 	Entry: C:\Program Files\eclipse\plugins\org.eclipse.m2e.maven.runtime_3.9.1100.20250811-2018\jars\maven-resolver-transport-http-1.9.24.jar
2026-09-24 12:29:49,858 [Worker-61: Launching Executing clean in C__Users_Student-A_eclipse-workspace_calculator] INFO  o.eclipse.m2e.core.internal.Bundles - 	Entry: C:\Program Files\eclipse\plugins\org.eclipse.m2e.maven.runtime_3.9.1100.20250811-2018\jars\maven-resolver-transport-wagon-1.9.24.jar
2026-09-24 12:29:49,858 [Worker-61: Launching Executing clean in C__Users_Student-A_eclipse-workspace_calculator] INFO  o.eclipse.m2e.core.internal.Bundles - 	Entry: C:\Program Files\eclipse\plugins\org.eclipse.m2e.maven.runtime_3.9.1100.20250811-2018\jars\maven-resolver-util-1.9.24.jar
2026-09-24 12:29:49,858 [Worker-61: Launching Executing clean in C__Users_Student-A_eclipse-workspace_calculator] INFO  o.eclipse.m2e.core.internal.Bundles - 	Entry: C:\Program Files\eclipse\plugins\org.eclipse.m2e.maven.runtime_3.9.1100.20250811-2018\jars\maven-settings-3.9.11.jar
2026-09-24 12:29:49,858 [Worker-61: Launching Executing clean in C__Users_Student-A_eclipse-workspace_calculator] INFO  o.eclipse.m2e.core.internal.Bundles - 	Entry: C:\Program Files\eclipse\plugins\org.eclipse.m2e.maven.runtime_3.9.1100.20250811-2018\jars\maven-settings-builder-3.9.11.jar
2026-09-24 12:29:49,858 [Worker-61: Launching Executing clean in C__Users_Student-A_eclipse-workspace_calculator] INFO  o.eclipse.m2e.core.internal.Bundles - 	Entry: C:\Program Files\eclipse\plugins\org.eclipse.m2e.maven.runtime_3.9.1100.20250811-2018\jars\maven-shared-utils-3.4.2.jar
2026-09-24 12:29:49,858 [Worker-61: Launching Executing clean in C__Users_Student-A_eclipse-workspace_calculator] INFO  o.eclipse.m2e.core.internal.Bundles - 	Entry: C:\Program Files\eclipse\plugins\org.eclipse.m2e.maven.runtime_3.9.1100.20250811-2018\jars\org.eclipse.sisu.inject-0.9.0.M4.jar
2026-09-24 12:29:49,858 [Worker-61: Launching Executing clean in C__Users_Student-A_eclipse-workspace_calculator] INFO  o.eclipse.m2e.core.internal.Bundles - 	Entry: C:\Program Files\eclipse\plugins\org.eclipse.m2e.maven.runtime_3.9.1100.20250811-2018\jars\org.eclipse.sisu.plexus-0.9.0.M4.jar
2026-09-24 12:29:49,858 [Worker-61: Launching Executing clean in C__Users_Student-A_eclipse-workspace_calculator] INFO  o.eclipse.m2e.core.internal.Bundles - 	Entry: C:\Program Files\eclipse\plugins\org.eclipse.m2e.maven.runtime_3.9.1100.20250811-2018\jars\plexus-build-api-0.0.7.jar
2026-09-24 12:29:49,858 [Worker-61: Launching Executing clean in C__Users_Student-A_eclipse-workspace_calculator] INFO  o.eclipse.m2e.core.internal.Bundles - 	Entry: C:\Program Files\eclipse\plugins\org.eclipse.m2e.maven.runtime_3.9.1100.20250811-2018\jars\plexus-build-api-1.2.0.jar
2026-09-24 12:29:49,858 [Worker-61: Launching Executing clean in C__Users_Student-A_eclipse-workspace_calculator] INFO  o.eclipse.m2e.core.internal.Bundles - 	Entry: C:\Program Files\eclipse\plugins\org.eclipse.m2e.maven.runtime_3.9.1100.20250811-2018\jars\plexus-cipher-2.0.jar
2026-09-24 12:29:49,858 [Worker-61: Launching Executing clean in C__Users_Student-A_eclipse-workspace_calculator] INFO  o.eclipse.m2e.core.internal.Bundles - 	Entry: C:\Program Files\eclipse\plugins\org.eclipse.m2e.maven.runtime_3.9.1100.20250811-2018\jars\plexus-classworlds-2.9.0.jar
2026-09-24 12:29:49,858 [Worker-61: Launching Executing clean in C__Users_Student-A_eclipse-workspace_calculator] INFO  o.eclipse.m2e.core.internal.Bundles - 	Entry: C:\Program Files\eclipse\plugins\org.eclipse.m2e.maven.runtime_3.9.1100.20250811-2018\jars\plexus-component-annotations-2.2.0.jar
2026-09-24 12:29:49,858 [Worker-61: Launching Executing clean in C__Users_Student-A_eclipse-workspace_calculator] INFO  o.eclipse.m2e.core.internal.Bundles - 	Entry: C:\Program Files\eclipse\plugins\org.eclipse.m2e.maven.runtime_3.9.1100.20250811-2018\jars\plexus-interpolation-1.28.jar
2026-09-24 12:29:49,858 [Worker-61: Launching Executing clean in C__Users_Student-A_eclipse-workspace_calculator] INFO  o.eclipse.m2e.core.internal.Bundles - 	Entry: C:\Program Files\eclipse\plugins\org.eclipse.m2e.maven.runtime_3.9.1100.20250811-2018\jars\plexus-sec-dispatcher-2.0.jar
2026-09-24 12:29:49,859 [Worker-61: Launching Executing clean in C__Users_Student-A_eclipse-workspace_calculator] INFO  o.eclipse.m2e.core.internal.Bundles - 	Entry: C:\Program Files\eclipse\plugins\org.eclipse.m2e.maven.runtime_3.9.1100.20250811-2018\jars\plexus-utils-3.6.0.jar
2026-09-24 12:29:49,859 [Worker-61: Launching Executing clean in C__Users_Student-A_eclipse-workspace_calculator] INFO  o.eclipse.m2e.core.internal.Bundles - 	Entry: C:\Program Files\eclipse\plugins\org.eclipse.m2e.maven.runtime_3.9.1100.20250811-2018\jars\wagon-file-3.5.3.jar
2026-09-24 12:29:49,859 [Worker-61: Launching Executing clean in C__Users_Student-A_eclipse-workspace_calculator] INFO  o.eclipse.m2e.core.internal.Bundles - 	Entry: C:\Program Files\eclipse\plugins\org.eclipse.m2e.maven.runtime_3.9.1100.20250811-2018\jars\wagon-http-3.5.3.jar
2026-09-24 12:29:49,859 [Worker-61: Launching Executing clean in C__Users_Student-A_eclipse-workspace_calculator] INFO  o.eclipse.m2e.core.internal.Bundles - 	Entry: C:\Program Files\eclipse\plugins\org.eclipse.m2e.maven.runtime_3.9.1100.20250811-2018\jars\wagon-http-shared-3.5.3.jar
2026-09-24 12:29:49,859 [Worker-61: Launching Executing clean in C__Users_Student-A_eclipse-workspace_calculator] INFO  o.eclipse.m2e.core.internal.Bundles - 	Entry: C:\Program Files\eclipse\plugins\org.eclipse.m2e.maven.runtime_3.9.1100.20250811-2018\jars\wagon-provider-api-3.5.3.jar
2026-09-24 12:29:49,859 [Worker-61: Launching Executing clean in C__Users_Student-A_eclipse-workspace_calculator] INFO  o.eclipse.m2e.core.internal.Bundles - getClasspathEntries(Bundle=com.google.guava_33.4.8.jre [18])
2026-09-24 12:29:49,859 [Worker-61: Launching Executing clean in C__Users_Student-A_eclipse-workspace_calculator] INFO  o.eclipse.m2e.core.internal.Bundles - 	Entry: C:\Program Files\eclipse\plugins\com.google.guava_33.4.8.jre.jar
2026-09-24 12:29:49,859 [Worker-61: Launching Executing clean in C__Users_Student-A_eclipse-workspace_calculator] INFO  o.eclipse.m2e.core.internal.Bundles - getClasspathEntries(Bundle=slf4j.api_2.0.17 [1007])
2026-09-24 12:29:49,859 [Worker-61: Launching Executing clean in C__Users_Student-A_eclipse-workspace_calculator] INFO  o.eclipse.m2e.core.internal.Bundles - 	Entry: C:\Program Files\eclipse\plugins\slf4j.api_2.0.17.jar
2026-09-24 12:29:49,859 [Worker-61: Launching Executing clean in C__Users_Student-A_eclipse-workspace_calculator] INFO  o.eclipse.m2e.core.internal.Bundles - getClasspathEntries(Bundle=jakarta.inject.jakarta.inject-api_1.0.5 [35])
2026-09-24 12:29:49,859 [Worker-61: Launching Executing clean in C__Users_Student-A_eclipse-workspace_calculator] INFO  o.eclipse.m2e.core.internal.Bundles - 	Entry: C:\Program Files\eclipse\plugins\jakarta.inject.jakarta.inject-api_1.0.5.jar
2026-09-24 12:29:49,859 [Worker-61: Launching Executing clean in C__Users_Student-A_eclipse-workspace_calculator] INFO  o.eclipse.m2e.core.internal.Bundles - getClasspathEntries(Bundle=jakarta.annotation-api_1.3.5 [31])
2026-09-24 12:29:49,859 [Worker-61: Launching Executing clean in C__Users_Student-A_eclipse-workspace_calculator] INFO  o.eclipse.m2e.core.internal.Bundles - 	Entry: C:\Program Files\eclipse\plugins\jakarta.annotation-api_1.3.5.jar
2026-09-24 12:29:49,859 [Worker-61: Launching Executing clean in C__Users_Student-A_eclipse-workspace_calculator] INFO  o.eclipse.m2e.core.internal.Bundles - getClasspathEntries(Bundle=org.apache.commons.cli_1.10.0 [75])
2026-09-24 12:29:49,859 [Worker-61: Launching Executing clean in C__Users_Student-A_eclipse-workspace_calculator] INFO  o.eclipse.m2e.core.internal.Bundles - 	Entry: C:\Program Files\eclipse\plugins\org.apache.commons.cli_1.10.0.jar
2026-09-24 12:29:49,859 [Worker-61: Launching Executing clean in C__Users_Student-A_eclipse-workspace_calculator] INFO  o.eclipse.m2e.core.internal.Bundles - getClasspathEntries(Bundle=org.apache.commons.commons-codec_1.19.0 [77])
2026-09-24 12:29:49,860 [Worker-61: Launching Executing clean in C__Users_Student-A_eclipse-workspace_calculator] INFO  o.eclipse.m2e.core.internal.Bundles - 	Entry: C:\Program Files\eclipse\plugins\org.apache.commons.commons-codec_1.19.0.jar
2026-09-24 12:29:49,860 [Worker-61: Launching Executing clean in C__Users_Student-A_eclipse-workspace_calculator] INFO  o.eclipse.m2e.core.internal.Bundles - getClasspathEntries(Bundle=com.google.guava.failureaccess_1.0.3 [19])
2026-09-24 12:29:49,860 [Worker-61: Launching Executing clean in C__Users_Student-A_eclipse-workspace_calculator] INFO  o.eclipse.m2e.core.internal.Bundles - 	Entry: C:\Program Files\eclipse\plugins\com.google.guava.failureaccess_1.0.3.jar
2026-09-24 12:29:49,861 [Worker-61: Launching Executing clean in C__Users_Student-A_eclipse-workspace_calculator] INFO  o.e.m.i.launch.MavenLaunchDelegate - Run build in "C:\Users\Student-A\eclipse-workspace\calculator":
2026-09-24 12:29:49,861 [Worker-61: Launching Executing clean in C__Users_Student-A_eclipse-workspace_calculator] INFO  o.e.m.i.launch.MavenLaunchDelegate -  mvn  -B -Dstyle.color=always clean
2026-09-24 12:29:50,996 [Worker-62: Building] INFO  o.a.m.s.f.DefaultMavenResourcesFiltering - skip non existing resourceDirectory C:\Users\Student-A\eclipse-workspace\calculator\src\main\resources
2026-09-24 12:29:50,997 [Worker-62: Building] INFO  o.a.m.s.f.DefaultMavenResourcesFiltering - skip non existing resourceDirectory C:\Users\Student-A\eclipse-workspace\calculator\src\test\resources
2026-09-24 12:29:51,005 [Worker-62: Building] WARN  o.apache.maven.project.MavenProject - Direct modification of compileSourceRoots through clear() is deprecated and will not work in Maven 4.0.0. Please use the add/remove methods instead. If you're using a plugin that causes this warning, please upgrade to the latest version and report an issue if the warning persists. To disable these warnings, set -Dmaven.project.sourceRoots.warningsDisabled=true on the command line, in the .mvn/maven.config file, or in project POM properties.
2026-09-24 12:29:51,006 [Worker-62: Building] WARN  o.apache.maven.project.MavenProject - Direct modification of compileSourceRoots through add() is deprecated and will not work in Maven 4.0.0. Please use the add/remove methods instead. If you're using a plugin that causes this warning, please upgrade to the latest version and report an issue if the warning persists. To disable these warnings, set -Dmaven.project.sourceRoots.warningsDisabled=true on the command line, in the .mvn/maven.config file, or in project POM properties.
2026-09-24 12:29:51,007 [Worker-62: Building] WARN  o.apache.maven.project.MavenProject - Direct modification of testCompileSourceRoots through clear() is deprecated and will not work in Maven 4.0.0. Please use the add/remove methods instead. If you're using a plugin that causes this warning, please upgrade to the latest version and report an issue if the warning persists. To disable these warnings, set -Dmaven.project.sourceRoots.warningsDisabled=true on the command line, in the .mvn/maven.config file, or in project POM properties.
2026-09-24 12:29:51,007 [Worker-62: Building] WARN  o.apache.maven.project.MavenProject - Direct modification of testCompileSourceRoots through add() is deprecated and will not work in Maven 4.0.0. Please use the add/remove methods instead. If you're using a plugin that causes this warning, please upgrade to the latest version and report an issue if the warning persists. To disable these warnings, set -Dmaven.project.sourceRoots.warningsDisabled=true on the command line, in the .mvn/maven.config file, or in project POM properties.
2026-09-24 12:30:57,071 [main] INFO  o.e.m2e.actions.ExecutePomAction - Creating new launch configuration
2026-09-24 12:31:17,070 [Worker-65: Launching calculator] INFO  o.eclipse.m2e.core.internal.Bundles - getClasspathEntries(Bundle=org.eclipse.m2e.maven.runtime_3.9.1100.20250811-2018 [642])
2026-09-24 12:31:17,071 [Worker-65: Launching calculator] INFO  o.eclipse.m2e.core.internal.Bundles - 	Entry: C:\Program Files\eclipse\plugins\org.eclipse.m2e.maven.runtime_3.9.1100.20250811-2018
2026-09-24 12:31:17,071 [Worker-65: Launching calculator] INFO  o.eclipse.m2e.core.internal.Bundles - 	Entry: C:\Program Files\eclipse\plugins\org.eclipse.m2e.maven.runtime_3.9.1100.20250811-2018\jars\aopalliance-1.0.jar
2026-09-24 12:31:17,071 [Worker-65: Launching calculator] INFO  o.eclipse.m2e.core.internal.Bundles - 	Entry: C:\Program Files\eclipse\plugins\org.eclipse.m2e.maven.runtime_3.9.1100.20250811-2018\jars\asm-9.8.jar
2026-09-24 12:31:17,071 [Worker-65: Launching calculator] INFO  o.eclipse.m2e.core.internal.Bundles - 	Entry: C:\Program Files\eclipse\plugins\org.eclipse.m2e.maven.runtime_3.9.1100.20250811-2018\jars\error_prone_annotations-2.38.0.jar
2026-09-24 12:31:17,071 [Worker-65: Launching calculator] INFO  o.eclipse.m2e.core.internal.Bundles - 	Entry: C:\Program Files\eclipse\plugins\org.eclipse.m2e.maven.runtime_3.9.1100.20250811-2018\jars\gson-2.13.1.jar
2026-09-24 12:31:17,071 [Worker-65: Launching calculator] INFO  o.eclipse.m2e.core.internal.Bundles - 	Entry: C:\Program Files\eclipse\plugins\org.eclipse.m2e.maven.runtime_3.9.1100.20250811-2018\jars\guice-5.1.0-classes.jar
2026-09-24 12:31:17,071 [Worker-65: Launching calculator] INFO  o.eclipse.m2e.core.internal.Bundles - 	Entry: C:\Program Files\eclipse\plugins\org.eclipse.m2e.maven.runtime_3.9.1100.20250811-2018\jars\httpclient-4.5.14.jar
2026-09-24 12:31:17,071 [Worker-65: Launching calculator] INFO  o.eclipse.m2e.core.internal.Bundles - 	Entry: C:\Program Files\eclipse\plugins\org.eclipse.m2e.maven.runtime_3.9.1100.20250811-2018\jars\httpcore-4.4.16.jar
2026-09-24 12:31:17,071 [Worker-65: Launching calculator] INFO  o.eclipse.m2e.core.internal.Bundles - 	Entry: C:\Program Files\eclipse\plugins\org.eclipse.m2e.maven.runtime_3.9.1100.20250811-2018\jars\jansi-2.4.2.jar
2026-09-24 12:31:17,071 [Worker-65: Launching calculator] INFO  o.eclipse.m2e.core.internal.Bundles - 	Entry: C:\Program Files\eclipse\plugins\org.eclipse.m2e.maven.runtime_3.9.1100.20250811-2018\jars\jcl-over-slf4j-1.7.36.jar
2026-09-24 12:31:17,072 [Worker-65: Launching calculator] INFO  o.eclipse.m2e.core.internal.Bundles - 	Entry: C:\Program Files\eclipse\plugins\org.eclipse.m2e.maven.runtime_3.9.1100.20250811-2018\jars\maven-artifact-3.9.11.jar
2026-09-24 12:31:17,072 [Worker-65: Launching calculator] INFO  o.eclipse.m2e.core.internal.Bundles - 	Entry: C:\Program Files\eclipse\plugins\org.eclipse.m2e.maven.runtime_3.9.1100.20250811-2018\jars\maven-builder-support-3.9.11.jar
2026-09-24 12:31:17,072 [Worker-65: Launching calculator] INFO  o.eclipse.m2e.core.internal.Bundles - 	Entry: C:\Program Files\eclipse\plugins\org.eclipse.m2e.maven.runtime_3.9.1100.20250811-2018\jars\maven-compat-3.9.11.jar
2026-09-24 12:31:17,072 [Worker-65: Launching calculator] INFO  o.eclipse.m2e.core.internal.Bundles - 	Entry: C:\Program Files\eclipse\plugins\org.eclipse.m2e.maven.runtime_3.9.1100.20250811-2018\jars\maven-core-3.9.11.jar
2026-09-24 12:31:17,072 [Worker-65: Launching calculator] INFO  o.eclipse.m2e.core.internal.Bundles - 	Entry: C:\Program Files\eclipse\plugins\org.eclipse.m2e.maven.runtime_3.9.1100.20250811-2018\jars\maven-embedder-3.9.11.jar
2026-09-24 12:31:17,072 [Worker-65: Launching calculator] INFO  o.eclipse.m2e.core.internal.Bundles - 	Entry: C:\Program Files\eclipse\plugins\org.eclipse.m2e.maven.runtime_3.9.1100.20250811-2018\jars\maven-model-3.9.11.jar
2026-09-24 12:31:17,072 [Worker-65: Launching calculator] INFO  o.eclipse.m2e.core.internal.Bundles - 	Entry: C:\Program Files\eclipse\plugins\org.eclipse.m2e.maven.runtime_3.9.1100.20250811-2018\jars\maven-model-builder-3.9.11.jar
2026-09-24 12:31:17,072 [Worker-65: Launching calculator] INFO  o.eclipse.m2e.core.internal.Bundles - 	Entry: C:\Program Files\eclipse\plugins\org.eclipse.m2e.maven.runtime_3.9.1100.20250811-2018\jars\maven-plugin-api-3.9.11.jar
2026-09-24 12:31:17,072 [Worker-65: Launching calculator] INFO  o.eclipse.m2e.core.internal.Bundles - 	Entry: C:\Program Files\eclipse\plugins\org.eclipse.m2e.maven.runtime_3.9.1100.20250811-2018\jars\maven-repository-metadata-3.9.11.jar
2026-09-24 12:31:17,072 [Worker-65: Launching calculator] INFO  o.eclipse.m2e.core.internal.Bundles - 	Entry: C:\Program Files\eclipse\plugins\org.eclipse.m2e.maven.runtime_3.9.1100.20250811-2018\jars\maven-resolver-api-1.9.24.jar
2026-09-24 12:31:17,072 [Worker-65: Launching calculator] INFO  o.eclipse.m2e.core.internal.Bundles - 	Entry: C:\Program Files\eclipse\plugins\org.eclipse.m2e.maven.runtime_3.9.1100.20250811-2018\jars\maven-resolver-connector-basic-1.9.24.jar
2026-09-24 12:31:17,072 [Worker-65: Launching calculator] INFO  o.eclipse.m2e.core.internal.Bundles - 	Entry: C:\Program Files\eclipse\plugins\org.eclipse.m2e.maven.runtime_3.9.1100.20250811-2018\jars\maven-resolver-impl-1.9.24.jar
2026-09-24 12:31:17,072 [Worker-65: Launching calculator] INFO  o.eclipse.m2e.core.internal.Bundles - 	Entry: C:\Program Files\eclipse\plugins\org.eclipse.m2e.maven.runtime_3.9.1100.20250811-2018\jars\maven-resolver-named-locks-1.9.24.jar
2026-09-24 12:31:17,072 [Worker-65: Launching calculator] INFO  o.eclipse.m2e.core.internal.Bundles - 	Entry: C:\Program Files\eclipse\plugins\org.eclipse.m2e.maven.runtime_3.9.1100.20250811-2018\jars\maven-resolver-provider-3.9.11.jar
2026-09-24 12:31:17,072 [Worker-65: Launching calculator] INFO  o.eclipse.m2e.core.internal.Bundles - 	Entry: C:\Program Files\eclipse\plugins\org.eclipse.m2e.maven.runtime_3.9.1100.20250811-2018\jars\maven-resolver-spi-1.9.24.jar
2026-09-24 12:31:17,072 [Worker-65: Launching calculator] INFO  o.eclipse.m2e.core.internal.Bundles - 	Entry: C:\Program Files\eclipse\plugins\org.eclipse.m2e.maven.runtime_3.9.1100.20250811-2018\jars\maven-resolver-transport-file-1.9.24.jar
2026-09-24 12:31:17,073 [Worker-65: Launching calculator] INFO  o.eclipse.m2e.core.internal.Bundles - 	Entry: C:\Program Files\eclipse\plugins\org.eclipse.m2e.maven.runtime_3.9.1100.20250811-2018\jars\maven-resolver-transport-http-1.9.24.jar
2026-09-24 12:31:17,073 [Worker-65: Launching calculator] INFO  o.eclipse.m2e.core.internal.Bundles - 	Entry: C:\Program Files\eclipse\plugins\org.eclipse.m2e.maven.runtime_3.9.1100.20250811-2018\jars\maven-resolver-transport-wagon-1.9.24.jar
2026-09-24 12:31:17,073 [Worker-65: Launching calculator] INFO  o.eclipse.m2e.core.internal.Bundles - 	Entry: C:\Program Files\eclipse\plugins\org.eclipse.m2e.maven.runtime_3.9.1100.20250811-2018\jars\maven-resolver-util-1.9.24.jar
2026-09-24 12:31:17,073 [Worker-65: Launching calculator] INFO  o.eclipse.m2e.core.internal.Bundles - 	Entry: C:\Program Files\eclipse\plugins\org.eclipse.m2e.maven.runtime_3.9.1100.20250811-2018\jars\maven-settings-3.9.11.jar
2026-09-24 12:31:17,073 [Worker-65: Launching calculator] INFO  o.eclipse.m2e.core.internal.Bundles - 	Entry: C:\Program Files\eclipse\plugins\org.eclipse.m2e.maven.runtime_3.9.1100.20250811-2018\jars\maven-settings-builder-3.9.11.jar
2026-09-24 12:31:17,073 [Worker-65: Launching calculator] INFO  o.eclipse.m2e.core.internal.Bundles - 	Entry: C:\Program Files\eclipse\plugins\org.eclipse.m2e.maven.runtime_3.9.1100.20250811-2018\jars\maven-shared-utils-3.4.2.jar
2026-09-24 12:31:17,073 [Worker-65: Launching calculator] INFO  o.eclipse.m2e.core.internal.Bundles - 	Entry: C:\Program Files\eclipse\plugins\org.eclipse.m2e.maven.runtime_3.9.1100.20250811-2018\jars\org.eclipse.sisu.inject-0.9.0.M4.jar
2026-09-24 12:31:17,073 [Worker-65: Launching calculator] INFO  o.eclipse.m2e.core.internal.Bundles - 	Entry: C:\Program Files\eclipse\plugins\org.eclipse.m2e.maven.runtime_3.9.1100.20250811-2018\jars\org.eclipse.sisu.plexus-0.9.0.M4.jar
2026-09-24 12:31:17,073 [Worker-65: Launching calculator] INFO  o.eclipse.m2e.core.internal.Bundles - 	Entry: C:\Program Files\eclipse\plugins\org.eclipse.m2e.maven.runtime_3.9.1100.20250811-2018\jars\plexus-build-api-0.0.7.jar
2026-09-24 12:31:17,073 [Worker-65: Launching calculator] INFO  o.eclipse.m2e.core.internal.Bundles - 	Entry: C:\Program Files\eclipse\plugins\org.eclipse.m2e.maven.runtime_3.9.1100.20250811-2018\jars\plexus-build-api-1.2.0.jar
2026-09-24 12:31:17,073 [Worker-65: Launching calculator] INFO  o.eclipse.m2e.core.internal.Bundles - 	Entry: C:\Program Files\eclipse\plugins\org.eclipse.m2e.maven.runtime_3.9.1100.20250811-2018\jars\plexus-cipher-2.0.jar
2026-09-24 12:31:17,073 [Worker-65: Launching calculator] INFO  o.eclipse.m2e.core.internal.Bundles - 	Entry: C:\Program Files\eclipse\plugins\org.eclipse.m2e.maven.runtime_3.9.1100.20250811-2018\jars\plexus-classworlds-2.9.0.jar
2026-09-24 12:31:17,073 [Worker-65: Launching calculator] INFO  o.eclipse.m2e.core.internal.Bundles - 	Entry: C:\Program Files\eclipse\plugins\org.eclipse.m2e.maven.runtime_3.9.1100.20250811-2018\jars\plexus-component-annotations-2.2.0.jar
2026-09-24 12:31:17,073 [Worker-65: Launching calculator] INFO  o.eclipse.m2e.core.internal.Bundles - 	Entry: C:\Program Files\eclipse\plugins\org.eclipse.m2e.maven.runtime_3.9.1100.20250811-2018\jars\plexus-interpolation-1.28.jar
2026-09-24 12:31:17,073 [Worker-65: Launching calculator] INFO  o.eclipse.m2e.core.internal.Bundles - 	Entry: C:\Program Files\eclipse\plugins\org.eclipse.m2e.maven.runtime_3.9.1100.20250811-2018\jars\plexus-sec-dispatcher-2.0.jar
2026-09-24 12:31:17,073 [Worker-65: Launching calculator] INFO  o.eclipse.m2e.core.internal.Bundles - 	Entry: C:\Program Files\eclipse\plugins\org.eclipse.m2e.maven.runtime_3.9.1100.20250811-2018\jars\plexus-utils-3.6.0.jar
2026-09-24 12:31:17,073 [Worker-65: Launching calculator] INFO  o.eclipse.m2e.core.internal.Bundles - 	Entry: C:\Program Files\eclipse\plugins\org.eclipse.m2e.maven.runtime_3.9.1100.20250811-2018\jars\wagon-file-3.5.3.jar
2026-09-24 12:31:17,074 [Worker-65: Launching calculator] INFO  o.eclipse.m2e.core.internal.Bundles - 	Entry: C:\Program Files\eclipse\plugins\org.eclipse.m2e.maven.runtime_3.9.1100.20250811-2018\jars\wagon-http-3.5.3.jar
2026-09-24 12:31:17,074 [Worker-65: Launching calculator] INFO  o.eclipse.m2e.core.internal.Bundles - 	Entry: C:\Program Files\eclipse\plugins\org.eclipse.m2e.maven.runtime_3.9.1100.20250811-2018\jars\wagon-http-shared-3.5.3.jar
2026-09-24 12:31:17,074 [Worker-65: Launching calculator] INFO  o.eclipse.m2e.core.internal.Bundles - 	Entry: C:\Program Files\eclipse\plugins\org.eclipse.m2e.maven.runtime_3.9.1100.20250811-2018\jars\wagon-provider-api-3.5.3.jar
2026-09-24 12:31:17,074 [Worker-65: Launching calculator] INFO  o.eclipse.m2e.core.internal.Bundles - getClasspathEntries(Bundle=com.google.guava_33.4.8.jre [18])
2026-09-24 12:31:17,074 [Worker-65: Launching calculator] INFO  o.eclipse.m2e.core.internal.Bundles - 	Entry: C:\Program Files\eclipse\plugins\com.google.guava_33.4.8.jre.jar
2026-09-24 12:31:17,074 [Worker-65: Launching calculator] INFO  o.eclipse.m2e.core.internal.Bundles - getClasspathEntries(Bundle=slf4j.api_2.0.17 [1007])
2026-09-24 12:31:17,074 [Worker-65: Launching calculator] INFO  o.eclipse.m2e.core.internal.Bundles - 	Entry: C:\Program Files\eclipse\plugins\slf4j.api_2.0.17.jar
2026-09-24 12:31:17,074 [Worker-65: Launching calculator] INFO  o.eclipse.m2e.core.internal.Bundles - getClasspathEntries(Bundle=jakarta.inject.jakarta.inject-api_1.0.5 [35])
2026-09-24 12:31:17,074 [Worker-65: Launching calculator] INFO  o.eclipse.m2e.core.internal.Bundles - 	Entry: C:\Program Files\eclipse\plugins\jakarta.inject.jakarta.inject-api_1.0.5.jar
2026-09-24 12:31:17,074 [Worker-65: Launching calculator] INFO  o.eclipse.m2e.core.internal.Bundles - getClasspathEntries(Bundle=jakarta.annotation-api_1.3.5 [31])
2026-09-24 12:31:17,074 [Worker-65: Launching calculator] INFO  o.eclipse.m2e.core.internal.Bundles - 	Entry: C:\Program Files\eclipse\plugins\jakarta.annotation-api_1.3.5.jar
2026-09-24 12:31:17,074 [Worker-65: Launching calculator] INFO  o.eclipse.m2e.core.internal.Bundles - getClasspathEntries(Bundle=org.apache.commons.cli_1.10.0 [75])
2026-09-24 12:31:17,074 [Worker-65: Launching calculator] INFO  o.eclipse.m2e.core.internal.Bundles - 	Entry: C:\Program Files\eclipse\plugins\org.apache.commons.cli_1.10.0.jar
2026-09-24 12:31:17,074 [Worker-65: Launching calculator] INFO  o.eclipse.m2e.core.internal.Bundles - getClasspathEntries(Bundle=org.apache.commons.commons-codec_1.19.0 [77])
2026-09-24 12:31:17,075 [Worker-65: Launching calculator] INFO  o.eclipse.m2e.core.internal.Bundles - 	Entry: C:\Program Files\eclipse\plugins\org.apache.commons.commons-codec_1.19.0.jar
2026-09-24 12:31:17,075 [Worker-65: Launching calculator] INFO  o.eclipse.m2e.core.internal.Bundles - getClasspathEntries(Bundle=com.google.guava.failureaccess_1.0.3 [19])
2026-09-24 12:31:17,075 [Worker-65: Launching calculator] INFO  o.eclipse.m2e.core.internal.Bundles - 	Entry: C:\Program Files\eclipse\plugins\com.google.guava.failureaccess_1.0.3.jar
2026-09-24 12:31:17,076 [Worker-65: Launching calculator] INFO  o.e.m.i.launch.MavenLaunchDelegate - Run build in "C:\Users\Student-A\eclipse-workspace\calculator":
2026-09-24 12:31:17,076 [Worker-65: Launching calculator] INFO  o.e.m.i.launch.MavenLaunchDelegate -  mvn  -B -Dstyle.color=always clean package
2026-09-24 12:42:19,781 [Worker-73: Launching calculator] INFO  o.eclipse.m2e.core.internal.Bundles - getClasspathEntries(Bundle=org.eclipse.m2e.maven.runtime_3.9.1100.20250811-2018 [642])
2026-09-24 12:42:19,782 [Worker-73: Launching calculator] INFO  o.eclipse.m2e.core.internal.Bundles - 	Entry: C:\Program Files\eclipse\plugins\org.eclipse.m2e.maven.runtime_3.9.1100.20250811-2018
2026-09-24 12:42:19,782 [Worker-73: Launching calculator] INFO  o.eclipse.m2e.core.internal.Bundles - 	Entry: C:\Program Files\eclipse\plugins\org.eclipse.m2e.maven.runtime_3.9.1100.20250811-2018\jars\aopalliance-1.0.jar
2026-09-24 12:42:19,782 [Worker-73: Launching calculator] INFO  o.eclipse.m2e.core.internal.Bundles - 	Entry: C:\Program Files\eclipse\plugins\org.eclipse.m2e.maven.runtime_3.9.1100.20250811-2018\jars\asm-9.8.jar
2026-09-24 12:42:19,782 [Worker-73: Launching calculator] INFO  o.eclipse.m2e.core.internal.Bundles - 	Entry: C:\Program Files\eclipse\plugins\org.eclipse.m2e.maven.runtime_3.9.1100.20250811-2018\jars\error_prone_annotations-2.38.0.jar
2026-09-24 12:42:19,782 [Worker-73: Launching calculator] INFO  o.eclipse.m2e.core.internal.Bundles - 	Entry: C:\Program Files\eclipse\plugins\org.eclipse.m2e.maven.runtime_3.9.1100.20250811-2018\jars\gson-2.13.1.jar
2026-09-24 12:42:19,783 [Worker-73: Launching calculator] INFO  o.eclipse.m2e.core.internal.Bundles - 	Entry: C:\Program Files\eclipse\plugins\org.eclipse.m2e.maven.runtime_3.9.1100.20250811-2018\jars\guice-5.1.0-classes.jar
2026-09-24 12:42:19,783 [Worker-73: Launching calculator] INFO  o.eclipse.m2e.core.internal.Bundles - 	Entry: C:\Program Files\eclipse\plugins\org.eclipse.m2e.maven.runtime_3.9.1100.20250811-2018\jars\httpclient-4.5.14.jar
2026-09-24 12:42:19,783 [Worker-73: Launching calculator] INFO  o.eclipse.m2e.core.internal.Bundles - 	Entry: C:\Program Files\eclipse\plugins\org.eclipse.m2e.maven.runtime_3.9.1100.20250811-2018\jars\httpcore-4.4.16.jar
2026-09-24 12:42:19,783 [Worker-73: Launching calculator] INFO  o.eclipse.m2e.core.internal.Bundles - 	Entry: C:\Program Files\eclipse\plugins\org.eclipse.m2e.maven.runtime_3.9.1100.20250811-2018\jars\jansi-2.4.2.jar
2026-09-24 12:42:19,783 [Worker-73: Launching calculator] INFO  o.eclipse.m2e.core.internal.Bundles - 	Entry: C:\Program Files\eclipse\plugins\org.eclipse.m2e.maven.runtime_3.9.1100.20250811-2018\jars\jcl-over-slf4j-1.7.36.jar
2026-09-24 12:42:19,783 [Worker-73: Launching calculator] INFO  o.eclipse.m2e.core.internal.Bundles - 	Entry: C:\Program Files\eclipse\plugins\org.eclipse.m2e.maven.runtime_3.9.1100.20250811-2018\jars\maven-artifact-3.9.11.jar
2026-09-24 12:42:19,783 [Worker-73: Launching calculator] INFO  o.eclipse.m2e.core.internal.Bundles - 	Entry: C:\Program Files\eclipse\plugins\org.eclipse.m2e.maven.runtime_3.9.1100.20250811-2018\jars\maven-builder-support-3.9.11.jar
2026-09-24 12:42:19,783 [Worker-73: Launching calculator] INFO  o.eclipse.m2e.core.internal.Bundles - 	Entry: C:\Program Files\eclipse\plugins\org.eclipse.m2e.maven.runtime_3.9.1100.20250811-2018\jars\maven-compat-3.9.11.jar
2026-09-24 12:42:19,783 [Worker-73: Launching calculator] INFO  o.eclipse.m2e.core.internal.Bundles - 	Entry: C:\Program Files\eclipse\plugins\org.eclipse.m2e.maven.runtime_3.9.1100.20250811-2018\jars\maven-core-3.9.11.jar
2026-09-24 12:42:19,783 [Worker-73: Launching calculator] INFO  o.eclipse.m2e.core.internal.Bundles - 	Entry: C:\Program Files\eclipse\plugins\org.eclipse.m2e.maven.runtime_3.9.1100.20250811-2018\jars\maven-embedder-3.9.11.jar
2026-09-24 12:42:19,783 [Worker-73: Launching calculator] INFO  o.eclipse.m2e.core.internal.Bundles - 	Entry: C:\Program Files\eclipse\plugins\org.eclipse.m2e.maven.runtime_3.9.1100.20250811-2018\jars\maven-model-3.9.11.jar
2026-09-24 12:42:19,783 [Worker-73: Launching calculator] INFO  o.eclipse.m2e.core.internal.Bundles - 	Entry: C:\Program Files\eclipse\plugins\org.eclipse.m2e.maven.runtime_3.9.1100.20250811-2018\jars\maven-model-builder-3.9.11.jar
2026-09-24 12:42:19,784 [Worker-73: Launching calculator] INFO  o.eclipse.m2e.core.internal.Bundles - 	Entry: C:\Program Files\eclipse\plugins\org.eclipse.m2e.maven.runtime_3.9.1100.20250811-2018\jars\maven-plugin-api-3.9.11.jar
2026-09-24 12:42:19,784 [Worker-73: Launching calculator] INFO  o.eclipse.m2e.core.internal.Bundles - 	Entry: C:\Program Files\eclipse\plugins\org.eclipse.m2e.maven.runtime_3.9.1100.20250811-2018\jars\maven-repository-metadata-3.9.11.jar
2026-09-24 12:42:19,784 [Worker-73: Launching calculator] INFO  o.eclipse.m2e.core.internal.Bundles - 	Entry: C:\Program Files\eclipse\plugins\org.eclipse.m2e.maven.runtime_3.9.1100.20250811-2018\jars\maven-resolver-api-1.9.24.jar
2026-09-24 12:42:19,784 [Worker-73: Launching calculator] INFO  o.eclipse.m2e.core.internal.Bundles - 	Entry: C:\Program Files\eclipse\plugins\org.eclipse.m2e.maven.runtime_3.9.1100.20250811-2018\jars\maven-resolver-connector-basic-1.9.24.jar
2026-09-24 12:42:19,784 [Worker-73: Launching calculator] INFO  o.eclipse.m2e.core.internal.Bundles - 	Entry: C:\Program Files\eclipse\plugins\org.eclipse.m2e.maven.runtime_3.9.1100.20250811-2018\jars\maven-resolver-impl-1.9.24.jar
2026-09-24 12:42:19,784 [Worker-73: Launching calculator] INFO  o.eclipse.m2e.core.internal.Bundles - 	Entry: C:\Program Files\eclipse\plugins\org.eclipse.m2e.maven.runtime_3.9.1100.20250811-2018\jars\maven-resolver-named-locks-1.9.24.jar
2026-09-24 12:42:19,784 [Worker-73: Launching calculator] INFO  o.eclipse.m2e.core.internal.Bundles - 	Entry: C:\Program Files\eclipse\plugins\org.eclipse.m2e.maven.runtime_3.9.1100.20250811-2018\jars\maven-resolver-provider-3.9.11.jar
2026-09-24 12:42:19,784 [Worker-73: Launching calculator] INFO  o.eclipse.m2e.core.internal.Bundles - 	Entry: C:\Program Files\eclipse\plugins\org.eclipse.m2e.maven.runtime_3.9.1100.20250811-2018\jars\maven-resolver-spi-1.9.24.jar
2026-09-24 12:42:19,784 [Worker-73: Launching calculator] INFO  o.eclipse.m2e.core.internal.Bundles - 	Entry: C:\Program Files\eclipse\plugins\org.eclipse.m2e.maven.runtime_3.9.1100.20250811-2018\jars\maven-resolver-transport-file-1.9.24.jar
2026-09-24 12:42:19,784 [Worker-73: Launching calculator] INFO  o.eclipse.m2e.core.internal.Bundles - 	Entry: C:\Program Files\eclipse\plugins\org.eclipse.m2e.maven.runtime_3.9.1100.20250811-2018\jars\maven-resolver-transport-http-1.9.24.jar
2026-09-24 12:42:19,784 [Worker-73: Launching calculator] INFO  o.eclipse.m2e.core.internal.Bundles - 	Entry: C:\Program Files\eclipse\plugins\org.eclipse.m2e.maven.runtime_3.9.1100.20250811-2018\jars\maven-resolver-transport-wagon-1.9.24.jar
2026-09-24 12:42:19,784 [Worker-73: Launching calculator] INFO  o.eclipse.m2e.core.internal.Bundles - 	Entry: C:\Program Files\eclipse\plugins\org.eclipse.m2e.maven.runtime_3.9.1100.20250811-2018\jars\maven-resolver-util-1.9.24.jar
2026-09-24 12:42:19,785 [Worker-73: Launching calculator] INFO  o.eclipse.m2e.core.internal.Bundles - 	Entry: C:\Program Files\eclipse\plugins\org.eclipse.m2e.maven.runtime_3.9.1100.20250811-2018\jars\maven-settings-3.9.11.jar
2026-09-24 12:42:19,785 [Worker-73: Launching calculator] INFO  o.eclipse.m2e.core.internal.Bundles - 	Entry: C:\Program Files\eclipse\plugins\org.eclipse.m2e.maven.runtime_3.9.1100.20250811-2018\jars\maven-settings-builder-3.9.11.jar
2026-09-24 12:42:19,785 [Worker-73: Launching calculator] INFO  o.eclipse.m2e.core.internal.Bundles - 	Entry: C:\Program Files\eclipse\plugins\org.eclipse.m2e.maven.runtime_3.9.1100.20250811-2018\jars\maven-shared-utils-3.4.2.jar
2026-09-24 12:42:19,785 [Worker-73: Launching calculator] INFO  o.eclipse.m2e.core.internal.Bundles - 	Entry: C:\Program Files\eclipse\plugins\org.eclipse.m2e.maven.runtime_3.9.1100.20250811-2018\jars\org.eclipse.sisu.inject-0.9.0.M4.jar
2026-09-24 12:42:19,785 [Worker-73: Launching calculator] INFO  o.eclipse.m2e.core.internal.Bundles - 	Entry: C:\Program Files\eclipse\plugins\org.eclipse.m2e.maven.runtime_3.9.1100.20250811-2018\jars\org.eclipse.sisu.plexus-0.9.0.M4.jar
2026-09-24 12:42:19,785 [Worker-73: Launching calculator] INFO  o.eclipse.m2e.core.internal.Bundles - 	Entry: C:\Program Files\eclipse\plugins\org.eclipse.m2e.maven.runtime_3.9.1100.20250811-2018\jars\plexus-build-api-0.0.7.jar
2026-09-24 12:42:19,785 [Worker-73: Launching calculator] INFO  o.eclipse.m2e.core.internal.Bundles - 	Entry: C:\Program Files\eclipse\plugins\org.eclipse.m2e.maven.runtime_3.9.1100.20250811-2018\jars\plexus-build-api-1.2.0.jar
2026-09-24 12:42:19,785 [Worker-73: Launching calculator] INFO  o.eclipse.m2e.core.internal.Bundles - 	Entry: C:\Program Files\eclipse\plugins\org.eclipse.m2e.maven.runtime_3.9.1100.20250811-2018\jars\plexus-cipher-2.0.jar
2026-09-24 12:42:19,785 [Worker-73: Launching calculator] INFO  o.eclipse.m2e.core.internal.Bundles - 	Entry: C:\Program Files\eclipse\plugins\org.eclipse.m2e.maven.runtime_3.9.1100.20250811-2018\jars\plexus-classworlds-2.9.0.jar
2026-09-24 12:42:19,785 [Worker-73: Launching calculator] INFO  o.eclipse.m2e.core.internal.Bundles - 	Entry: C:\Program Files\eclipse\plugins\org.eclipse.m2e.maven.runtime_3.9.1100.20250811-2018\jars\plexus-component-annotations-2.2.0.jar
2026-09-24 12:42:19,785 [Worker-73: Launching calculator] INFO  o.eclipse.m2e.core.internal.Bundles - 	Entry: C:\Program Files\eclipse\plugins\org.eclipse.m2e.maven.runtime_3.9.1100.20250811-2018\jars\plexus-interpolation-1.28.jar
2026-09-24 12:42:19,785 [Worker-73: Launching calculator] INFO  o.eclipse.m2e.core.internal.Bundles - 	Entry: C:\Program Files\eclipse\plugins\org.eclipse.m2e.maven.runtime_3.9.1100.20250811-2018\jars\plexus-sec-dispatcher-2.0.jar
2026-09-24 12:42:19,785 [Worker-73: Launching calculator] INFO  o.eclipse.m2e.core.internal.Bundles - 	Entry: C:\Program Files\eclipse\plugins\org.eclipse.m2e.maven.runtime_3.9.1100.20250811-2018\jars\plexus-utils-3.6.0.jar
2026-09-24 12:42:19,785 [Worker-73: Launching calculator] INFO  o.eclipse.m2e.core.internal.Bundles - 	Entry: C:\Program Files\eclipse\plugins\org.eclipse.m2e.maven.runtime_3.9.1100.20250811-2018\jars\wagon-file-3.5.3.jar
2026-09-24 12:42:19,786 [Worker-73: Launching calculator] INFO  o.eclipse.m2e.core.internal.Bundles - 	Entry: C:\Program Files\eclipse\plugins\org.eclipse.m2e.maven.runtime_3.9.1100.20250811-2018\jars\wagon-http-3.5.3.jar
2026-09-24 12:42:19,786 [Worker-73: Launching calculator] INFO  o.eclipse.m2e.core.internal.Bundles - 	Entry: C:\Program Files\eclipse\plugins\org.eclipse.m2e.maven.runtime_3.9.1100.20250811-2018\jars\wagon-http-shared-3.5.3.jar
2026-09-24 12:42:19,786 [Worker-73: Launching calculator] INFO  o.eclipse.m2e.core.internal.Bundles - 	Entry: C:\Program Files\eclipse\plugins\org.eclipse.m2e.maven.runtime_3.9.1100.20250811-2018\jars\wagon-provider-api-3.5.3.jar
2026-09-24 12:42:19,786 [Worker-73: Launching calculator] INFO  o.eclipse.m2e.core.internal.Bundles - getClasspathEntries(Bundle=com.google.guava_33.4.8.jre [18])
2026-09-24 12:42:19,786 [Worker-73: Launching calculator] INFO  o.eclipse.m2e.core.internal.Bundles - 	Entry: C:\Program Files\eclipse\plugins\com.google.guava_33.4.8.jre.jar
2026-09-24 12:42:19,786 [Worker-73: Launching calculator] INFO  o.eclipse.m2e.core.internal.Bundles - getClasspathEntries(Bundle=slf4j.api_2.0.17 [1007])
2026-09-24 12:42:19,786 [Worker-73: Launching calculator] INFO  o.eclipse.m2e.core.internal.Bundles - 	Entry: C:\Program Files\eclipse\plugins\slf4j.api_2.0.17.jar
2026-09-24 12:42:19,786 [Worker-73: Launching calculator] INFO  o.eclipse.m2e.core.internal.Bundles - getClasspathEntries(Bundle=jakarta.inject.jakarta.inject-api_1.0.5 [35])
2026-09-24 12:42:19,786 [Worker-73: Launching calculator] INFO  o.eclipse.m2e.core.internal.Bundles - 	Entry: C:\Program Files\eclipse\plugins\jakarta.inject.jakarta.inject-api_1.0.5.jar
2026-09-24 12:42:19,786 [Worker-73: Launching calculator] INFO  o.eclipse.m2e.core.internal.Bundles - getClasspathEntries(Bundle=jakarta.annotation-api_1.3.5 [31])
2026-09-24 12:42:19,786 [Worker-73: Launching calculator] INFO  o.eclipse.m2e.core.internal.Bundles - 	Entry: C:\Program Files\eclipse\plugins\jakarta.annotation-api_1.3.5.jar
2026-09-24 12:42:19,786 [Worker-73: Launching calculator] INFO  o.eclipse.m2e.core.internal.Bundles - getClasspathEntries(Bundle=org.apache.commons.cli_1.10.0 [75])
2026-09-24 12:42:19,786 [Worker-73: Launching calculator] INFO  o.eclipse.m2e.core.internal.Bundles - 	Entry: C:\Program Files\eclipse\plugins\org.apache.commons.cli_1.10.0.jar
2026-09-24 12:42:19,786 [Worker-73: Launching calculator] INFO  o.eclipse.m2e.core.internal.Bundles - getClasspathEntries(Bundle=org.apache.commons.commons-codec_1.19.0 [77])
2026-09-24 12:42:19,787 [Worker-73: Launching calculator] INFO  o.eclipse.m2e.core.internal.Bundles - 	Entry: C:\Program Files\eclipse\plugins\org.apache.commons.commons-codec_1.19.0.jar
2026-09-24 12:42:19,787 [Worker-73: Launching calculator] INFO  o.eclipse.m2e.core.internal.Bundles - getClasspathEntries(Bundle=com.google.guava.failureaccess_1.0.3 [19])
2026-09-24 12:42:19,787 [Worker-73: Launching calculator] INFO  o.eclipse.m2e.core.internal.Bundles - 	Entry: C:\Program Files\eclipse\plugins\com.google.guava.failureaccess_1.0.3.jar
2026-09-24 12:42:19,788 [Worker-73: Launching calculator] INFO  o.e.m.i.launch.MavenLaunchDelegate - Run build in "C:\Users\Student-A\eclipse-workspace\calculator":
2026-09-24 12:42:19,788 [Worker-73: Launching calculator] INFO  o.e.m.i.launch.MavenLaunchDelegate -  mvn  -B -Dstyle.color=always clean package
2026-09-24 12:42:19,879 [Worker-66: Building] INFO  o.a.m.s.f.DefaultMavenResourcesFiltering - skip non existing resourceDirectory C:\Users\Student-A\eclipse-workspace\calculator\src\main\resources
2026-09-24 12:42:19,881 [Worker-66: Building] INFO  o.a.m.s.f.DefaultMavenResourcesFiltering - skip non existing resourceDirectory C:\Users\Student-A\eclipse-workspace\calculator\src\test\resources
2026-09-24 12:42:19,881 [Worker-66: Building] WARN  o.apache.maven.project.MavenProject - Direct modification of compileSourceRoots through clear() is deprecated and will not work in Maven 4.0.0. Please use the add/remove methods instead. If you're using a plugin that causes this warning, please upgrade to the latest version and report an issue if the warning persists. To disable these warnings, set -Dmaven.project.sourceRoots.warningsDisabled=true on the command line, in the .mvn/maven.config file, or in project POM properties.
2026-09-24 12:42:19,882 [Worker-66: Building] WARN  o.apache.maven.project.MavenProject - Direct modification of compileSourceRoots through add() is deprecated and will not work in Maven 4.0.0. Please use the add/remove methods instead. If you're using a plugin that causes this warning, please upgrade to the latest version and report an issue if the warning persists. To disable these warnings, set -Dmaven.project.sourceRoots.warningsDisabled=true on the command line, in the .mvn/maven.config file, or in project POM properties.
2026-09-24 12:42:19,882 [Worker-66: Building] WARN  o.apache.maven.project.MavenProject - Direct modification of testCompileSourceRoots through clear() is deprecated and will not work in Maven 4.0.0. Please use the add/remove methods instead. If you're using a plugin that causes this warning, please upgrade to the latest version and report an issue if the warning persists. To disable these warnings, set -Dmaven.project.sourceRoots.warningsDisabled=true on the command line, in the .mvn/maven.config file, or in project POM properties.
2026-09-24 12:42:19,883 [Worker-66: Building] WARN  o.apache.maven.project.MavenProject - Direct modification of testCompileSourceRoots through add() is deprecated and will not work in Maven 4.0.0. Please use the add/remove methods instead. If you're using a plugin that causes this warning, please upgrade to the latest version and report an issue if the warning persists. To disable these warnings, set -Dmaven.project.sourceRoots.warningsDisabled=true on the command line, in the .mvn/maven.config file, or in project POM properties.
2026-09-24 12:43:09,225 [Worker-73: Launching calculator] INFO  o.eclipse.m2e.core.internal.Bundles - getClasspathEntries(Bundle=org.eclipse.m2e.maven.runtime_3.9.1100.20250811-2018 [642])
2026-09-24 12:43:09,226 [Worker-73: Launching calculator] INFO  o.eclipse.m2e.core.internal.Bundles - 	Entry: C:\Program Files\eclipse\plugins\org.eclipse.m2e.maven.runtime_3.9.1100.20250811-2018
2026-09-24 12:43:09,226 [Worker-73: Launching calculator] INFO  o.eclipse.m2e.core.internal.Bundles - 	Entry: C:\Program Files\eclipse\plugins\org.eclipse.m2e.maven.runtime_3.9.1100.20250811-2018\jars\aopalliance-1.0.jar
2026-09-24 12:43:09,226 [Worker-73: Launching calculator] INFO  o.eclipse.m2e.core.internal.Bundles - 	Entry: C:\Program Files\eclipse\plugins\org.eclipse.m2e.maven.runtime_3.9.1100.20250811-2018\jars\asm-9.8.jar
2026-09-24 12:43:09,226 [Worker-73: Launching calculator] INFO  o.eclipse.m2e.core.internal.Bundles - 	Entry: C:\Program Files\eclipse\plugins\org.eclipse.m2e.maven.runtime_3.9.1100.20250811-2018\jars\error_prone_annotations-2.38.0.jar
2026-09-24 12:43:09,226 [Worker-73: Launching calculator] INFO  o.eclipse.m2e.core.internal.Bundles - 	Entry: C:\Program Files\eclipse\plugins\org.eclipse.m2e.maven.runtime_3.9.1100.20250811-2018\jars\gson-2.13.1.jar
2026-09-24 12:43:09,226 [Worker-73: Launching calculator] INFO  o.eclipse.m2e.core.internal.Bundles - 	Entry: C:\Program Files\eclipse\plugins\org.eclipse.m2e.maven.runtime_3.9.1100.20250811-2018\jars\guice-5.1.0-classes.jar
2026-09-24 12:43:09,226 [Worker-73: Launching calculator] INFO  o.eclipse.m2e.core.internal.Bundles - 	Entry: C:\Program Files\eclipse\plugins\org.eclipse.m2e.maven.runtime_3.9.1100.20250811-2018\jars\httpclient-4.5.14.jar
2026-09-24 12:43:09,226 [Worker-73: Launching calculator] INFO  o.eclipse.m2e.core.internal.Bundles - 	Entry: C:\Program Files\eclipse\plugins\org.eclipse.m2e.maven.runtime_3.9.1100.20250811-2018\jars\httpcore-4.4.16.jar
2026-09-24 12:43:09,226 [Worker-73: Launching calculator] INFO  o.eclipse.m2e.core.internal.Bundles - 	Entry: C:\Program Files\eclipse\plugins\org.eclipse.m2e.maven.runtime_3.9.1100.20250811-2018\jars\jansi-2.4.2.jar
2026-09-24 12:43:09,226 [Worker-73: Launching calculator] INFO  o.eclipse.m2e.core.internal.Bundles - 	Entry: C:\Program Files\eclipse\plugins\org.eclipse.m2e.maven.runtime_3.9.1100.20250811-2018\jars\jcl-over-slf4j-1.7.36.jar
2026-09-24 12:43:09,226 [Worker-73: Launching calculator] INFO  o.eclipse.m2e.core.internal.Bundles - 	Entry: C:\Program Files\eclipse\plugins\org.eclipse.m2e.maven.runtime_3.9.1100.20250811-2018\jars\maven-artifact-3.9.11.jar
2026-09-24 12:43:09,226 [Worker-73: Launching calculator] INFO  o.eclipse.m2e.core.internal.Bundles - 	Entry: C:\Program Files\eclipse\plugins\org.eclipse.m2e.maven.runtime_3.9.1100.20250811-2018\jars\maven-builder-support-3.9.11.jar
2026-09-24 12:43:09,226 [Worker-73: Launching calculator] INFO  o.eclipse.m2e.core.internal.Bundles - 	Entry: C:\Program Files\eclipse\plugins\org.eclipse.m2e.maven.runtime_3.9.1100.20250811-2018\jars\maven-compat-3.9.11.jar
2026-09-24 12:43:09,226 [Worker-73: Launching calculator] INFO  o.eclipse.m2e.core.internal.Bundles - 	Entry: C:\Program Files\eclipse\plugins\org.eclipse.m2e.maven.runtime_3.9.1100.20250811-2018\jars\maven-core-3.9.11.jar
2026-09-24 12:43:09,226 [Worker-73: Launching calculator] INFO  o.eclipse.m2e.core.internal.Bundles - 	Entry: C:\Program Files\eclipse\plugins\org.eclipse.m2e.maven.runtime_3.9.1100.20250811-2018\jars\maven-embedder-3.9.11.jar
2026-09-24 12:43:09,226 [Worker-73: Launching calculator] INFO  o.eclipse.m2e.core.internal.Bundles - 	Entry: C:\Program Files\eclipse\plugins\org.eclipse.m2e.maven.runtime_3.9.1100.20250811-2018\jars\maven-model-3.9.11.jar
2026-09-24 12:43:09,227 [Worker-73: Launching calculator] INFO  o.eclipse.m2e.core.internal.Bundles - 	Entry: C:\Program Files\eclipse\plugins\org.eclipse.m2e.maven.runtime_3.9.1100.20250811-2018\jars\maven-model-builder-3.9.11.jar
2026-09-24 12:43:09,227 [Worker-73: Launching calculator] INFO  o.eclipse.m2e.core.internal.Bundles - 	Entry: C:\Program Files\eclipse\plugins\org.eclipse.m2e.maven.runtime_3.9.1100.20250811-2018\jars\maven-plugin-api-3.9.11.jar
2026-09-24 12:43:09,227 [Worker-73: Launching calculator] INFO  o.eclipse.m2e.core.internal.Bundles - 	Entry: C:\Program Files\eclipse\plugins\org.eclipse.m2e.maven.runtime_3.9.1100.20250811-2018\jars\maven-repository-metadata-3.9.11.jar
2026-09-24 12:43:09,227 [Worker-73: Launching calculator] INFO  o.eclipse.m2e.core.internal.Bundles - 	Entry: C:\Program Files\eclipse\plugins\org.eclipse.m2e.maven.runtime_3.9.1100.20250811-2018\jars\maven-resolver-api-1.9.24.jar
2026-09-24 12:43:09,227 [Worker-73: Launching calculator] INFO  o.eclipse.m2e.core.internal.Bundles - 	Entry: C:\Program Files\eclipse\plugins\org.eclipse.m2e.maven.runtime_3.9.1100.20250811-2018\jars\maven-resolver-connector-basic-1.9.24.jar
2026-09-24 12:43:09,227 [Worker-73: Launching calculator] INFO  o.eclipse.m2e.core.internal.Bundles - 	Entry: C:\Program Files\eclipse\plugins\org.eclipse.m2e.maven.runtime_3.9.1100.20250811-2018\jars\maven-resolver-impl-1.9.24.jar
2026-09-24 12:43:09,227 [Worker-73: Launching calculator] INFO  o.eclipse.m2e.core.internal.Bundles - 	Entry: C:\Program Files\eclipse\plugins\org.eclipse.m2e.maven.runtime_3.9.1100.20250811-2018\jars\maven-resolver-named-locks-1.9.24.jar
2026-09-24 12:43:09,227 [Worker-73: Launching calculator] INFO  o.eclipse.m2e.core.internal.Bundles - 	Entry: C:\Program Files\eclipse\plugins\org.eclipse.m2e.maven.runtime_3.9.1100.20250811-2018\jars\maven-resolver-provider-3.9.11.jar
2026-09-24 12:43:09,227 [Worker-73: Launching calculator] INFO  o.eclipse.m2e.core.internal.Bundles - 	Entry: C:\Program Files\eclipse\plugins\org.eclipse.m2e.maven.runtime_3.9.1100.20250811-2018\jars\maven-resolver-spi-1.9.24.jar
2026-09-24 12:43:09,227 [Worker-73: Launching calculator] INFO  o.eclipse.m2e.core.internal.Bundles - 	Entry: C:\Program Files\eclipse\plugins\org.eclipse.m2e.maven.runtime_3.9.1100.20250811-2018\jars\maven-resolver-transport-file-1.9.24.jar
2026-09-24 12:43:09,227 [Worker-73: Launching calculator] INFO  o.eclipse.m2e.core.internal.Bundles - 	Entry: C:\Program Files\eclipse\plugins\org.eclipse.m2e.maven.runtime_3.9.1100.20250811-2018\jars\maven-resolver-transport-http-1.9.24.jar
2026-09-24 12:43:09,227 [Worker-73: Launching calculator] INFO  o.eclipse.m2e.core.internal.Bundles - 	Entry: C:\Program Files\eclipse\plugins\org.eclipse.m2e.maven.runtime_3.9.1100.20250811-2018\jars\maven-resolver-transport-wagon-1.9.24.jar
2026-09-24 12:43:09,227 [Worker-73: Launching calculator] INFO  o.eclipse.m2e.core.internal.Bundles - 	Entry: C:\Program Files\eclipse\plugins\org.eclipse.m2e.maven.runtime_3.9.1100.20250811-2018\jars\maven-resolver-util-1.9.24.jar
2026-09-24 12:43:09,227 [Worker-73: Launching calculator] INFO  o.eclipse.m2e.core.internal.Bundles - 	Entry: C:\Program Files\eclipse\plugins\org.eclipse.m2e.maven.runtime_3.9.1100.20250811-2018\jars\maven-settings-3.9.11.jar
2026-09-24 12:43:09,227 [Worker-73: Launching calculator] INFO  o.eclipse.m2e.core.internal.Bundles - 	Entry: C:\Program Files\eclipse\plugins\org.eclipse.m2e.maven.runtime_3.9.1100.20250811-2018\jars\maven-settings-builder-3.9.11.jar
2026-09-24 12:43:09,227 [Worker-73: Launching calculator] INFO  o.eclipse.m2e.core.internal.Bundles - 	Entry: C:\Program Files\eclipse\plugins\org.eclipse.m2e.maven.runtime_3.9.1100.20250811-2018\jars\maven-shared-utils-3.4.2.jar
2026-09-24 12:43:09,227 [Worker-73: Launching calculator] INFO  o.eclipse.m2e.core.internal.Bundles - 	Entry: C:\Program Files\eclipse\plugins\org.eclipse.m2e.maven.runtime_3.9.1100.20250811-2018\jars\org.eclipse.sisu.inject-0.9.0.M4.jar
2026-09-24 12:43:09,228 [Worker-73: Launching calculator] INFO  o.eclipse.m2e.core.internal.Bundles - 	Entry: C:\Program Files\eclipse\plugins\org.eclipse.m2e.maven.runtime_3.9.1100.20250811-2018\jars\org.eclipse.sisu.plexus-0.9.0.M4.jar
2026-09-24 12:43:09,228 [Worker-73: Launching calculator] INFO  o.eclipse.m2e.core.internal.Bundles - 	Entry: C:\Program Files\eclipse\plugins\org.eclipse.m2e.maven.runtime_3.9.1100.20250811-2018\jars\plexus-build-api-0.0.7.jar
2026-09-24 12:43:09,228 [Worker-73: Launching calculator] INFO  o.eclipse.m2e.core.internal.Bundles - 	Entry: C:\Program Files\eclipse\plugins\org.eclipse.m2e.maven.runtime_3.9.1100.20250811-2018\jars\plexus-build-api-1.2.0.jar
2026-09-24 12:43:09,228 [Worker-73: Launching calculator] INFO  o.eclipse.m2e.core.internal.Bundles - 	Entry: C:\Program Files\eclipse\plugins\org.eclipse.m2e.maven.runtime_3.9.1100.20250811-2018\jars\plexus-cipher-2.0.jar
2026-09-24 12:43:09,228 [Worker-73: Launching calculator] INFO  o.eclipse.m2e.core.internal.Bundles - 	Entry: C:\Program Files\eclipse\plugins\org.eclipse.m2e.maven.runtime_3.9.1100.20250811-2018\jars\plexus-classworlds-2.9.0.jar
2026-09-24 12:43:09,228 [Worker-73: Launching calculator] INFO  o.eclipse.m2e.core.internal.Bundles - 	Entry: C:\Program Files\eclipse\plugins\org.eclipse.m2e.maven.runtime_3.9.1100.20250811-2018\jars\plexus-component-annotations-2.2.0.jar
2026-09-24 12:43:09,228 [Worker-73: Launching calculator] INFO  o.eclipse.m2e.core.internal.Bundles - 	Entry: C:\Program Files\eclipse\plugins\org.eclipse.m2e.maven.runtime_3.9.1100.20250811-2018\jars\plexus-interpolation-1.28.jar
2026-09-24 12:43:09,228 [Worker-73: Launching calculator] INFO  o.eclipse.m2e.core.internal.Bundles - 	Entry: C:\Program Files\eclipse\plugins\org.eclipse.m2e.maven.runtime_3.9.1100.20250811-2018\jars\plexus-sec-dispatcher-2.0.jar
2026-09-24 12:43:09,228 [Worker-73: Launching calculator] INFO  o.eclipse.m2e.core.internal.Bundles - 	Entry: C:\Program Files\eclipse\plugins\org.eclipse.m2e.maven.runtime_3.9.1100.20250811-2018\jars\plexus-utils-3.6.0.jar
2026-09-24 12:43:09,228 [Worker-73: Launching calculator] INFO  o.eclipse.m2e.core.internal.Bundles - 	Entry: C:\Program Files\eclipse\plugins\org.eclipse.m2e.maven.runtime_3.9.1100.20250811-2018\jars\wagon-file-3.5.3.jar
2026-09-24 12:43:09,228 [Worker-73: Launching calculator] INFO  o.eclipse.m2e.core.internal.Bundles - 	Entry: C:\Program Files\eclipse\plugins\org.eclipse.m2e.maven.runtime_3.9.1100.20250811-2018\jars\wagon-http-3.5.3.jar
2026-09-24 12:43:09,228 [Worker-73: Launching calculator] INFO  o.eclipse.m2e.core.internal.Bundles - 	Entry: C:\Program Files\eclipse\plugins\org.eclipse.m2e.maven.runtime_3.9.1100.20250811-2018\jars\wagon-http-shared-3.5.3.jar
2026-09-24 12:43:09,228 [Worker-73: Launching calculator] INFO  o.eclipse.m2e.core.internal.Bundles - 	Entry: C:\Program Files\eclipse\plugins\org.eclipse.m2e.maven.runtime_3.9.1100.20250811-2018\jars\wagon-provider-api-3.5.3.jar
2026-09-24 12:43:09,228 [Worker-73: Launching calculator] INFO  o.eclipse.m2e.core.internal.Bundles - getClasspathEntries(Bundle=com.google.guava_33.4.8.jre [18])
2026-09-24 12:43:09,228 [Worker-73: Launching calculator] INFO  o.eclipse.m2e.core.internal.Bundles - 	Entry: C:\Program Files\eclipse\plugins\com.google.guava_33.4.8.jre.jar
2026-09-24 12:43:09,228 [Worker-73: Launching calculator] INFO  o.eclipse.m2e.core.internal.Bundles - getClasspathEntries(Bundle=slf4j.api_2.0.17 [1007])
2026-09-24 12:43:09,229 [Worker-73: Launching calculator] INFO  o.eclipse.m2e.core.internal.Bundles - 	Entry: C:\Program Files\eclipse\plugins\slf4j.api_2.0.17.jar
2026-09-24 12:43:09,229 [Worker-73: Launching calculator] INFO  o.eclipse.m2e.core.internal.Bundles - getClasspathEntries(Bundle=jakarta.inject.jakarta.inject-api_1.0.5 [35])
2026-09-24 12:43:09,229 [Worker-73: Launching calculator] INFO  o.eclipse.m2e.core.internal.Bundles - 	Entry: C:\Program Files\eclipse\plugins\jakarta.inject.jakarta.inject-api_1.0.5.jar
2026-09-24 12:43:09,229 [Worker-73: Launching calculator] INFO  o.eclipse.m2e.core.internal.Bundles - getClasspathEntries(Bundle=jakarta.annotation-api_1.3.5 [31])
2026-09-24 12:43:09,229 [Worker-73: Launching calculator] INFO  o.eclipse.m2e.core.internal.Bundles - 	Entry: C:\Program Files\eclipse\plugins\jakarta.annotation-api_1.3.5.jar
2026-09-24 12:43:09,229 [Worker-73: Launching calculator] INFO  o.eclipse.m2e.core.internal.Bundles - getClasspathEntries(Bundle=org.apache.commons.cli_1.10.0 [75])
2026-09-24 12:43:09,229 [Worker-73: Launching calculator] INFO  o.eclipse.m2e.core.internal.Bundles - 	Entry: C:\Program Files\eclipse\plugins\org.apache.commons.cli_1.10.0.jar
2026-09-24 12:43:09,229 [Worker-73: Launching calculator] INFO  o.eclipse.m2e.core.internal.Bundles - getClasspathEntries(Bundle=org.apache.commons.commons-codec_1.19.0 [77])
2026-09-24 12:43:09,229 [Worker-73: Launching calculator] INFO  o.eclipse.m2e.core.internal.Bundles - 	Entry: C:\Program Files\eclipse\plugins\org.apache.commons.commons-codec_1.19.0.jar
2026-09-24 12:43:09,229 [Worker-73: Launching calculator] INFO  o.eclipse.m2e.core.internal.Bundles - getClasspathEntries(Bundle=com.google.guava.failureaccess_1.0.3 [19])
2026-09-24 12:43:09,229 [Worker-73: Launching calculator] INFO  o.eclipse.m2e.core.internal.Bundles - 	Entry: C:\Program Files\eclipse\plugins\com.google.guava.failureaccess_1.0.3.jar
2026-09-24 12:43:09,231 [Worker-73: Launching calculator] INFO  o.e.m.i.launch.MavenLaunchDelegate - Run build in "C:\Users\Student-A\eclipse-workspace\calculator":
2026-09-24 12:43:09,231 [Worker-73: Launching calculator] INFO  o.e.m.i.launch.MavenLaunchDelegate -  mvn  -B -Dstyle.color=always clean package
2026-09-24 12:43:09,325 [Worker-73: Building] INFO  o.a.m.s.f.DefaultMavenResourcesFiltering - skip non existing resourceDirectory C:\Users\Student-A\eclipse-workspace\calculator\src\main\resources
2026-09-24 12:43:09,326 [Worker-73: Building] INFO  o.a.m.s.f.DefaultMavenResourcesFiltering - skip non existing resourceDirectory C:\Users\Student-A\eclipse-workspace\calculator\src\test\resources
2026-09-24 12:43:09,334 [Worker-73: Building] WARN  o.apache.maven.project.MavenProject - Direct modification of compileSourceRoots through clear() is deprecated and will not work in Maven 4.0.0. Please use the add/remove methods instead. If you're using a plugin that causes this warning, please upgrade to the latest version and report an issue if the warning persists. To disable these warnings, set -Dmaven.project.sourceRoots.warningsDisabled=true on the command line, in the .mvn/maven.config file, or in project POM properties.
2026-09-24 12:43:09,335 [Worker-73: Building] WARN  o.apache.maven.project.MavenProject - Direct modification of compileSourceRoots through add() is deprecated and will not work in Maven 4.0.0. Please use the add/remove methods instead. If you're using a plugin that causes this warning, please upgrade to the latest version and report an issue if the warning persists. To disable these warnings, set -Dmaven.project.sourceRoots.warningsDisabled=true on the command line, in the .mvn/maven.config file, or in project POM properties.
2026-09-24 12:43:09,335 [Worker-73: Building] WARN  o.apache.maven.project.MavenProject - Direct modification of testCompileSourceRoots through clear() is deprecated and will not work in Maven 4.0.0. Please use the add/remove methods instead. If you're using a plugin that causes this warning, please upgrade to the latest version and report an issue if the warning persists. To disable these warnings, set -Dmaven.project.sourceRoots.warningsDisabled=true on the command line, in the .mvn/maven.config file, or in project POM properties.
2026-09-24 12:43:09,336 [Worker-73: Building] WARN  o.apache.maven.project.MavenProject - Direct modification of testCompileSourceRoots through add() is deprecated and will not work in Maven 4.0.0. Please use the add/remove methods instead. If you're using a plugin that causes this warning, please upgrade to the latest version and report an issue if the warning persists. To disable these warnings, set -Dmaven.project.sourceRoots.warningsDisabled=true on the command line, in the .mvn/maven.config file, or in project POM properties.
2026-09-24 12:51:07,787 [Worker-71: Building] INFO  o.a.m.s.f.DefaultMavenResourcesFiltering - skip non existing resourceDirectory C:\Users\Student-A\eclipse-workspace\calculator\src\main\resources
2026-09-24 12:51:07,788 [Worker-71: Building] INFO  o.a.m.s.f.DefaultMavenResourcesFiltering - skip non existing resourceDirectory C:\Users\Student-A\eclipse-workspace\calculator\src\test\resources
2026-09-24 12:51:07,795 [Worker-71: Building] WARN  o.apache.maven.project.MavenProject - Direct modification of compileSourceRoots through clear() is deprecated and will not work in Maven 4.0.0. Please use the add/remove methods instead. If you're using a plugin that causes this warning, please upgrade to the latest version and report an issue if the warning persists. To disable these warnings, set -Dmaven.project.sourceRoots.warningsDisabled=true on the command line, in the .mvn/maven.config file, or in project POM properties.
2026-09-24 12:51:07,796 [Worker-71: Building] WARN  o.apache.maven.project.MavenProject - Direct modification of compileSourceRoots through add() is deprecated and will not work in Maven 4.0.0. Please use the add/remove methods instead. If you're using a plugin that causes this warning, please upgrade to the latest version and report an issue if the warning persists. To disable these warnings, set -Dmaven.project.sourceRoots.warningsDisabled=true on the command line, in the .mvn/maven.config file, or in project POM properties.
2026-09-24 12:51:07,796 [Worker-71: Building] WARN  o.apache.maven.project.MavenProject - Direct modification of testCompileSourceRoots through clear() is deprecated and will not work in Maven 4.0.0. Please use the add/remove methods instead. If you're using a plugin that causes this warning, please upgrade to the latest version and report an issue if the warning persists. To disable these warnings, set -Dmaven.project.sourceRoots.warningsDisabled=true on the command line, in the .mvn/maven.config file, or in project POM properties.
2026-09-24 12:51:07,797 [Worker-71: Building] WARN  o.apache.maven.project.MavenProject - Direct modification of testCompileSourceRoots through add() is deprecated and will not work in Maven 4.0.0. Please use the add/remove methods instead. If you're using a plugin that causes this warning, please upgrade to the latest version and report an issue if the warning persists. To disable these warnings, set -Dmaven.project.sourceRoots.warningsDisabled=true on the command line, in the .mvn/maven.config file, or in project POM properties.
2026-09-24 13:07:49,371 [Worker-83: Building] INFO  o.a.m.s.f.DefaultMavenResourcesFiltering - skip non existing resourceDirectory C:\Users\Student-A\eclipse-workspace\calculator\src\main\resources
2026-09-24 13:07:49,373 [Worker-83: Building] INFO  o.a.m.s.f.DefaultMavenResourcesFiltering - skip non existing resourceDirectory C:\Users\Student-A\eclipse-workspace\calculator\src\test\resources
2026-09-24 13:07:49,373 [Worker-83: Building] WARN  o.apache.maven.project.MavenProject - Direct modification of compileSourceRoots through clear() is deprecated and will not work in Maven 4.0.0. Please use the add/remove methods instead. If you're using a plugin that causes this warning, please upgrade to the latest version and report an issue if the warning persists. To disable these warnings, set -Dmaven.project.sourceRoots.warningsDisabled=true on the command line, in the .mvn/maven.config file, or in project POM properties.
2026-09-24 13:07:49,374 [Worker-83: Building] WARN  o.apache.maven.project.MavenProject - Direct modification of compileSourceRoots through add() is deprecated and will not work in Maven 4.0.0. Please use the add/remove methods instead. If you're using a plugin that causes this warning, please upgrade to the latest version and report an issue if the warning persists. To disable these warnings, set -Dmaven.project.sourceRoots.warningsDisabled=true on the command line, in the .mvn/maven.config file, or in project POM properties.
2026-09-24 13:07:49,374 [Worker-83: Building] WARN  o.apache.maven.project.MavenProject - Direct modification of testCompileSourceRoots through clear() is deprecated and will not work in Maven 4.0.0. Please use the add/remove methods instead. If you're using a plugin that causes this warning, please upgrade to the latest version and report an issue if the warning persists. To disable these warnings, set -Dmaven.project.sourceRoots.warningsDisabled=true on the command line, in the .mvn/maven.config file, or in project POM properties.
2026-09-24 13:07:49,376 [Worker-83: Building] WARN  o.apache.maven.project.MavenProject - Direct modification of testCompileSourceRoots through add() is deprecated and will not work in Maven 4.0.0. Please use the add/remove methods instead. If you're using a plugin that causes this warning, please upgrade to the latest version and report an issue if the warning persists. To disable these warnings, set -Dmaven.project.sourceRoots.warningsDisabled=true on the command line, in the .mvn/maven.config file, or in project POM properties.
2026-09-24 13:17:26,643 [Worker-85: Building] INFO  o.a.m.s.f.DefaultMavenResourcesFiltering - skip non existing resourceDirectory C:\Users\Student-A\eclipse-workspace\calculator\src\main\resources
2026-09-24 13:17:26,644 [Worker-85: Building] INFO  o.a.m.s.f.DefaultMavenResourcesFiltering - skip non existing resourceDirectory C:\Users\Student-A\eclipse-workspace\calculator\src\test\resources
2026-09-24 13:17:26,644 [Worker-85: Building] WARN  o.apache.maven.project.MavenProject - Direct modification of compileSourceRoots through clear() is deprecated and will not work in Maven 4.0.0. Please use the add/remove methods instead. If you're using a plugin that causes this warning, please upgrade to the latest version and report an issue if the warning persists. To disable these warnings, set -Dmaven.project.sourceRoots.warningsDisabled=true on the command line, in the .mvn/maven.config file, or in project POM properties.
2026-09-24 13:17:26,645 [Worker-85: Building] WARN  o.apache.maven.project.MavenProject - Direct modification of compileSourceRoots through add() is deprecated and will not work in Maven 4.0.0. Please use the add/remove methods instead. If you're using a plugin that causes this warning, please upgrade to the latest version and report an issue if the warning persists. To disable these warnings, set -Dmaven.project.sourceRoots.warningsDisabled=true on the command line, in the .mvn/maven.config file, or in project POM properties.
2026-09-24 13:17:26,646 [Worker-85: Building] WARN  o.apache.maven.project.MavenProject - Direct modification of testCompileSourceRoots through clear() is deprecated and will not work in Maven 4.0.0. Please use the add/remove methods instead. If you're using a plugin that causes this warning, please upgrade to the latest version and report an issue if the warning persists. To disable these warnings, set -Dmaven.project.sourceRoots.warningsDisabled=true on the command line, in the .mvn/maven.config file, or in project POM properties.
2026-09-24 13:17:26,646 [Worker-85: Building] WARN  o.apache.maven.project.MavenProject - Direct modification of testCompileSourceRoots through add() is deprecated and will not work in Maven 4.0.0. Please use the add/remove methods instead. If you're using a plugin that causes this warning, please upgrade to the latest version and report an issue if the warning persists. To disable these warnings, set -Dmaven.project.sourceRoots.warningsDisabled=true on the command line, in the .mvn/maven.config file, or in project POM properties.
2026-09-24 13:18:43,943 [Worker-83: Building] INFO  o.a.m.s.f.DefaultMavenResourcesFiltering - skip non existing resourceDirectory C:\Users\Student-A\eclipse-workspace\calculator\src\main\resources
2026-09-24 13:18:43,945 [Worker-83: Building] INFO  o.a.m.s.f.DefaultMavenResourcesFiltering - skip non existing resourceDirectory C:\Users\Student-A\eclipse-workspace\calculator\src\test\resources
2026-09-24 13:18:43,945 [Worker-83: Building] WARN  o.apache.maven.project.MavenProject - Direct modification of compileSourceRoots through clear() is deprecated and will not work in Maven 4.0.0. Please use the add/remove methods instead. If you're using a plugin that causes this warning, please upgrade to the latest version and report an issue if the warning persists. To disable these warnings, set -Dmaven.project.sourceRoots.warningsDisabled=true on the command line, in the .mvn/maven.config file, or in project POM properties.
2026-09-24 13:18:43,946 [Worker-83: Building] WARN  o.apache.maven.project.MavenProject - Direct modification of compileSourceRoots through add() is deprecated and will not work in Maven 4.0.0. Please use the add/remove methods instead. If you're using a plugin that causes this warning, please upgrade to the latest version and report an issue if the warning persists. To disable these warnings, set -Dmaven.project.sourceRoots.warningsDisabled=true on the command line, in the .mvn/maven.config file, or in project POM properties.
2026-09-24 13:18:43,946 [Worker-83: Building] WARN  o.apache.maven.project.MavenProject - Direct modification of testCompileSourceRoots through clear() is deprecated and will not work in Maven 4.0.0. Please use the add/remove methods instead. If you're using a plugin that causes this warning, please upgrade to the latest version and report an issue if the warning persists. To disable these warnings, set -Dmaven.project.sourceRoots.warningsDisabled=true on the command line, in the .mvn/maven.config file, or in project POM properties.
2026-09-24 13:18:43,947 [Worker-83: Building] WARN  o.apache.maven.project.MavenProject - Direct modification of testCompileSourceRoots through add() is deprecated and will not work in Maven 4.0.0. Please use the add/remove methods instead. If you're using a plugin that causes this warning, please upgrade to the latest version and report an issue if the warning persists. To disable these warnings, set -Dmaven.project.sourceRoots.warningsDisabled=true on the command line, in the .mvn/maven.config file, or in project POM properties.
2026-09-24 15:20:55,765 [Worker-4: Loading available Gradle versions] INFO  o.e.b.c.i.u.g.PublishedGradleVersions - Gradle version information cache is out-of-date. Trying to update.
2026-09-25 14:30:48,723 [Worker-7: Loading available Gradle versions] INFO  o.e.b.c.i.u.g.PublishedGradleVersions - Gradle version information cache is up-to-date. Trying to read.
2026-09-26 09:12:17,765 [Worker-1: Loading available Gradle versions] INFO  o.e.b.c.i.u.g.PublishedGradleVersions - Gradle version information cache is out-of-date. Trying to update.
2026-09-26 09:12:18,470 [Worker-1: Loading available Gradle versions] INFO  o.e.b.c.i.u.g.PublishedGradleVersions - Updating Gradle version information cache failed. Using outdated cache.
2026-09-26 10:05:04,035 [Worker-60: Building] INFO  o.a.m.s.f.DefaultMavenResourcesFiltering - skip non existing resourceDirectory C:\Users\Student-A\eclipse-workspace\calculator\src\main\resources
2026-09-26 10:05:04,049 [Worker-60: Building] INFO  o.a.m.s.f.DefaultMavenResourcesFiltering - skip non existing resourceDirectory C:\Users\Student-A\eclipse-workspace\calculator\src\test\resources
2026-09-26 10:05:04,430 [Worker-60: Building] WARN  o.apache.maven.project.MavenProject - Direct modification of compileSourceRoots through clear() is deprecated and will not work in Maven 4.0.0. Please use the add/remove methods instead. If you're using a plugin that causes this warning, please upgrade to the latest version and report an issue if the warning persists. To disable these warnings, set -Dmaven.project.sourceRoots.warningsDisabled=true on the command line, in the .mvn/maven.config file, or in project POM properties.
2026-09-26 10:05:04,431 [Worker-60: Building] WARN  o.apache.maven.project.MavenProject - Direct modification of compileSourceRoots through add() is deprecated and will not work in Maven 4.0.0. Please use the add/remove methods instead. If you're using a plugin that causes this warning, please upgrade to the latest version and report an issue if the warning persists. To disable these warnings, set -Dmaven.project.sourceRoots.warningsDisabled=true on the command line, in the .mvn/maven.config file, or in project POM properties.
2026-09-26 10:05:04,432 [Worker-60: Building] WARN  o.apache.maven.project.MavenProject - Direct modification of testCompileSourceRoots through clear() is deprecated and will not work in Maven 4.0.0. Please use the add/remove methods instead. If you're using a plugin that causes this warning, please upgrade to the latest version and report an issue if the warning persists. To disable these warnings, set -Dmaven.project.sourceRoots.warningsDisabled=true on the command line, in the .mvn/maven.config file, or in project POM properties.
2026-09-26 10:05:04,433 [Worker-60: Building] WARN  o.apache.maven.project.MavenProject - Direct modification of testCompileSourceRoots through add() is deprecated and will not work in Maven 4.0.0. Please use the add/remove methods instead. If you're using a plugin that causes this warning, please upgrade to the latest version and report an issue if the warning persists. To disable these warnings, set -Dmaven.project.sourceRoots.warningsDisabled=true on the command line, in the .mvn/maven.config file, or in project POM properties.
2026-09-26 10:05:25,986 [Worker-62: Building] INFO  o.a.m.s.f.DefaultMavenResourcesFiltering - skip non existing resourceDirectory C:\Users\Student-A\eclipse-workspace\calculator\src\main\resources
2026-09-26 10:05:25,988 [Worker-62: Building] INFO  o.a.m.s.f.DefaultMavenResourcesFiltering - skip non existing resourceDirectory C:\Users\Student-A\eclipse-workspace\calculator\src\test\resources
2026-09-26 10:05:25,988 [Worker-62: Building] WARN  o.apache.maven.project.MavenProject - Direct modification of compileSourceRoots through clear() is deprecated and will not work in Maven 4.0.0. Please use the add/remove methods instead. If you're using a plugin that causes this warning, please upgrade to the latest version and report an issue if the warning persists. To disable these warnings, set -Dmaven.project.sourceRoots.warningsDisabled=true on the command line, in the .mvn/maven.config file, or in project POM properties.
2026-09-26 10:05:25,989 [Worker-62: Building] WARN  o.apache.maven.project.MavenProject - Direct modification of compileSourceRoots through add() is deprecated and will not work in Maven 4.0.0. Please use the add/remove methods instead. If you're using a plugin that causes this warning, please upgrade to the latest version and report an issue if the warning persists. To disable these warnings, set -Dmaven.project.sourceRoots.warningsDisabled=true on the command line, in the .mvn/maven.config file, or in project POM properties.
2026-09-26 10:05:25,989 [Worker-62: Building] WARN  o.apache.maven.project.MavenProject - Direct modification of testCompileSourceRoots through clear() is deprecated and will not work in Maven 4.0.0. Please use the add/remove methods instead. If you're using a plugin that causes this warning, please upgrade to the latest version and report an issue if the warning persists. To disable these warnings, set -Dmaven.project.sourceRoots.warningsDisabled=true on the command line, in the .mvn/maven.config file, or in project POM properties.
2026-09-26 10:05:25,990 [Worker-62: Building] WARN  o.apache.maven.project.MavenProject - Direct modification of testCompileSourceRoots through add() is deprecated and will not work in Maven 4.0.0. Please use the add/remove methods instead. If you're using a plugin that causes this warning, please upgrade to the latest version and report an issue if the warning persists. To disable these warnings, set -Dmaven.project.sourceRoots.warningsDisabled=true on the command line, in the .mvn/maven.config file, or in project POM properties.
2026-09-26 10:15:59,848 [Worker-68: Building] INFO  o.a.m.s.f.DefaultMavenResourcesFiltering - skip non existing resourceDirectory C:\Users\Student-A\eclipse-workspace\calculator\src\main\resources
2026-09-26 10:15:59,849 [Worker-68: Building] INFO  o.a.m.s.f.DefaultMavenResourcesFiltering - skip non existing resourceDirectory C:\Users\Student-A\eclipse-workspace\calculator\src\test\resources
2026-09-26 10:15:59,849 [Worker-68: Building] WARN  o.apache.maven.project.MavenProject - Direct modification of compileSourceRoots through clear() is deprecated and will not work in Maven 4.0.0. Please use the add/remove methods instead. If you're using a plugin that causes this warning, please upgrade to the latest version and report an issue if the warning persists. To disable these warnings, set -Dmaven.project.sourceRoots.warningsDisabled=true on the command line, in the .mvn/maven.config file, or in project POM properties.
2026-09-26 10:15:59,850 [Worker-68: Building] WARN  o.apache.maven.project.MavenProject - Direct modification of compileSourceRoots through add() is deprecated and will not work in Maven 4.0.0. Please use the add/remove methods instead. If you're using a plugin that causes this warning, please upgrade to the latest version and report an issue if the warning persists. To disable these warnings, set -Dmaven.project.sourceRoots.warningsDisabled=true on the command line, in the .mvn/maven.config file, or in project POM properties.
2026-09-26 10:15:59,851 [Worker-68: Building] WARN  o.apache.maven.project.MavenProject - Direct modification of testCompileSourceRoots through clear() is deprecated and will not work in Maven 4.0.0. Please use the add/remove methods instead. If you're using a plugin that causes this warning, please upgrade to the latest version and report an issue if the warning persists. To disable these warnings, set -Dmaven.project.sourceRoots.warningsDisabled=true on the command line, in the .mvn/maven.config file, or in project POM properties.
2026-09-26 10:15:59,851 [Worker-68: Building] WARN  o.apache.maven.project.MavenProject - Direct modification of testCompileSourceRoots through add() is deprecated and will not work in Maven 4.0.0. Please use the add/remove methods instead. If you're using a plugin that causes this warning, please upgrade to the latest version and report an issue if the warning persists. To disable these warnings, set -Dmaven.project.sourceRoots.warningsDisabled=true on the command line, in the .mvn/maven.config file, or in project POM properties.
